Year,Race,Sex,AgeGroup,HispanicOrigin,Population
1900,Nonwhite,Female,10 to 14,NA,557000
1900,Nonwhite,Female,15 to 19,NA,522000
1900,Nonwhite,Female,20 to 24,NA,529000
1900,Nonwhite,Female,25 to 29,NA,391000
1900,Nonwhite,Female,30 to 34,NA,273000
1900,Nonwhite,Female,35 to 39,NA,251000
1900,Nonwhite,Female,40 to 44,NA,197000
1900,Nonwhite,Female,45 to 49,NA,165000
1900,Nonwhite,Female,5 to 9,NA,618000
1900,Nonwhite,Female,50 to 54,NA,142000
1900,Nonwhite,Female,55 to 59,NA,86000
1900,Nonwhite,Female,60 to 64,NA,80000
1900,Nonwhite,Female,65 to 69,NA,50000
1900,Nonwhite,Female,70 to 74,NA,38000
1900,Nonwhite,Female,75 years and over,NA,48000
1900,Nonwhite,Female,Under 5,NA,629000
1900,Nonwhite,Male,10 to 14,NA,564000
1900,Nonwhite,Male,15 to 19,NA,494000
1900,Nonwhite,Male,20 to 24,NA,486000
1900,Nonwhite,Male,25 to 29,NA,386000
1900,Nonwhite,Male,30 to 34,NA,286000
1900,Nonwhite,Male,35 to 39,NA,260000
1900,Nonwhite,Male,40 to 44,NA,205000
1900,Nonwhite,Male,45 to 49,NA,188000
1900,Nonwhite,Male,5 to 9,NA,617000
1900,Nonwhite,Male,50 to 54,NA,171000
1900,Nonwhite,Male,55 to 59,NA,106000
1900,Nonwhite,Male,60 to 64,NA,92000
1900,Nonwhite,Male,65 to 69,NA,60000
1900,Nonwhite,Male,70 to 74,NA,37000
1900,Nonwhite,Male,75 years and over,NA,43000
1900,Nonwhite,Male,Under 5,NA,623000
1900,White,Female,10 to 14,NA,3443000
1900,White,Female,15 to 19,NA,3289000
1900,White,Female,20 to 24,NA,3201000
1900,White,Female,25 to 29,NA,2832000
1900,White,Female,30 to 34,NA,2395000
1900,White,Female,35 to 39,NA,2109000
1900,White,Female,40 to 44,NA,1806000
1900,White,Female,45 to 49,NA,1459000
1900,White,Female,5 to 9,NA,3779000
1900,White,Female,50 to 54,NA,1243000
1900,White,Female,55 to 59,NA,985000
1900,White,Female,60 to 64,NA,799000
1900,White,Female,65 to 69,NA,589000
1900,White,Female,70 to 74,NA,399000
1900,White,Female,75 years and over,NA,410000
1900,White,Female,Under 5,NA,3913000
1900,White,Male,10 to 14,NA,3522000
1900,White,Male,15 to 19,NA,3263000
1900,White,Male,20 to 24,NA,3167000
1900,White,Male,25 to 29,NA,2963000
1900,White,Male,30 to 34,NA,2635000
1900,White,Male,35 to 39,NA,2376000
1900,White,Male,40 to 44,NA,2069000
1900,White,Male,45 to 49,NA,1663000
1900,White,Male,5 to 9,NA,3866000
1900,White,Male,50 to 54,NA,1406000
1900,White,Male,55 to 59,NA,1047000
1900,White,Male,60 to 64,NA,831000
1900,White,Male,65 to 69,NA,613000
1900,White,Male,70 to 74,NA,414000
1900,White,Male,75 years and over,NA,398000
1900,White,Male,Under 5,NA,4016000
1901,Nonwhite,Female,10 to 14,NA,561000
1901,Nonwhite,Female,15 to 19,NA,526000
1901,Nonwhite,Female,20 to 24,NA,536000
1901,Nonwhite,Female,25 to 29,NA,402000
1901,Nonwhite,Female,30 to 34,NA,282000
1901,Nonwhite,Female,35 to 39,NA,257000
1901,Nonwhite,Female,40 to 44,NA,200000
1901,Nonwhite,Female,45 to 49,NA,168000
1901,Nonwhite,Female,5 to 9,NA,624000
1901,Nonwhite,Female,50 to 54,NA,143000
1901,Nonwhite,Female,55 to 59,NA,87000
1901,Nonwhite,Female,60 to 64,NA,81000
1901,Nonwhite,Female,65 to 69,NA,50000
1901,Nonwhite,Female,70 to 74,NA,38000
1901,Nonwhite,Female,75 years and over,NA,49000
1901,Nonwhite,Female,Under 5,NA,635000
1901,Nonwhite,Male,10 to 14,NA,566000
1901,Nonwhite,Male,15 to 19,NA,497000
1901,Nonwhite,Male,20 to 24,NA,493000
1901,Nonwhite,Male,25 to 29,NA,394000
1901,Nonwhite,Male,30 to 34,NA,292000
1901,Nonwhite,Male,35 to 39,NA,265000
1901,Nonwhite,Male,40 to 44,NA,207000
1901,Nonwhite,Male,45 to 49,NA,190000
1901,Nonwhite,Male,5 to 9,NA,622000
1901,Nonwhite,Male,50 to 54,NA,174000
1901,Nonwhite,Male,55 to 59,NA,109000
1901,Nonwhite,Male,60 to 64,NA,96000
1901,Nonwhite,Male,65 to 69,NA,62000
1901,Nonwhite,Male,70 to 74,NA,39000
1901,Nonwhite,Male,75 years and over,NA,44000
1901,Nonwhite,Male,Under 5,NA,628000
1901,White,Female,10 to 14,NA,3487000
1901,White,Female,15 to 19,NA,3349000
1901,White,Female,20 to 24,NA,3269000
1901,White,Female,25 to 29,NA,2894000
1901,White,Female,30 to 34,NA,2446000
1901,White,Female,35 to 39,NA,2166000
1901,White,Female,40 to 44,NA,1849000
1901,White,Female,45 to 49,NA,1495000
1901,White,Female,5 to 9,NA,3822000
1901,White,Female,50 to 54,NA,1277000
1901,White,Female,55 to 59,NA,1007000
1901,White,Female,60 to 64,NA,816000
1901,White,Female,65 to 69,NA,605000
1901,White,Female,70 to 74,NA,408000
1901,White,Female,75 years and over,NA,421000
1901,White,Female,Under 5,NA,3985000
1901,White,Male,10 to 14,NA,3567000
1901,White,Male,15 to 19,NA,3326000
1901,White,Male,20 to 24,NA,3246000
1901,White,Male,25 to 29,NA,3039000
1901,White,Male,30 to 34,NA,2693000
1901,White,Male,35 to 39,NA,2438000
1901,White,Male,40 to 44,NA,2122000
1901,White,Male,45 to 49,NA,1708000
1901,White,Male,5 to 9,NA,3909000
1901,White,Male,50 to 54,NA,1451000
1901,White,Male,55 to 59,NA,1076000
1901,White,Male,60 to 64,NA,850000
1901,White,Male,65 to 69,NA,628000
1901,White,Male,70 to 74,NA,422000
1901,White,Male,75 years and over,NA,408000
1901,White,Male,Under 5,NA,4088000
1902,Nonwhite,Female,10 to 14,NA,564000
1902,Nonwhite,Female,15 to 19,NA,531000
1902,Nonwhite,Female,20 to 24,NA,544000
1902,Nonwhite,Female,25 to 29,NA,410000
1902,Nonwhite,Female,30 to 34,NA,289000
1902,Nonwhite,Female,35 to 39,NA,263000
1902,Nonwhite,Female,40 to 44,NA,203000
1902,Nonwhite,Female,45 to 49,NA,170000
1902,Nonwhite,Female,5 to 9,NA,629000
1902,Nonwhite,Female,50 to 54,NA,146000
1902,Nonwhite,Female,55 to 59,NA,91000
1902,Nonwhite,Female,60 to 64,NA,81000
1902,Nonwhite,Female,65 to 69,NA,51000
1902,Nonwhite,Female,70 to 74,NA,38000
1902,Nonwhite,Female,75 years and over,NA,49000
1902,Nonwhite,Female,Under 5,NA,644000
1902,Nonwhite,Male,10 to 14,NA,569000
1902,Nonwhite,Male,15 to 19,NA,500000
1902,Nonwhite,Male,20 to 24,NA,498000
1902,Nonwhite,Male,25 to 29,NA,401000
1902,Nonwhite,Male,30 to 34,NA,301000
1902,Nonwhite,Male,35 to 39,NA,272000
1902,Nonwhite,Male,40 to 44,NA,211000
1902,Nonwhite,Male,45 to 49,NA,193000
1902,Nonwhite,Male,5 to 9,NA,625000
1902,Nonwhite,Male,50 to 54,NA,177000
1902,Nonwhite,Male,55 to 59,NA,111000
1902,Nonwhite,Male,60 to 64,NA,97000
1902,Nonwhite,Male,65 to 69,NA,62000
1902,Nonwhite,Male,70 to 74,NA,41000
1902,Nonwhite,Male,75 years and over,NA,44000
1902,Nonwhite,Male,Under 5,NA,636000
1902,White,Female,10 to 14,NA,3535000
1902,White,Female,15 to 19,NA,3413000
1902,White,Female,20 to 24,NA,3339000
1902,White,Female,25 to 29,NA,2959000
1902,White,Female,30 to 34,NA,2502000
1902,White,Female,35 to 39,NA,2225000
1902,White,Female,40 to 44,NA,1895000
1902,White,Female,45 to 49,NA,1535000
1902,White,Female,5 to 9,NA,3869000
1902,White,Female,50 to 54,NA,1311000
1902,White,Female,55 to 59,NA,1029000
1902,White,Female,60 to 64,NA,833000
1902,White,Female,65 to 69,NA,622000
1902,White,Female,70 to 74,NA,419000
1902,White,Female,75 years and over,NA,433000
1902,White,Female,Under 5,NA,4058000
1902,White,Male,10 to 14,NA,3613000
1902,White,Male,15 to 19,NA,3398000
1902,White,Male,20 to 24,NA,3332000
1902,White,Male,25 to 29,NA,3120000
1902,White,Male,30 to 34,NA,2755000
1902,White,Male,35 to 39,NA,2501000
1902,White,Male,40 to 44,NA,2175000
1902,White,Male,45 to 49,NA,1756000
1902,White,Male,5 to 9,NA,3956000
1902,White,Male,50 to 54,NA,1500000
1902,White,Male,55 to 59,NA,1107000
1902,White,Male,60 to 64,NA,871000
1902,White,Male,65 to 69,NA,646000
1902,White,Male,70 to 74,NA,432000
1902,White,Male,75 years and over,NA,419000
1902,White,Male,Under 5,NA,4164000
1903,Nonwhite,Female,10 to 14,NA,568000
1903,Nonwhite,Female,15 to 19,NA,536000
1903,Nonwhite,Female,20 to 24,NA,548000
1903,Nonwhite,Female,25 to 29,NA,419000
1903,Nonwhite,Female,30 to 34,NA,296000
1903,Nonwhite,Female,35 to 39,NA,269000
1903,Nonwhite,Female,40 to 44,NA,207000
1903,Nonwhite,Female,45 to 49,NA,173000
1903,Nonwhite,Female,5 to 9,NA,631000
1903,Nonwhite,Female,50 to 54,NA,147000
1903,Nonwhite,Female,55 to 59,NA,91000
1903,Nonwhite,Female,60 to 64,NA,83000
1903,Nonwhite,Female,65 to 69,NA,52000
1903,Nonwhite,Female,70 to 74,NA,39000
1903,Nonwhite,Female,75 years and over,NA,50000
1903,Nonwhite,Female,Under 5,NA,648000
1903,Nonwhite,Male,10 to 14,NA,571000
1903,Nonwhite,Male,15 to 19,NA,504000
1903,Nonwhite,Male,20 to 24,NA,503000
1903,Nonwhite,Male,25 to 29,NA,409000
1903,Nonwhite,Male,30 to 34,NA,307000
1903,Nonwhite,Male,35 to 39,NA,279000
1903,Nonwhite,Male,40 to 44,NA,215000
1903,Nonwhite,Male,45 to 49,NA,195000
1903,Nonwhite,Male,5 to 9,NA,627000
1903,Nonwhite,Male,50 to 54,NA,179000
1903,Nonwhite,Male,55 to 59,NA,113000
1903,Nonwhite,Male,60 to 64,NA,99000
1903,Nonwhite,Male,65 to 69,NA,64000
1903,Nonwhite,Male,70 to 74,NA,40000
1903,Nonwhite,Male,75 years and over,NA,45000
1903,Nonwhite,Male,Under 5,NA,641000
1903,White,Female,10 to 14,NA,3576000
1903,White,Female,15 to 19,NA,3477000
1903,White,Female,20 to 24,NA,3407000
1903,White,Female,25 to 29,NA,3019000
1903,White,Female,30 to 34,NA,2554000
1903,White,Female,35 to 39,NA,2282000
1903,White,Female,40 to 44,NA,1935000
1903,White,Female,45 to 49,NA,1575000
1903,White,Female,5 to 9,NA,3905000
1903,White,Female,50 to 54,NA,1347000
1903,White,Female,55 to 59,NA,1049000
1903,White,Female,60 to 64,NA,850000
1903,White,Female,65 to 69,NA,637000
1903,White,Female,70 to 74,NA,430000
1903,White,Female,75 years and over,NA,445000
1903,White,Female,Under 5,NA,4125000
1903,White,Male,10 to 14,NA,3654000
1903,White,Male,15 to 19,NA,3465000
1903,White,Male,20 to 24,NA,3418000
1903,White,Male,25 to 29,NA,3201000
1903,White,Male,30 to 34,NA,2814000
1903,White,Male,35 to 39,NA,2564000
1903,White,Male,40 to 44,NA,2223000
1903,White,Male,45 to 49,NA,1801000
1903,White,Male,5 to 9,NA,3992000
1903,White,Male,50 to 54,NA,1547000
1903,White,Male,55 to 59,NA,1137000
1903,White,Male,60 to 64,NA,891000
1903,White,Male,65 to 69,NA,661000
1903,White,Male,70 to 74,NA,442000
1903,White,Male,75 years and over,NA,430000
1903,White,Male,Under 5,NA,4231000
1904,Nonwhite,Female,10 to 14,NA,569000
1904,Nonwhite,Female,15 to 19,NA,540000
1904,Nonwhite,Female,20 to 24,NA,554000
1904,Nonwhite,Female,25 to 29,NA,428000
1904,Nonwhite,Female,30 to 34,NA,303000
1904,Nonwhite,Female,35 to 39,NA,275000
1904,Nonwhite,Female,40 to 44,NA,209000
1904,Nonwhite,Female,45 to 49,NA,175000
1904,Nonwhite,Female,5 to 9,NA,634000
1904,Nonwhite,Female,50 to 54,NA,148000
1904,Nonwhite,Female,55 to 59,NA,92000
1904,Nonwhite,Female,60 to 64,NA,85000
1904,Nonwhite,Female,65 to 69,NA,52000
1904,Nonwhite,Female,70 to 74,NA,40000
1904,Nonwhite,Female,75 years and over,NA,50000
1904,Nonwhite,Female,Under 5,NA,652000
1904,Nonwhite,Male,10 to 14,NA,574000
1904,Nonwhite,Male,15 to 19,NA,508000
1904,Nonwhite,Male,20 to 24,NA,504000
1904,Nonwhite,Male,25 to 29,NA,416000
1904,Nonwhite,Male,30 to 34,NA,316000
1904,Nonwhite,Male,35 to 39,NA,286000
1904,Nonwhite,Male,40 to 44,NA,221000
1904,Nonwhite,Male,45 to 49,NA,197000
1904,Nonwhite,Male,5 to 9,NA,629000
1904,Nonwhite,Male,50 to 54,NA,182000
1904,Nonwhite,Male,55 to 59,NA,115000
1904,Nonwhite,Male,60 to 64,NA,100000
1904,Nonwhite,Male,65 to 69,NA,65000
1904,Nonwhite,Male,70 to 74,NA,39000
1904,Nonwhite,Male,75 years and over,NA,45000
1904,Nonwhite,Male,Under 5,NA,643000
1904,White,Female,10 to 14,NA,3617000
1904,White,Female,15 to 19,NA,3544000
1904,White,Female,20 to 24,NA,3477000
1904,White,Female,25 to 29,NA,3081000
1904,White,Female,30 to 34,NA,2608000
1904,White,Female,35 to 39,NA,2343000
1904,White,Female,40 to 44,NA,1978000
1904,White,Female,45 to 49,NA,1615000
1904,White,Female,5 to 9,NA,3943000
1904,White,Female,50 to 54,NA,1384000
1904,White,Female,55 to 59,NA,1069000
1904,White,Female,60 to 64,NA,868000
1904,White,Female,65 to 69,NA,653000
1904,White,Female,70 to 74,NA,440000
1904,White,Female,75 years and over,NA,457000
1904,White,Female,Under 5,NA,4194000
1904,White,Male,10 to 14,NA,3700000
1904,White,Male,15 to 19,NA,3539000
1904,White,Male,20 to 24,NA,3512000
1904,White,Male,25 to 29,NA,3285000
1904,White,Male,30 to 34,NA,2878000
1904,White,Male,35 to 39,NA,2626000
1904,White,Male,40 to 44,NA,2273000
1904,White,Male,45 to 49,NA,1850000
1904,White,Male,5 to 9,NA,4031000
1904,White,Male,50 to 54,NA,1599000
1904,White,Male,55 to 59,NA,1168000
1904,White,Male,60 to 64,NA,913000
1904,White,Male,65 to 69,NA,680000
1904,White,Male,70 to 74,NA,452000
1904,White,Male,75 years and over,NA,441000
1904,White,Male,Under 5,NA,4302000
1905,Nonwhite,Female,10 to 14,NA,573000
1905,Nonwhite,Female,15 to 19,NA,546000
1905,Nonwhite,Female,20 to 24,NA,559000
1905,Nonwhite,Female,25 to 29,NA,436000
1905,Nonwhite,Female,30 to 34,NA,310000
1905,Nonwhite,Female,35 to 39,NA,283000
1905,Nonwhite,Female,40 to 44,NA,214000
1905,Nonwhite,Female,45 to 49,NA,178000
1905,Nonwhite,Female,5 to 9,NA,638000
1905,Nonwhite,Female,50 to 54,NA,149000
1905,Nonwhite,Female,55 to 59,NA,95000
1905,Nonwhite,Female,60 to 64,NA,86000
1905,Nonwhite,Female,65 to 69,NA,55000
1905,Nonwhite,Female,70 to 74,NA,41000
1905,Nonwhite,Female,75 years and over,NA,50000
1905,Nonwhite,Female,Under 5,NA,657000
1905,Nonwhite,Male,10 to 14,NA,576000
1905,Nonwhite,Male,15 to 19,NA,510000
1905,Nonwhite,Male,20 to 24,NA,509000
1905,Nonwhite,Male,25 to 29,NA,424000
1905,Nonwhite,Male,30 to 34,NA,322000
1905,Nonwhite,Male,35 to 39,NA,295000
1905,Nonwhite,Male,40 to 44,NA,225000
1905,Nonwhite,Male,45 to 49,NA,199000
1905,Nonwhite,Male,5 to 9,NA,632000
1905,Nonwhite,Male,50 to 54,NA,183000
1905,Nonwhite,Male,55 to 59,NA,117000
1905,Nonwhite,Male,60 to 64,NA,102000
1905,Nonwhite,Male,65 to 69,NA,66000
1905,Nonwhite,Male,70 to 74,NA,41000
1905,Nonwhite,Male,75 years and over,NA,45000
1905,Nonwhite,Male,Under 5,NA,647000
1905,White,Female,10 to 14,NA,3665000
1905,White,Female,15 to 19,NA,3615000
1905,White,Female,20 to 24,NA,3556000
1905,White,Female,25 to 29,NA,3147000
1905,White,Female,30 to 34,NA,2668000
1905,White,Female,35 to 39,NA,2404000
1905,White,Female,40 to 44,NA,2024000
1905,White,Female,45 to 49,NA,1662000
1905,White,Female,5 to 9,NA,3983000
1905,White,Female,50 to 54,NA,1426000
1905,White,Female,55 to 59,NA,1092000
1905,White,Female,60 to 64,NA,887000
1905,White,Female,65 to 69,NA,671000
1905,White,Female,70 to 74,NA,452000
1905,White,Female,75 years and over,NA,471000
1905,White,Female,Under 5,NA,4264000
1905,White,Male,10 to 14,NA,3748000
1905,White,Male,15 to 19,NA,3618000
1905,White,Male,20 to 24,NA,3613000
1905,White,Male,25 to 29,NA,3375000
1905,White,Male,30 to 34,NA,2949000
1905,White,Male,35 to 39,NA,2695000
1905,White,Male,40 to 44,NA,2321000
1905,White,Male,45 to 49,NA,1901000
1905,White,Male,5 to 9,NA,4073000
1905,White,Male,50 to 54,NA,1652000
1905,White,Male,55 to 59,NA,1200000
1905,White,Male,60 to 64,NA,938000
1905,White,Male,65 to 69,NA,697000
1905,White,Male,70 to 74,NA,463000
1905,White,Male,75 years and over,NA,453000
1905,White,Male,Under 5,NA,4376000
1906,Nonwhite,Female,10 to 14,NA,577000
1906,Nonwhite,Female,15 to 19,NA,550000
1906,Nonwhite,Female,20 to 24,NA,561000
1906,Nonwhite,Female,25 to 29,NA,445000
1906,Nonwhite,Female,30 to 34,NA,319000
1906,Nonwhite,Female,35 to 39,NA,291000
1906,Nonwhite,Female,40 to 44,NA,217000
1906,Nonwhite,Female,45 to 49,NA,180000
1906,Nonwhite,Female,5 to 9,NA,639000
1906,Nonwhite,Female,50 to 54,NA,150000
1906,Nonwhite,Female,55 to 59,NA,96000
1906,Nonwhite,Female,60 to 64,NA,86000
1906,Nonwhite,Female,65 to 69,NA,56000
1906,Nonwhite,Female,70 to 74,NA,41000
1906,Nonwhite,Female,75 years and over,NA,50000
1906,Nonwhite,Female,Under 5,NA,658000
1906,Nonwhite,Male,10 to 14,NA,579000
1906,Nonwhite,Male,15 to 19,NA,514000
1906,Nonwhite,Male,20 to 24,NA,511000
1906,Nonwhite,Male,25 to 29,NA,432000
1906,Nonwhite,Male,30 to 34,NA,331000
1906,Nonwhite,Male,35 to 39,NA,305000
1906,Nonwhite,Male,40 to 44,NA,230000
1906,Nonwhite,Male,45 to 49,NA,203000
1906,Nonwhite,Male,5 to 9,NA,633000
1906,Nonwhite,Male,50 to 54,NA,186000
1906,Nonwhite,Male,55 to 59,NA,119000
1906,Nonwhite,Male,60 to 64,NA,104000
1906,Nonwhite,Male,65 to 69,NA,66000
1906,Nonwhite,Male,70 to 74,NA,41000
1906,Nonwhite,Male,75 years and over,NA,46000
1906,Nonwhite,Male,Under 5,NA,651000
1906,White,Female,10 to 14,NA,3711000
1906,White,Female,15 to 19,NA,3689000
1906,White,Female,20 to 24,NA,3630000
1906,White,Female,25 to 29,NA,3212000
1906,White,Female,30 to 34,NA,2729000
1906,White,Female,35 to 39,NA,2466000
1906,White,Female,40 to 44,NA,2068000
1906,White,Female,45 to 49,NA,1707000
1906,White,Female,5 to 9,NA,4020000
1906,White,Female,50 to 54,NA,1468000
1906,White,Female,55 to 59,NA,1111000
1906,White,Female,60 to 64,NA,908000
1906,White,Female,65 to 69,NA,690000
1906,White,Female,70 to 74,NA,465000
1906,White,Female,75 years and over,NA,485000
1906,White,Female,Under 5,NA,4334000
1906,White,Male,10 to 14,NA,3795000
1906,White,Male,15 to 19,NA,3697000
1906,White,Male,20 to 24,NA,3712000
1906,White,Male,25 to 29,NA,3464000
1906,White,Male,30 to 34,NA,3020000
1906,White,Male,35 to 39,NA,2761000
1906,White,Male,40 to 44,NA,2367000
1906,White,Male,45 to 49,NA,1953000
1906,White,Male,5 to 9,NA,4113000
1906,White,Male,50 to 54,NA,1707000
1906,White,Male,55 to 59,NA,1232000
1906,White,Male,60 to 64,NA,965000
1906,White,Male,65 to 69,NA,716000
1906,White,Male,70 to 74,NA,474000
1906,White,Male,75 years and over,NA,465000
1906,White,Male,Under 5,NA,4449000
1907,Nonwhite,Female,10 to 14,NA,581000
1907,Nonwhite,Female,15 to 19,NA,552000
1907,Nonwhite,Female,20 to 24,NA,562000
1907,Nonwhite,Female,25 to 29,NA,452000
1907,Nonwhite,Female,30 to 34,NA,326000
1907,Nonwhite,Female,35 to 39,NA,299000
1907,Nonwhite,Female,40 to 44,NA,220000
1907,Nonwhite,Female,45 to 49,NA,183000
1907,Nonwhite,Female,5 to 9,NA,642000
1907,Nonwhite,Female,50 to 54,NA,150000
1907,Nonwhite,Female,55 to 59,NA,96000
1907,Nonwhite,Female,60 to 64,NA,86000
1907,Nonwhite,Female,65 to 69,NA,56000
1907,Nonwhite,Female,70 to 74,NA,41000
1907,Nonwhite,Female,75 years and over,NA,50000
1907,Nonwhite,Female,Under 5,NA,658000
1907,Nonwhite,Male,10 to 14,NA,582000
1907,Nonwhite,Male,15 to 19,NA,519000
1907,Nonwhite,Male,20 to 24,NA,511000
1907,Nonwhite,Male,25 to 29,NA,438000
1907,Nonwhite,Male,30 to 34,NA,339000
1907,Nonwhite,Male,35 to 39,NA,315000
1907,Nonwhite,Male,40 to 44,NA,235000
1907,Nonwhite,Male,45 to 49,NA,204000
1907,Nonwhite,Male,5 to 9,NA,634000
1907,Nonwhite,Male,50 to 54,NA,188000
1907,Nonwhite,Male,55 to 59,NA,120000
1907,Nonwhite,Male,60 to 64,NA,105000
1907,Nonwhite,Male,65 to 69,NA,69000
1907,Nonwhite,Male,70 to 74,NA,43000
1907,Nonwhite,Male,75 years and over,NA,46000
1907,Nonwhite,Male,Under 5,NA,651000
1907,White,Female,10 to 14,NA,3756000
1907,White,Female,15 to 19,NA,3757000
1907,White,Female,20 to 24,NA,3703000
1907,White,Female,25 to 29,NA,3275000
1907,White,Female,30 to 34,NA,2786000
1907,White,Female,35 to 39,NA,2525000
1907,White,Female,40 to 44,NA,2111000
1907,White,Female,45 to 49,NA,1754000
1907,White,Female,5 to 9,NA,4056000
1907,White,Female,50 to 54,NA,1511000
1907,White,Female,55 to 59,NA,1134000
1907,White,Female,60 to 64,NA,927000
1907,White,Female,65 to 69,NA,705000
1907,White,Female,70 to 74,NA,477000
1907,White,Female,75 years and over,NA,500000
1907,White,Female,Under 5,NA,4395000
1907,White,Male,10 to 14,NA,3840000
1907,White,Male,15 to 19,NA,3772000
1907,White,Male,20 to 24,NA,3808000
1907,White,Male,25 to 29,NA,3550000
1907,White,Male,30 to 34,NA,3091000
1907,White,Male,35 to 39,NA,2828000
1907,White,Male,40 to 44,NA,2412000
1907,White,Male,45 to 49,NA,2005000
1907,White,Male,5 to 9,NA,4148000
1907,White,Male,50 to 54,NA,1760000
1907,White,Male,55 to 59,NA,1265000
1907,White,Male,60 to 64,NA,991000
1907,White,Male,65 to 69,NA,735000
1907,White,Male,70 to 74,NA,485000
1907,White,Male,75 years and over,NA,477000
1907,White,Male,Under 5,NA,4516000
1908,Nonwhite,Female,10 to 14,NA,583000
1908,Nonwhite,Female,15 to 19,NA,557000
1908,Nonwhite,Female,20 to 24,NA,563000
1908,Nonwhite,Female,25 to 29,NA,460000
1908,Nonwhite,Female,30 to 34,NA,334000
1908,Nonwhite,Female,35 to 39,NA,307000
1908,Nonwhite,Female,40 to 44,NA,225000
1908,Nonwhite,Female,45 to 49,NA,186000
1908,Nonwhite,Female,5 to 9,NA,643000
1908,Nonwhite,Female,50 to 54,NA,151000
1908,Nonwhite,Female,55 to 59,NA,97000
1908,Nonwhite,Female,60 to 64,NA,87000
1908,Nonwhite,Female,65 to 69,NA,57000
1908,Nonwhite,Female,70 to 74,NA,41000
1908,Nonwhite,Female,75 years and over,NA,51000
1908,Nonwhite,Female,Under 5,NA,658000
1908,Nonwhite,Male,10 to 14,NA,587000
1908,Nonwhite,Male,15 to 19,NA,521000
1908,Nonwhite,Male,20 to 24,NA,513000
1908,Nonwhite,Male,25 to 29,NA,444000
1908,Nonwhite,Male,30 to 34,NA,348000
1908,Nonwhite,Male,35 to 39,NA,325000
1908,Nonwhite,Male,40 to 44,NA,240000
1908,Nonwhite,Male,45 to 49,NA,209000
1908,Nonwhite,Male,5 to 9,NA,636000
1908,Nonwhite,Male,50 to 54,NA,189000
1908,Nonwhite,Male,55 to 59,NA,122000
1908,Nonwhite,Male,60 to 64,NA,107000
1908,Nonwhite,Male,65 to 69,NA,70000
1908,Nonwhite,Male,70 to 74,NA,43000
1908,Nonwhite,Male,75 years and over,NA,46000
1908,Nonwhite,Male,Under 5,NA,652000
1908,White,Female,10 to 14,NA,3807000
1908,White,Female,15 to 19,NA,3832000
1908,White,Female,20 to 24,NA,3780000
1908,White,Female,25 to 29,NA,3343000
1908,White,Female,30 to 34,NA,2851000
1908,White,Female,35 to 39,NA,2591000
1908,White,Female,40 to 44,NA,2157000
1908,White,Female,45 to 49,NA,1805000
1908,White,Female,5 to 9,NA,4098000
1908,White,Female,50 to 54,NA,1555000
1908,White,Female,55 to 59,NA,1156000
1908,White,Female,60 to 64,NA,949000
1908,White,Female,65 to 69,NA,724000
1908,White,Female,70 to 74,NA,488000
1908,White,Female,75 years and over,NA,516000
1908,White,Female,Under 5,NA,4464000
1908,White,Male,10 to 14,NA,3894000
1908,White,Male,15 to 19,NA,3852000
1908,White,Male,20 to 24,NA,3908000
1908,White,Male,25 to 29,NA,3641000
1908,White,Male,30 to 34,NA,3164000
1908,White,Male,35 to 39,NA,2898000
1908,White,Male,40 to 44,NA,2459000
1908,White,Male,45 to 49,NA,2062000
1908,White,Male,5 to 9,NA,4192000
1908,White,Male,50 to 54,NA,1817000
1908,White,Male,55 to 59,NA,1301000
1908,White,Male,60 to 64,NA,1021000
1908,White,Male,65 to 69,NA,756000
1908,White,Male,70 to 74,NA,497000
1908,White,Male,75 years and over,NA,490000
1908,White,Male,Under 5,NA,4590000
1909,Nonwhite,Female,10 to 14,NA,589000
1909,Nonwhite,Female,15 to 19,NA,563000
1909,Nonwhite,Female,20 to 24,NA,563000
1909,Nonwhite,Female,25 to 29,NA,466000
1909,Nonwhite,Female,30 to 34,NA,341000
1909,Nonwhite,Female,35 to 39,NA,315000
1909,Nonwhite,Female,40 to 44,NA,231000
1909,Nonwhite,Female,45 to 49,NA,189000
1909,Nonwhite,Female,5 to 9,NA,644000
1909,Nonwhite,Female,50 to 54,NA,151000
1909,Nonwhite,Female,55 to 59,NA,97000
1909,Nonwhite,Female,60 to 64,NA,89000
1909,Nonwhite,Female,65 to 69,NA,57000
1909,Nonwhite,Female,70 to 74,NA,41000
1909,Nonwhite,Female,75 years and over,NA,51000
1909,Nonwhite,Female,Under 5,NA,657000
1909,Nonwhite,Male,10 to 14,NA,592000
1909,Nonwhite,Male,15 to 19,NA,525000
1909,Nonwhite,Male,20 to 24,NA,513000
1909,Nonwhite,Male,25 to 29,NA,450000
1909,Nonwhite,Male,30 to 34,NA,355000
1909,Nonwhite,Male,35 to 39,NA,336000
1909,Nonwhite,Male,40 to 44,NA,246000
1909,Nonwhite,Male,45 to 49,NA,214000
1909,Nonwhite,Male,5 to 9,NA,638000
1909,Nonwhite,Male,50 to 54,NA,192000
1909,Nonwhite,Male,55 to 59,NA,124000
1909,Nonwhite,Male,60 to 64,NA,109000
1909,Nonwhite,Male,65 to 69,NA,71000
1909,Nonwhite,Male,70 to 74,NA,43000
1909,Nonwhite,Male,75 years and over,NA,47000
1909,Nonwhite,Male,Under 5,NA,652000
1909,White,Female,10 to 14,NA,3864000
1909,White,Female,15 to 19,NA,3907000
1909,White,Female,20 to 24,NA,3859000
1909,White,Female,25 to 29,NA,3413000
1909,White,Female,30 to 34,NA,2919000
1909,White,Female,35 to 39,NA,2656000
1909,White,Female,40 to 44,NA,2206000
1909,White,Female,45 to 49,NA,1859000
1909,White,Female,5 to 9,NA,4147000
1909,White,Female,50 to 54,NA,1604000
1909,White,Female,55 to 59,NA,1182000
1909,White,Female,60 to 64,NA,972000
1909,White,Female,65 to 69,NA,744000
1909,White,Female,70 to 74,NA,502000
1909,White,Female,75 years and over,NA,532000
1909,White,Female,Under 5,NA,4535000
1909,White,Male,10 to 14,NA,3955000
1909,White,Male,15 to 19,NA,3933000
1909,White,Male,20 to 24,NA,4008000
1909,White,Male,25 to 29,NA,3734000
1909,White,Male,30 to 34,NA,3245000
1909,White,Male,35 to 39,NA,2974000
1909,White,Male,40 to 44,NA,2507000
1909,White,Male,45 to 49,NA,2119000
1909,White,Male,5 to 9,NA,4241000
1909,White,Male,50 to 54,NA,1876000
1909,White,Male,55 to 59,NA,1338000
1909,White,Male,60 to 64,NA,1053000
1909,White,Male,65 to 69,NA,777000
1909,White,Male,70 to 74,NA,509000
1909,White,Male,75 years and over,NA,504000
1909,White,Male,Under 5,NA,4665000
1910,Nonwhite,Female,10 to 14,NA,595000
1910,Nonwhite,Female,15 to 19,NA,569000
1910,Nonwhite,Female,20 to 24,NA,566000
1910,Nonwhite,Female,25 to 29,NA,475000
1910,Nonwhite,Female,30 to 34,NA,348000
1910,Nonwhite,Female,35 to 39,NA,325000
1910,Nonwhite,Female,40 to 44,NA,233000
1910,Nonwhite,Female,45 to 49,NA,194000
1910,Nonwhite,Female,5 to 9,NA,649000
1910,Nonwhite,Female,50 to 54,NA,153000
1910,Nonwhite,Female,55 to 59,NA,99000
1910,Nonwhite,Female,60 to 64,NA,90000
1910,Nonwhite,Female,65 to 69,NA,57000
1910,Nonwhite,Female,70 to 74,NA,41000
1910,Nonwhite,Female,75 years and over,NA,51000
1910,Nonwhite,Female,Under 5,NA,656000
1910,Nonwhite,Male,10 to 14,NA,597000
1910,Nonwhite,Male,15 to 19,NA,529000
1910,Nonwhite,Male,20 to 24,NA,514000
1910,Nonwhite,Male,25 to 29,NA,456000
1910,Nonwhite,Male,30 to 34,NA,364000
1910,Nonwhite,Male,35 to 39,NA,348000
1910,Nonwhite,Male,40 to 44,NA,253000
1910,Nonwhite,Male,45 to 49,NA,222000
1910,Nonwhite,Male,5 to 9,NA,640000
1910,Nonwhite,Male,50 to 54,NA,197000
1910,Nonwhite,Male,55 to 59,NA,126000
1910,Nonwhite,Male,60 to 64,NA,109000
1910,Nonwhite,Male,65 to 69,NA,72000
1910,Nonwhite,Male,70 to 74,NA,43000
1910,Nonwhite,Male,75 years and over,NA,47000
1910,Nonwhite,Male,Under 5,NA,652000
1910,White,Female,10 to 14,NA,3931000
1910,White,Female,15 to 19,NA,3983000
1910,White,Female,20 to 24,NA,3938000
1910,White,Female,25 to 29,NA,3488000
1910,White,Female,30 to 34,NA,2992000
1910,White,Female,35 to 39,NA,2729000
1910,White,Female,40 to 44,NA,2261000
1910,White,Female,45 to 49,NA,1915000
1910,White,Female,5 to 9,NA,4208000
1910,White,Female,50 to 54,NA,1652000
1910,White,Female,55 to 59,NA,1210000
1910,White,Female,60 to 64,NA,1000000
1910,White,Female,65 to 69,NA,763000
1910,White,Female,70 to 74,NA,516000
1910,White,Female,75 years and over,NA,552000
1910,White,Female,Under 5,NA,4614000
1910,White,Male,10 to 14,NA,4024000
1910,White,Male,15 to 19,NA,4014000
1910,White,Male,20 to 24,NA,4099000
1910,White,Male,25 to 29,NA,3824000
1910,White,Male,30 to 34,NA,3327000
1910,White,Male,35 to 39,NA,3051000
1910,White,Male,40 to 44,NA,2559000
1910,White,Male,45 to 49,NA,2185000
1910,White,Male,5 to 9,NA,4306000
1910,White,Male,50 to 54,NA,1936000
1910,White,Male,55 to 59,NA,1378000
1910,White,Male,60 to 64,NA,1089000
1910,White,Male,65 to 69,NA,800000
1910,White,Male,70 to 74,NA,524000
1910,White,Male,75 years and over,NA,520000
1910,White,Male,Under 5,NA,4749000
1911,Nonwhite,Female,10 to 14,NA,599000
1911,Nonwhite,Female,15 to 19,NA,571000
1911,Nonwhite,Female,20 to 24,NA,568000
1911,Nonwhite,Female,25 to 29,NA,479000
1911,Nonwhite,Female,30 to 34,NA,354000
1911,Nonwhite,Female,35 to 39,NA,333000
1911,Nonwhite,Female,40 to 44,NA,238000
1911,Nonwhite,Female,45 to 49,NA,196000
1911,Nonwhite,Female,5 to 9,NA,649000
1911,Nonwhite,Female,50 to 54,NA,153000
1911,Nonwhite,Female,55 to 59,NA,100000
1911,Nonwhite,Female,60 to 64,NA,90000
1911,Nonwhite,Female,65 to 69,NA,60000
1911,Nonwhite,Female,70 to 74,NA,41000
1911,Nonwhite,Female,75 years and over,NA,51000
1911,Nonwhite,Female,Under 5,NA,655000
1911,Nonwhite,Male,10 to 14,NA,602000
1911,Nonwhite,Male,15 to 19,NA,530000
1911,Nonwhite,Male,20 to 24,NA,514000
1911,Nonwhite,Male,25 to 29,NA,460000
1911,Nonwhite,Male,30 to 34,NA,365000
1911,Nonwhite,Male,35 to 39,NA,355000
1911,Nonwhite,Male,40 to 44,NA,257000
1911,Nonwhite,Male,45 to 49,NA,229000
1911,Nonwhite,Male,5 to 9,NA,640000
1911,Nonwhite,Male,50 to 54,NA,199000
1911,Nonwhite,Male,55 to 59,NA,128000
1911,Nonwhite,Male,60 to 64,NA,112000
1911,Nonwhite,Male,65 to 69,NA,73000
1911,Nonwhite,Male,70 to 74,NA,43000
1911,Nonwhite,Male,75 years and over,NA,47000
1911,Nonwhite,Male,Under 5,NA,648000
1911,White,Female,10 to 14,NA,3991000
1911,White,Female,15 to 19,NA,4017000
1911,White,Female,20 to 24,NA,3980000
1911,White,Female,25 to 29,NA,3554000
1911,White,Female,30 to 34,NA,3054000
1911,White,Female,35 to 39,NA,2789000
1911,White,Female,40 to 44,NA,2308000
1911,White,Female,45 to 49,NA,1964000
1911,White,Female,5 to 9,NA,4274000
1911,White,Female,50 to 54,NA,1691000
1911,White,Female,55 to 59,NA,1238000
1911,White,Female,60 to 64,NA,1028000
1911,White,Female,65 to 69,NA,779000
1911,White,Female,70 to 74,NA,526000
1911,White,Female,75 years and over,NA,567000
1911,White,Female,Under 5,NA,4676000
1911,White,Male,10 to 14,NA,4088000
1911,White,Male,15 to 19,NA,4045000
1911,White,Male,20 to 24,NA,4130000
1911,White,Male,25 to 29,NA,3878000
1911,White,Male,30 to 34,NA,3386000
1911,White,Male,35 to 39,NA,3121000
1911,White,Male,40 to 44,NA,2602000
1911,White,Male,45 to 49,NA,2244000
1911,White,Male,5 to 9,NA,4371000
1911,White,Male,50 to 54,NA,1981000
1911,White,Male,55 to 59,NA,1414000
1911,White,Male,60 to 64,NA,1124000
1911,White,Male,65 to 69,NA,820000
1911,White,Male,70 to 74,NA,536000
1911,White,Male,75 years and over,NA,531000
1911,White,Male,Under 5,NA,4817000
1912,Nonwhite,Female,10 to 14,NA,604000
1912,Nonwhite,Female,15 to 19,NA,574000
1912,Nonwhite,Female,20 to 24,NA,568000
1912,Nonwhite,Female,25 to 29,NA,484000
1912,Nonwhite,Female,30 to 34,NA,357000
1912,Nonwhite,Female,35 to 39,NA,341000
1912,Nonwhite,Female,40 to 44,NA,244000
1912,Nonwhite,Female,45 to 49,NA,201000
1912,Nonwhite,Female,5 to 9,NA,650000
1912,Nonwhite,Female,50 to 54,NA,154000
1912,Nonwhite,Female,55 to 59,NA,101000
1912,Nonwhite,Female,60 to 64,NA,91000
1912,Nonwhite,Female,65 to 69,NA,58000
1912,Nonwhite,Female,70 to 74,NA,42000
1912,Nonwhite,Female,75 years and over,NA,52000
1912,Nonwhite,Female,Under 5,NA,647000
1912,Nonwhite,Male,10 to 14,NA,605000
1912,Nonwhite,Male,15 to 19,NA,531000
1912,Nonwhite,Male,20 to 24,NA,513000
1912,Nonwhite,Male,25 to 29,NA,460000
1912,Nonwhite,Male,30 to 34,NA,365000
1912,Nonwhite,Male,35 to 39,NA,364000
1912,Nonwhite,Male,40 to 44,NA,262000
1912,Nonwhite,Male,45 to 49,NA,241000
1912,Nonwhite,Male,5 to 9,NA,640000
1912,Nonwhite,Male,50 to 54,NA,205000
1912,Nonwhite,Male,55 to 59,NA,129000
1912,Nonwhite,Male,60 to 64,NA,114000
1912,Nonwhite,Male,65 to 69,NA,74000
1912,Nonwhite,Male,70 to 74,NA,44000
1912,Nonwhite,Male,75 years and over,NA,48000
1912,Nonwhite,Male,Under 5,NA,644000
1912,White,Female,10 to 14,NA,4060000
1912,White,Female,15 to 19,NA,4049000
1912,White,Female,20 to 24,NA,4017000
1912,White,Female,25 to 29,NA,3618000
1912,White,Female,30 to 34,NA,3114000
1912,White,Female,35 to 39,NA,2850000
1912,White,Female,40 to 44,NA,2358000
1912,White,Female,45 to 49,NA,2013000
1912,White,Female,5 to 9,NA,4344000
1912,White,Female,50 to 54,NA,1731000
1912,White,Female,55 to 59,NA,1270000
1912,White,Female,60 to 64,NA,1057000
1912,White,Female,65 to 69,NA,796000
1912,White,Female,70 to 74,NA,540000
1912,White,Female,75 years and over,NA,583000
1912,White,Female,Under 5,NA,4742000
1912,White,Male,10 to 14,NA,4157000
1912,White,Male,15 to 19,NA,4074000
1912,White,Male,20 to 24,NA,4151000
1912,White,Male,25 to 29,NA,3929000
1912,White,Male,30 to 34,NA,3445000
1912,White,Male,35 to 39,NA,3187000
1912,White,Male,40 to 44,NA,2646000
1912,White,Male,45 to 49,NA,2307000
1912,White,Male,5 to 9,NA,4443000
1912,White,Male,50 to 54,NA,2023000
1912,White,Male,55 to 59,NA,1450000
1912,White,Male,60 to 64,NA,1160000
1912,White,Male,65 to 69,NA,840000
1912,White,Male,70 to 74,NA,548000
1912,White,Male,75 years and over,NA,544000
1912,White,Male,Under 5,NA,4882000
1913,Nonwhite,Female,10 to 14,NA,611000
1913,Nonwhite,Female,15 to 19,NA,577000
1913,Nonwhite,Female,20 to 24,NA,573000
1913,Nonwhite,Female,25 to 29,NA,489000
1913,Nonwhite,Female,30 to 34,NA,363000
1913,Nonwhite,Female,35 to 39,NA,351000
1913,Nonwhite,Female,40 to 44,NA,251000
1913,Nonwhite,Female,45 to 49,NA,205000
1913,Nonwhite,Female,5 to 9,NA,654000
1913,Nonwhite,Female,50 to 54,NA,159000
1913,Nonwhite,Female,55 to 59,NA,101000
1913,Nonwhite,Female,60 to 64,NA,91000
1913,Nonwhite,Female,65 to 69,NA,61000
1913,Nonwhite,Female,70 to 74,NA,41000
1913,Nonwhite,Female,75 years and over,NA,52000
1913,Nonwhite,Female,Under 5,NA,647000
1913,Nonwhite,Male,10 to 14,NA,612000
1913,Nonwhite,Male,15 to 19,NA,533000
1913,Nonwhite,Male,20 to 24,NA,514000
1913,Nonwhite,Male,25 to 29,NA,460000
1913,Nonwhite,Male,30 to 34,NA,368000
1913,Nonwhite,Male,35 to 39,NA,373000
1913,Nonwhite,Male,40 to 44,NA,269000
1913,Nonwhite,Male,45 to 49,NA,252000
1913,Nonwhite,Male,5 to 9,NA,646000
1913,Nonwhite,Male,50 to 54,NA,211000
1913,Nonwhite,Male,55 to 59,NA,132000
1913,Nonwhite,Male,60 to 64,NA,114000
1913,Nonwhite,Male,65 to 69,NA,75000
1913,Nonwhite,Male,70 to 74,NA,44000
1913,Nonwhite,Male,75 years and over,NA,48000
1913,Nonwhite,Male,Under 5,NA,643000
1913,White,Female,10 to 14,NA,4149000
1913,White,Female,15 to 19,NA,4093000
1913,White,Female,20 to 24,NA,4068000
1913,White,Female,25 to 29,NA,3697000
1913,White,Female,30 to 34,NA,3191000
1913,White,Female,35 to 39,NA,2924000
1913,White,Female,40 to 44,NA,2420000
1913,White,Female,45 to 49,NA,2076000
1913,White,Female,5 to 9,NA,4443000
1913,White,Female,50 to 54,NA,1779000
1913,White,Female,55 to 59,NA,1312000
1913,White,Female,60 to 64,NA,1093000
1913,White,Female,65 to 69,NA,816000
1913,White,Female,70 to 74,NA,555000
1913,White,Female,75 years and over,NA,603000
1913,White,Female,Under 5,NA,4823000
1913,White,Male,10 to 14,NA,4247000
1913,White,Male,15 to 19,NA,4113000
1913,White,Male,20 to 24,NA,4178000
1913,White,Male,25 to 29,NA,3988000
1913,White,Male,30 to 34,NA,3514000
1913,White,Male,35 to 39,NA,3272000
1913,White,Male,40 to 44,NA,2702000
1913,White,Male,45 to 49,NA,2380000
1913,White,Male,5 to 9,NA,4542000
1913,White,Male,50 to 54,NA,2073000
1913,White,Male,55 to 59,NA,1495000
1913,White,Male,60 to 64,NA,1204000
1913,White,Male,65 to 69,NA,863000
1913,White,Male,70 to 74,NA,563000
1913,White,Male,75 years and over,NA,560000
1913,White,Male,Under 5,NA,4969000
1914,Nonwhite,Female,10 to 14,NA,617000
1914,Nonwhite,Female,15 to 19,NA,580000
1914,Nonwhite,Female,20 to 24,NA,577000
1914,Nonwhite,Female,25 to 29,NA,495000
1914,Nonwhite,Female,30 to 34,NA,369000
1914,Nonwhite,Female,35 to 39,NA,361000
1914,Nonwhite,Female,40 to 44,NA,259000
1914,Nonwhite,Female,45 to 49,NA,211000
1914,Nonwhite,Female,5 to 9,NA,658000
1914,Nonwhite,Female,50 to 54,NA,161000
1914,Nonwhite,Female,55 to 59,NA,102000
1914,Nonwhite,Female,60 to 64,NA,91000
1914,Nonwhite,Female,65 to 69,NA,61000
1914,Nonwhite,Female,70 to 74,NA,41000
1914,Nonwhite,Female,75 years and over,NA,53000
1914,Nonwhite,Female,Under 5,NA,644000
1914,Nonwhite,Male,10 to 14,NA,619000
1914,Nonwhite,Male,15 to 19,NA,534000
1914,Nonwhite,Male,20 to 24,NA,517000
1914,Nonwhite,Male,25 to 29,NA,461000
1914,Nonwhite,Male,30 to 34,NA,369000
1914,Nonwhite,Male,35 to 39,NA,382000
1914,Nonwhite,Male,40 to 44,NA,275000
1914,Nonwhite,Male,45 to 49,NA,268000
1914,Nonwhite,Male,5 to 9,NA,649000
1914,Nonwhite,Male,50 to 54,NA,215000
1914,Nonwhite,Male,55 to 59,NA,133000
1914,Nonwhite,Male,60 to 64,NA,116000
1914,Nonwhite,Male,65 to 69,NA,77000
1914,Nonwhite,Male,70 to 74,NA,46000
1914,Nonwhite,Male,75 years and over,NA,50000
1914,Nonwhite,Male,Under 5,NA,640000
1914,White,Female,10 to 14,NA,4242000
1914,White,Female,15 to 19,NA,4133000
1914,White,Female,20 to 24,NA,4113000
1914,White,Female,25 to 29,NA,3779000
1914,White,Female,30 to 34,NA,3268000
1914,White,Female,35 to 39,NA,2999000
1914,White,Female,40 to 44,NA,2485000
1914,White,Female,45 to 49,NA,2138000
1914,White,Female,5 to 9,NA,4545000
1914,White,Female,50 to 54,NA,1827000
1914,White,Female,55 to 59,NA,1353000
1914,White,Female,60 to 64,NA,1128000
1914,White,Female,65 to 69,NA,836000
1914,White,Female,70 to 74,NA,571000
1914,White,Female,75 years and over,NA,623000
1914,White,Female,Under 5,NA,4908000
1914,White,Male,10 to 14,NA,4340000
1914,White,Male,15 to 19,NA,4145000
1914,White,Male,20 to 24,NA,4197000
1914,White,Male,25 to 29,NA,4044000
1914,White,Male,30 to 34,NA,3585000
1914,White,Male,35 to 39,NA,3355000
1914,White,Male,40 to 44,NA,2759000
1914,White,Male,45 to 49,NA,2456000
1914,White,Male,5 to 9,NA,4646000
1914,White,Male,50 to 54,NA,2122000
1914,White,Male,55 to 59,NA,1539000
1914,White,Male,60 to 64,NA,1249000
1914,White,Male,65 to 69,NA,889000
1914,White,Male,70 to 74,NA,579000
1914,White,Male,75 years and over,NA,575000
1914,White,Male,Under 5,NA,5052000
1915,Nonwhite,Female,10 to 14,NA,623000
1915,Nonwhite,Female,15 to 19,NA,583000
1915,Nonwhite,Female,20 to 24,NA,578000
1915,Nonwhite,Female,25 to 29,NA,498000
1915,Nonwhite,Female,30 to 34,NA,371000
1915,Nonwhite,Female,35 to 39,NA,369000
1915,Nonwhite,Female,40 to 44,NA,266000
1915,Nonwhite,Female,45 to 49,NA,214000
1915,Nonwhite,Female,5 to 9,NA,658000
1915,Nonwhite,Female,50 to 54,NA,163000
1915,Nonwhite,Female,55 to 59,NA,101000
1915,Nonwhite,Female,60 to 64,NA,91000
1915,Nonwhite,Female,65 to 69,NA,63000
1915,Nonwhite,Female,70 to 74,NA,43000
1915,Nonwhite,Female,75 years and over,NA,53000
1915,Nonwhite,Female,Under 5,NA,639000
1915,Nonwhite,Male,10 to 14,NA,623000
1915,Nonwhite,Male,15 to 19,NA,537000
1915,Nonwhite,Male,20 to 24,NA,516000
1915,Nonwhite,Male,25 to 29,NA,460000
1915,Nonwhite,Male,30 to 34,NA,368000
1915,Nonwhite,Male,35 to 39,NA,390000
1915,Nonwhite,Male,40 to 44,NA,279000
1915,Nonwhite,Male,45 to 49,NA,281000
1915,Nonwhite,Male,5 to 9,NA,651000
1915,Nonwhite,Male,50 to 54,NA,221000
1915,Nonwhite,Male,55 to 59,NA,134000
1915,Nonwhite,Male,60 to 64,NA,117000
1915,Nonwhite,Male,65 to 69,NA,77000
1915,Nonwhite,Male,70 to 74,NA,48000
1915,Nonwhite,Male,75 years and over,NA,51000
1915,Nonwhite,Male,Under 5,NA,632000
1915,White,Female,10 to 14,NA,4320000
1915,White,Female,15 to 19,NA,4151000
1915,White,Female,20 to 24,NA,4138000
1915,White,Female,25 to 29,NA,3839000
1915,White,Female,30 to 34,NA,3333000
1915,White,Female,35 to 39,NA,3061000
1915,White,Female,40 to 44,NA,2539000
1915,White,Female,45 to 49,NA,2191000
1915,White,Female,5 to 9,NA,4631000
1915,White,Female,50 to 54,NA,1865000
1915,White,Female,55 to 59,NA,1392000
1915,White,Female,60 to 64,NA,1162000
1915,White,Female,65 to 69,NA,852000
1915,White,Female,70 to 74,NA,582000
1915,White,Female,75 years and over,NA,641000
1915,White,Female,Under 5,NA,4963000
1915,White,Male,10 to 14,NA,4420000
1915,White,Male,15 to 19,NA,4157000
1915,White,Male,20 to 24,NA,4184000
1915,White,Male,25 to 29,NA,4076000
1915,White,Male,30 to 34,NA,3635000
1915,White,Male,35 to 39,NA,3421000
1915,White,Male,40 to 44,NA,2805000
1915,White,Male,45 to 49,NA,2523000
1915,White,Male,5 to 9,NA,4734000
1915,White,Male,50 to 54,NA,2160000
1915,White,Male,55 to 59,NA,1579000
1915,White,Male,60 to 64,NA,1290000
1915,White,Male,65 to 69,NA,909000
1915,White,Male,70 to 74,NA,593000
1915,White,Male,75 years and over,NA,589000
1915,White,Male,Under 5,NA,5113000
1916,Nonwhite,Female,10 to 14,NA,629000
1916,Nonwhite,Female,15 to 19,NA,584000
1916,Nonwhite,Female,20 to 24,NA,581000
1916,Nonwhite,Female,25 to 29,NA,500000
1916,Nonwhite,Female,30 to 34,NA,374000
1916,Nonwhite,Female,35 to 39,NA,378000
1916,Nonwhite,Female,40 to 44,NA,272000
1916,Nonwhite,Female,45 to 49,NA,221000
1916,Nonwhite,Female,5 to 9,NA,659000
1916,Nonwhite,Female,50 to 54,NA,167000
1916,Nonwhite,Female,55 to 59,NA,104000
1916,Nonwhite,Female,60 to 64,NA,91000
1916,Nonwhite,Female,65 to 69,NA,61000
1916,Nonwhite,Female,70 to 74,NA,43000
1916,Nonwhite,Female,75 years and over,NA,54000
1916,Nonwhite,Female,Under 5,NA,632000
1916,Nonwhite,Male,10 to 14,NA,626000
1916,Nonwhite,Male,15 to 19,NA,537000
1916,Nonwhite,Male,20 to 24,NA,516000
1916,Nonwhite,Male,25 to 29,NA,458000
1916,Nonwhite,Male,30 to 34,NA,367000
1916,Nonwhite,Male,35 to 39,NA,394000
1916,Nonwhite,Male,40 to 44,NA,285000
1916,Nonwhite,Male,45 to 49,NA,297000
1916,Nonwhite,Male,5 to 9,NA,653000
1916,Nonwhite,Male,50 to 54,NA,224000
1916,Nonwhite,Male,55 to 59,NA,134000
1916,Nonwhite,Male,60 to 64,NA,119000
1916,Nonwhite,Male,65 to 69,NA,78000
1916,Nonwhite,Male,70 to 74,NA,48000
1916,Nonwhite,Male,75 years and over,NA,53000
1916,Nonwhite,Male,Under 5,NA,626000
1916,White,Female,10 to 14,NA,4397000
1916,White,Female,15 to 19,NA,4164000
1916,White,Female,20 to 24,NA,4160000
1916,White,Female,25 to 29,NA,3901000
1916,White,Female,30 to 34,NA,3394000
1916,White,Female,35 to 39,NA,3122000
1916,White,Female,40 to 44,NA,2596000
1916,White,Female,45 to 49,NA,2245000
1916,White,Female,5 to 9,NA,4721000
1916,White,Female,50 to 54,NA,1906000
1916,White,Female,55 to 59,NA,1431000
1916,White,Female,60 to 64,NA,1196000
1916,White,Female,65 to 69,NA,870000
1916,White,Female,70 to 74,NA,597000
1916,White,Female,75 years and over,NA,659000
1916,White,Female,Under 5,NA,5018000
1916,White,Male,10 to 14,NA,4498000
1916,White,Male,15 to 19,NA,4164000
1916,White,Male,20 to 24,NA,4166000
1916,White,Male,25 to 29,NA,4100000
1916,White,Male,30 to 34,NA,3682000
1916,White,Male,35 to 39,NA,3489000
1916,White,Male,40 to 44,NA,2852000
1916,White,Male,45 to 49,NA,2587000
1916,White,Male,5 to 9,NA,4825000
1916,White,Male,50 to 54,NA,2199000
1916,White,Male,55 to 59,NA,1619000
1916,White,Male,60 to 64,NA,1332000
1916,White,Male,65 to 69,NA,932000
1916,White,Male,70 to 74,NA,606000
1916,White,Male,75 years and over,NA,602000
1916,White,Male,Under 5,NA,5166000
1917,Nonwhite,Female,10 to 14,NA,634000
1917,Nonwhite,Female,15 to 19,NA,586000
1917,Nonwhite,Female,20 to 24,NA,584000
1917,Nonwhite,Female,25 to 29,NA,502000
1917,Nonwhite,Female,30 to 34,NA,377000
1917,Nonwhite,Female,35 to 39,NA,386000
1917,Nonwhite,Female,40 to 44,NA,279000
1917,Nonwhite,Female,45 to 49,NA,226000
1917,Nonwhite,Female,5 to 9,NA,659000
1917,Nonwhite,Female,50 to 54,NA,169000
1917,Nonwhite,Female,55 to 59,NA,104000
1917,Nonwhite,Female,60 to 64,NA,91000
1917,Nonwhite,Female,65 to 69,NA,63000
1917,Nonwhite,Female,70 to 74,NA,45000
1917,Nonwhite,Female,75 years and over,NA,55000
1917,Nonwhite,Female,Under 5,NA,624000
1917,Nonwhite,Male,10 to 14,NA,631000
1917,Nonwhite,Male,15 to 19,NA,536000
1917,Nonwhite,Male,20 to 24,NA,515000
1917,Nonwhite,Male,25 to 29,NA,455000
1917,Nonwhite,Male,30 to 34,NA,365000
1917,Nonwhite,Male,35 to 39,NA,402000
1917,Nonwhite,Male,40 to 44,NA,290000
1917,Nonwhite,Male,45 to 49,NA,309000
1917,Nonwhite,Male,5 to 9,NA,654000
1917,Nonwhite,Male,50 to 54,NA,232000
1917,Nonwhite,Male,55 to 59,NA,138000
1917,Nonwhite,Male,60 to 64,NA,119000
1917,Nonwhite,Male,65 to 69,NA,80000
1917,Nonwhite,Male,70 to 74,NA,51000
1917,Nonwhite,Male,75 years and over,NA,52000
1917,Nonwhite,Male,Under 5,NA,620000
1917,White,Female,10 to 14,NA,4478000
1917,White,Female,15 to 19,NA,4179000
1917,White,Female,20 to 24,NA,4177000
1917,White,Female,25 to 29,NA,3959000
1917,White,Female,30 to 34,NA,3456000
1917,White,Female,35 to 39,NA,3184000
1917,White,Female,40 to 44,NA,2653000
1917,White,Female,45 to 49,NA,2301000
1917,White,Female,5 to 9,NA,4813000
1917,White,Female,50 to 54,NA,1945000
1917,White,Female,55 to 59,NA,1475000
1917,White,Female,60 to 64,NA,1233000
1917,White,Female,65 to 69,NA,887000
1917,White,Female,70 to 74,NA,611000
1917,White,Female,75 years and over,NA,677000
1917,White,Female,Under 5,NA,5068000
1917,White,Male,10 to 14,NA,4581000
1917,White,Male,15 to 19,NA,4165000
1917,White,Male,20 to 24,NA,4094000
1917,White,Male,25 to 29,NA,4081000
1917,White,Male,30 to 34,NA,3718000
1917,White,Male,35 to 39,NA,3554000
1917,White,Male,40 to 44,NA,2899000
1917,White,Male,45 to 49,NA,2652000
1917,White,Male,5 to 9,NA,4919000
1917,White,Male,50 to 54,NA,2234000
1917,White,Male,55 to 59,NA,1660000
1917,White,Male,60 to 64,NA,1374000
1917,White,Male,65 to 69,NA,953000
1917,White,Male,70 to 74,NA,623000
1917,White,Male,75 years and over,NA,617000
1917,White,Male,Under 5,NA,5215000
1918,Nonwhite,Female,10 to 14,NA,638000
1918,Nonwhite,Female,15 to 19,NA,589000
1918,Nonwhite,Female,20 to 24,NA,586000
1918,Nonwhite,Female,25 to 29,NA,504000
1918,Nonwhite,Female,30 to 34,NA,379000
1918,Nonwhite,Female,35 to 39,NA,394000
1918,Nonwhite,Female,40 to 44,NA,284000
1918,Nonwhite,Female,45 to 49,NA,233000
1918,Nonwhite,Female,5 to 9,NA,661000
1918,Nonwhite,Female,50 to 54,NA,174000
1918,Nonwhite,Female,55 to 59,NA,104000
1918,Nonwhite,Female,60 to 64,NA,91000
1918,Nonwhite,Female,65 to 69,NA,63000
1918,Nonwhite,Female,70 to 74,NA,46000
1918,Nonwhite,Female,75 years and over,NA,56000
1918,Nonwhite,Female,Under 5,NA,620000
1918,Nonwhite,Male,10 to 14,NA,636000
1918,Nonwhite,Male,15 to 19,NA,534000
1918,Nonwhite,Male,20 to 24,NA,486000
1918,Nonwhite,Male,25 to 29,NA,438000
1918,Nonwhite,Male,30 to 34,NA,363000
1918,Nonwhite,Male,35 to 39,NA,407000
1918,Nonwhite,Male,40 to 44,NA,295000
1918,Nonwhite,Male,45 to 49,NA,325000
1918,Nonwhite,Male,5 to 9,NA,657000
1918,Nonwhite,Male,50 to 54,NA,236000
1918,Nonwhite,Male,55 to 59,NA,139000
1918,Nonwhite,Male,60 to 64,NA,120000
1918,Nonwhite,Male,65 to 69,NA,81000
1918,Nonwhite,Male,70 to 74,NA,51000
1918,Nonwhite,Male,75 years and over,NA,53000
1918,Nonwhite,Male,Under 5,NA,613000
1918,White,Female,10 to 14,NA,4562000
1918,White,Female,15 to 19,NA,4191000
1918,White,Female,20 to 24,NA,4194000
1918,White,Female,25 to 29,NA,4017000
1918,White,Female,30 to 34,NA,3517000
1918,White,Female,35 to 39,NA,3248000
1918,White,Female,40 to 44,NA,2712000
1918,White,Female,45 to 49,NA,2355000
1918,White,Female,5 to 9,NA,4903000
1918,White,Female,50 to 54,NA,1986000
1918,White,Female,55 to 59,NA,1515000
1918,White,Female,60 to 64,NA,1269000
1918,White,Female,65 to 69,NA,908000
1918,White,Female,70 to 74,NA,627000
1918,White,Female,75 years and over,NA,696000
1918,White,Female,Under 5,NA,5112000
1918,White,Male,10 to 14,NA,4663000
1918,White,Male,15 to 19,NA,4115000
1918,White,Male,20 to 24,NA,3376000
1918,White,Male,25 to 29,NA,3614000
1918,White,Male,30 to 34,NA,3613000
1918,White,Male,35 to 39,NA,3599000
1918,White,Male,40 to 44,NA,2940000
1918,White,Male,45 to 49,NA,2715000
1918,White,Male,5 to 9,NA,5012000
1918,White,Male,50 to 54,NA,2269000
1918,White,Male,55 to 59,NA,1700000
1918,White,Male,60 to 64,NA,1418000
1918,White,Male,65 to 69,NA,975000
1918,White,Male,70 to 74,NA,640000
1918,White,Male,75 years and over,NA,630000
1918,White,Male,Under 5,NA,5261000
1919,Nonwhite,Female,10 to 14,NA,636000
1919,Nonwhite,Female,15 to 19,NA,583000
1919,Nonwhite,Female,20 to 24,NA,582000
1919,Nonwhite,Female,25 to 29,NA,502000
1919,Nonwhite,Female,30 to 34,NA,379000
1919,Nonwhite,Female,35 to 39,NA,399000
1919,Nonwhite,Female,40 to 44,NA,289000
1919,Nonwhite,Female,45 to 49,NA,234000
1919,Nonwhite,Female,5 to 9,NA,656000
1919,Nonwhite,Female,50 to 54,NA,174000
1919,Nonwhite,Female,55 to 59,NA,104000
1919,Nonwhite,Female,60 to 64,NA,91000
1919,Nonwhite,Female,65 to 69,NA,61000
1919,Nonwhite,Female,70 to 74,NA,47000
1919,Nonwhite,Female,75 years and over,NA,56000
1919,Nonwhite,Female,Under 5,NA,606000
1919,Nonwhite,Male,10 to 14,NA,632000
1919,Nonwhite,Male,15 to 19,NA,530000
1919,Nonwhite,Male,20 to 24,NA,494000
1919,Nonwhite,Male,25 to 29,NA,446000
1919,Nonwhite,Male,30 to 34,NA,357000
1919,Nonwhite,Male,35 to 39,NA,407000
1919,Nonwhite,Male,40 to 44,NA,297000
1919,Nonwhite,Male,45 to 49,NA,334000
1919,Nonwhite,Male,5 to 9,NA,653000
1919,Nonwhite,Male,50 to 54,NA,240000
1919,Nonwhite,Male,55 to 59,NA,139000
1919,Nonwhite,Male,60 to 64,NA,120000
1919,Nonwhite,Male,65 to 69,NA,80000
1919,Nonwhite,Male,70 to 74,NA,51000
1919,Nonwhite,Male,75 years and over,NA,53000
1919,Nonwhite,Male,Under 5,NA,598000
1919,White,Female,10 to 14,NA,4591000
1919,White,Female,15 to 19,NA,4161000
1919,White,Female,20 to 24,NA,4162000
1919,White,Female,25 to 29,NA,4026000
1919,White,Female,30 to 34,NA,3537000
1919,White,Female,35 to 39,NA,3274000
1919,White,Female,40 to 44,NA,2742000
1919,White,Female,45 to 49,NA,2384000
1919,White,Female,5 to 9,NA,4940000
1919,White,Female,50 to 54,NA,2005000
1919,White,Female,55 to 59,NA,1544000
1919,White,Female,60 to 64,NA,1292000
1919,White,Female,65 to 69,NA,918000
1919,White,Female,70 to 74,NA,637000
1919,White,Female,75 years and over,NA,708000
1919,White,Female,Under 5,NA,5091000
1919,White,Male,10 to 14,NA,4692000
1919,White,Male,15 to 19,NA,4120000
1919,White,Male,20 to 24,NA,3833000
1919,White,Male,25 to 29,NA,3944000
1919,White,Male,30 to 34,NA,3721000
1919,White,Male,35 to 39,NA,3635000
1919,White,Male,40 to 44,NA,2965000
1919,White,Male,45 to 49,NA,2752000
1919,White,Male,5 to 9,NA,5049000
1919,White,Male,50 to 54,NA,2279000
1919,White,Male,55 to 59,NA,1723000
1919,White,Male,60 to 64,NA,1443000
1919,White,Male,65 to 69,NA,989000
1919,White,Male,70 to 74,NA,649000
1919,White,Male,75 years and over,NA,637000
1919,White,Male,Under 5,NA,5241000
1920,Nonwhite,Female,10 to 14,NA,628000
1920,Nonwhite,Female,15 to 19,NA,597000
1920,Nonwhite,Female,20 to 24,NA,576000
1920,Nonwhite,Female,25 to 29,NA,527000
1920,Nonwhite,Female,30 to 34,NA,383000
1920,Nonwhite,Female,35 to 39,NA,392000
1920,Nonwhite,Female,40 to 44,NA,309000
1920,Nonwhite,Female,45 to 49,NA,229000
1920,Nonwhite,Female,5 to 9,NA,658000
1920,Nonwhite,Female,50 to 54,NA,180000
1920,Nonwhite,Female,55 to 59,NA,112000
1920,Nonwhite,Female,60 to 64,NA,90000
1920,Nonwhite,Female,65 to 69,NA,61000
1920,Nonwhite,Female,70 to 74,NA,46000
1920,Nonwhite,Female,75 years and over,NA,54000
1920,Nonwhite,Female,Under 5,NA,605000
1920,Nonwhite,Male,10 to 14,NA,623000
1920,Nonwhite,Male,15 to 19,NA,550000
1920,Nonwhite,Male,20 to 24,NA,504000
1920,Nonwhite,Male,25 to 29,NA,467000
1920,Nonwhite,Male,30 to 34,NA,355000
1920,Nonwhite,Male,35 to 39,NA,406000
1920,Nonwhite,Male,40 to 44,NA,325000
1920,Nonwhite,Male,45 to 49,NA,316000
1920,Nonwhite,Male,5 to 9,NA,659000
1920,Nonwhite,Male,50 to 54,NA,248000
1920,Nonwhite,Male,55 to 59,NA,149000
1920,Nonwhite,Male,60 to 64,NA,118000
1920,Nonwhite,Male,65 to 69,NA,81000
1920,Nonwhite,Male,70 to 74,NA,50000
1920,Nonwhite,Male,75 years and over,NA,52000
1920,Nonwhite,Male,Under 5,NA,601000
1920,White,Female,10 to 14,NA,4652000
1920,White,Female,15 to 19,NA,4225000
1920,White,Female,20 to 24,NA,4132000
1920,White,Female,25 to 29,NA,4150000
1920,White,Female,30 to 34,NA,3579000
1920,White,Female,35 to 39,NA,3322000
1920,White,Female,40 to 44,NA,2824000
1920,White,Female,45 to 49,NA,2412000
1920,White,Female,5 to 9,NA,5042000
1920,White,Female,50 to 54,NA,2050000
1920,White,Female,55 to 59,NA,1583000
1920,White,Female,60 to 64,NA,1332000
1920,White,Female,65 to 69,NA,933000
1920,White,Female,70 to 74,NA,645000
1920,White,Female,75 years and over,NA,705000
1920,White,Female,Under 5,NA,5137000
1920,White,Male,10 to 14,NA,4732000
1920,White,Male,15 to 19,NA,4210000
1920,White,Male,20 to 24,NA,4027000
1920,White,Male,25 to 29,NA,4177000
1920,White,Male,30 to 34,NA,3778000
1920,White,Male,35 to 39,NA,3723000
1920,White,Male,40 to 44,NA,3081000
1920,White,Male,45 to 49,NA,2736000
1920,White,Male,5 to 9,NA,5164000
1920,White,Male,50 to 54,NA,2334000
1920,White,Male,55 to 59,NA,1752000
1920,White,Male,60 to 64,NA,1483000
1920,White,Male,65 to 69,NA,1003000
1920,White,Male,70 to 74,NA,661000
1920,White,Male,75 years and over,NA,638000
1920,White,Male,Under 5,NA,5288000
1921,Nonwhite,Female,10 to 14,NA,641000
1921,Nonwhite,Female,15 to 19,NA,604000
1921,Nonwhite,Female,20 to 24,NA,572000
1921,Nonwhite,Female,25 to 29,NA,542000
1921,Nonwhite,Female,30 to 34,NA,396000
1921,Nonwhite,Female,35 to 39,NA,390000
1921,Nonwhite,Female,40 to 44,NA,321000
1921,Nonwhite,Female,45 to 49,NA,234000
1921,Nonwhite,Female,5 to 9,NA,663000
1921,Nonwhite,Female,50 to 54,NA,184000
1921,Nonwhite,Female,55 to 59,NA,116000
1921,Nonwhite,Female,60 to 64,NA,91000
1921,Nonwhite,Female,65 to 69,NA,65000
1921,Nonwhite,Female,70 to 74,NA,47000
1921,Nonwhite,Female,75 years and over,NA,56000
1921,Nonwhite,Female,Under 5,NA,618000
1921,Nonwhite,Male,10 to 14,NA,633000
1921,Nonwhite,Male,15 to 19,NA,563000
1921,Nonwhite,Male,20 to 24,NA,507000
1921,Nonwhite,Male,25 to 29,NA,482000
1921,Nonwhite,Male,30 to 34,NA,363000
1921,Nonwhite,Male,35 to 39,NA,404000
1921,Nonwhite,Male,40 to 44,NA,331000
1921,Nonwhite,Male,45 to 49,NA,311000
1921,Nonwhite,Male,5 to 9,NA,656000
1921,Nonwhite,Male,50 to 54,NA,255000
1921,Nonwhite,Male,55 to 59,NA,156000
1921,Nonwhite,Male,60 to 64,NA,118000
1921,Nonwhite,Male,65 to 69,NA,83000
1921,Nonwhite,Male,70 to 74,NA,51000
1921,Nonwhite,Male,75 years and over,NA,53000
1921,Nonwhite,Male,Under 5,NA,616000
1921,White,Female,10 to 14,NA,4766000
1921,White,Female,15 to 19,NA,4325000
1921,White,Female,20 to 24,NA,4162000
1921,White,Female,25 to 29,NA,4232000
1921,White,Female,30 to 34,NA,3663000
1921,White,Female,35 to 39,NA,3382000
1921,White,Female,40 to 44,NA,2905000
1921,White,Female,45 to 49,NA,2468000
1921,White,Female,5 to 9,NA,5101000
1921,White,Female,50 to 54,NA,2109000
1921,White,Female,55 to 59,NA,1635000
1921,White,Female,60 to 64,NA,1368000
1921,White,Female,65 to 69,NA,973000
1921,White,Female,70 to 74,NA,661000
1921,White,Female,75 years and over,NA,719000
1921,White,Female,Under 5,NA,5237000
1921,White,Male,10 to 14,NA,4839000
1921,White,Male,15 to 19,NA,4325000
1921,White,Male,20 to 24,NA,4082000
1921,White,Male,25 to 29,NA,4249000
1921,White,Male,30 to 34,NA,3820000
1921,White,Male,35 to 39,NA,3766000
1921,White,Male,40 to 44,NA,3166000
1921,White,Male,45 to 49,NA,2756000
1921,White,Male,5 to 9,NA,5216000
1921,White,Male,50 to 54,NA,2404000
1921,White,Male,55 to 59,NA,1803000
1921,White,Male,60 to 64,NA,1504000
1921,White,Male,65 to 69,NA,1044000
1921,White,Male,70 to 74,NA,675000
1921,White,Male,75 years and over,NA,653000
1921,White,Male,Under 5,NA,5408000
1922,Nonwhite,Female,10 to 14,NA,653000
1922,Nonwhite,Female,15 to 19,NA,613000
1922,Nonwhite,Female,20 to 24,NA,571000
1922,Nonwhite,Female,25 to 29,NA,546000
1922,Nonwhite,Female,30 to 34,NA,418000
1922,Nonwhite,Female,35 to 39,NA,384000
1922,Nonwhite,Female,40 to 44,NA,334000
1922,Nonwhite,Female,45 to 49,NA,241000
1922,Nonwhite,Female,5 to 9,NA,666000
1922,Nonwhite,Female,50 to 54,NA,186000
1922,Nonwhite,Female,55 to 59,NA,124000
1922,Nonwhite,Female,60 to 64,NA,90000
1922,Nonwhite,Female,65 to 69,NA,65000
1922,Nonwhite,Female,70 to 74,NA,47000
1922,Nonwhite,Female,75 years and over,NA,57000
1922,Nonwhite,Female,Under 5,NA,628000
1922,Nonwhite,Male,10 to 14,NA,641000
1922,Nonwhite,Male,15 to 19,NA,575000
1922,Nonwhite,Male,20 to 24,NA,511000
1922,Nonwhite,Male,25 to 29,NA,489000
1922,Nonwhite,Male,30 to 34,NA,381000
1922,Nonwhite,Male,35 to 39,NA,393000
1922,Nonwhite,Male,40 to 44,NA,344000
1922,Nonwhite,Male,45 to 49,NA,306000
1922,Nonwhite,Male,5 to 9,NA,655000
1922,Nonwhite,Male,50 to 54,NA,259000
1922,Nonwhite,Male,55 to 59,NA,166000
1922,Nonwhite,Male,60 to 64,NA,117000
1922,Nonwhite,Male,65 to 69,NA,84000
1922,Nonwhite,Male,70 to 74,NA,52000
1922,Nonwhite,Male,75 years and over,NA,54000
1922,Nonwhite,Male,Under 5,NA,631000
1922,White,Female,10 to 14,NA,4849000
1922,White,Female,15 to 19,NA,4429000
1922,White,Female,20 to 24,NA,4197000
1922,White,Female,25 to 29,NA,4247000
1922,White,Female,30 to 34,NA,3769000
1922,White,Female,35 to 39,NA,3415000
1922,White,Female,40 to 44,NA,2983000
1922,White,Female,45 to 49,NA,2526000
1922,White,Female,5 to 9,NA,5148000
1922,White,Female,50 to 54,NA,2158000
1922,White,Female,55 to 59,NA,1699000
1922,White,Female,60 to 64,NA,1394000
1922,White,Female,65 to 69,NA,1020000
1922,White,Female,70 to 74,NA,678000
1922,White,Female,75 years and over,NA,734000
1922,White,Female,Under 5,NA,5294000
1922,White,Male,10 to 14,NA,4917000
1922,White,Male,15 to 19,NA,4412000
1922,White,Male,20 to 24,NA,4094000
1922,White,Male,25 to 29,NA,4220000
1922,White,Male,30 to 34,NA,3854000
1922,White,Male,35 to 39,NA,3722000
1922,White,Male,40 to 44,NA,3248000
1922,White,Male,45 to 49,NA,2756000
1922,White,Male,5 to 9,NA,5259000
1922,White,Male,50 to 54,NA,2467000
1922,White,Male,55 to 59,NA,1868000
1922,White,Male,60 to 64,NA,1493000
1922,White,Male,65 to 69,NA,1086000
1922,White,Male,70 to 74,NA,687000
1922,White,Male,75 years and over,NA,667000
1922,White,Male,Under 5,NA,5478000
1923,Nonwhite,Female,10 to 14,NA,660000
1923,Nonwhite,Female,15 to 19,NA,624000
1923,Nonwhite,Female,20 to 24,NA,575000
1923,Nonwhite,Female,25 to 29,NA,542000
1923,Nonwhite,Female,30 to 34,NA,451000
1923,Nonwhite,Female,35 to 39,NA,374000
1923,Nonwhite,Female,40 to 44,NA,344000
1923,Nonwhite,Female,45 to 49,NA,250000
1923,Nonwhite,Female,5 to 9,NA,668000
1923,Nonwhite,Female,50 to 54,NA,186000
1923,Nonwhite,Female,55 to 59,NA,135000
1923,Nonwhite,Female,60 to 64,NA,91000
1923,Nonwhite,Female,65 to 69,NA,67000
1923,Nonwhite,Female,70 to 74,NA,45000
1923,Nonwhite,Female,75 years and over,NA,58000
1923,Nonwhite,Female,Under 5,NA,637000
1923,Nonwhite,Male,10 to 14,NA,646000
1923,Nonwhite,Male,15 to 19,NA,589000
1923,Nonwhite,Male,20 to 24,NA,520000
1923,Nonwhite,Male,25 to 29,NA,488000
1923,Nonwhite,Male,30 to 34,NA,410000
1923,Nonwhite,Male,35 to 39,NA,375000
1923,Nonwhite,Male,40 to 44,NA,360000
1923,Nonwhite,Male,45 to 49,NA,302000
1923,Nonwhite,Male,5 to 9,NA,654000
1923,Nonwhite,Male,50 to 54,NA,260000
1923,Nonwhite,Male,55 to 59,NA,178000
1923,Nonwhite,Male,60 to 64,NA,114000
1923,Nonwhite,Male,65 to 69,NA,85000
1923,Nonwhite,Male,70 to 74,NA,54000
1923,Nonwhite,Male,75 years and over,NA,55000
1923,Nonwhite,Male,Under 5,NA,640000
1923,White,Female,10 to 14,NA,4936000
1923,White,Female,15 to 19,NA,4536000
1923,White,Female,20 to 24,NA,4243000
1923,White,Female,25 to 29,NA,4226000
1923,White,Female,30 to 34,NA,3911000
1923,White,Female,35 to 39,NA,3446000
1923,White,Female,40 to 44,NA,3069000
1923,White,Female,45 to 49,NA,2590000
1923,White,Female,5 to 9,NA,5203000
1923,White,Female,50 to 54,NA,2194000
1923,White,Female,55 to 59,NA,1772000
1923,White,Female,60 to 64,NA,1411000
1923,White,Female,65 to 69,NA,1069000
1923,White,Female,70 to 74,NA,697000
1923,White,Female,75 years and over,NA,750000
1923,White,Female,Under 5,NA,5326000
1923,White,Male,10 to 14,NA,5003000
1923,White,Male,15 to 19,NA,4525000
1923,White,Male,20 to 24,NA,4186000
1923,White,Male,25 to 29,NA,4202000
1923,White,Male,30 to 34,NA,4001000
1923,White,Male,35 to 39,NA,3734000
1923,White,Male,40 to 44,NA,3364000
1923,White,Male,45 to 49,NA,2799000
1923,White,Male,5 to 9,NA,5319000
1923,White,Male,50 to 54,NA,2487000
1923,White,Male,55 to 59,NA,1960000
1923,White,Male,60 to 64,NA,1504000
1923,White,Male,65 to 69,NA,1141000
1923,White,Male,70 to 74,NA,707000
1923,White,Male,75 years and over,NA,683000
1923,White,Male,Under 5,NA,5516000
1924,Nonwhite,Female,10 to 14,NA,667000
1924,Nonwhite,Female,15 to 19,NA,639000
1924,Nonwhite,Female,20 to 24,NA,584000
1924,Nonwhite,Female,25 to 29,NA,531000
1924,Nonwhite,Female,30 to 34,NA,481000
1924,Nonwhite,Female,35 to 39,NA,368000
1924,Nonwhite,Female,40 to 44,NA,353000
1924,Nonwhite,Female,45 to 49,NA,261000
1924,Nonwhite,Female,5 to 9,NA,664000
1924,Nonwhite,Female,50 to 54,NA,184000
1924,Nonwhite,Female,55 to 59,NA,141000
1924,Nonwhite,Female,60 to 64,NA,90000
1924,Nonwhite,Female,65 to 69,NA,68000
1924,Nonwhite,Female,70 to 74,NA,46000
1924,Nonwhite,Female,75 years and over,NA,60000
1924,Nonwhite,Female,Under 5,NA,652000
1924,Nonwhite,Male,10 to 14,NA,648000
1924,Nonwhite,Male,15 to 19,NA,602000
1924,Nonwhite,Male,20 to 24,NA,533000
1924,Nonwhite,Male,25 to 29,NA,480000
1924,Nonwhite,Male,30 to 34,NA,441000
1924,Nonwhite,Male,35 to 39,NA,361000
1924,Nonwhite,Male,40 to 44,NA,374000
1924,Nonwhite,Male,45 to 49,NA,305000
1924,Nonwhite,Male,5 to 9,NA,652000
1924,Nonwhite,Male,50 to 54,NA,256000
1924,Nonwhite,Male,55 to 59,NA,189000
1924,Nonwhite,Male,60 to 64,NA,116000
1924,Nonwhite,Male,65 to 69,NA,87000
1924,Nonwhite,Male,70 to 74,NA,54000
1924,Nonwhite,Male,75 years and over,NA,56000
1924,Nonwhite,Male,Under 5,NA,654000
1924,White,Female,10 to 14,NA,5019000
1924,White,Female,15 to 19,NA,4664000
1924,White,Female,20 to 24,NA,4324000
1924,White,Female,25 to 29,NA,4207000
1924,White,Female,30 to 34,NA,4057000
1924,White,Female,35 to 39,NA,3496000
1924,White,Female,40 to 44,NA,3151000
1924,White,Female,45 to 49,NA,2668000
1924,White,Female,5 to 9,NA,5247000
1924,White,Female,50 to 54,NA,2233000
1924,White,Female,55 to 59,NA,1843000
1924,White,Female,60 to 64,NA,1434000
1924,White,Female,65 to 69,NA,1118000
1924,White,Female,70 to 74,NA,722000
1924,White,Female,75 years and over,NA,769000
1924,White,Female,Under 5,NA,5383000
1924,White,Male,10 to 14,NA,5085000
1924,White,Male,15 to 19,NA,4658000
1924,White,Male,20 to 24,NA,4310000
1924,White,Male,25 to 29,NA,4197000
1924,White,Male,30 to 34,NA,4163000
1924,White,Male,35 to 39,NA,3767000
1924,White,Male,40 to 44,NA,3467000
1924,White,Male,45 to 49,NA,2877000
1924,White,Male,5 to 9,NA,5376000
1924,White,Male,50 to 54,NA,2494000
1924,White,Male,55 to 59,NA,2048000
1924,White,Male,60 to 64,NA,1526000
1924,White,Male,65 to 69,NA,1190000
1924,White,Male,70 to 74,NA,737000
1924,White,Male,75 years and over,NA,702000
1924,White,Male,Under 5,NA,5580000
1925,Nonwhite,Female,10 to 14,NA,673000
1925,Nonwhite,Female,15 to 19,NA,657000
1925,Nonwhite,Female,20 to 24,NA,597000
1925,Nonwhite,Female,25 to 29,NA,521000
1925,Nonwhite,Female,30 to 34,NA,503000
1925,Nonwhite,Female,35 to 39,NA,373000
1925,Nonwhite,Female,40 to 44,NA,359000
1925,Nonwhite,Female,45 to 49,NA,275000
1925,Nonwhite,Female,5 to 9,NA,665000
1925,Nonwhite,Female,50 to 54,NA,185000
1925,Nonwhite,Female,55 to 59,NA,146000
1925,Nonwhite,Female,60 to 64,NA,94000
1925,Nonwhite,Female,65 to 69,NA,70000
1925,Nonwhite,Female,70 to 74,NA,46000
1925,Nonwhite,Female,75 years and over,NA,61000
1925,Nonwhite,Female,Under 5,NA,661000
1925,Nonwhite,Male,10 to 14,NA,645000
1925,Nonwhite,Male,15 to 19,NA,613000
1925,Nonwhite,Male,20 to 24,NA,547000
1925,Nonwhite,Male,25 to 29,NA,474000
1925,Nonwhite,Male,30 to 34,NA,465000
1925,Nonwhite,Male,35 to 39,NA,360000
1925,Nonwhite,Male,40 to 44,NA,378000
1925,Nonwhite,Male,45 to 49,NA,311000
1925,Nonwhite,Male,5 to 9,NA,660000
1925,Nonwhite,Male,50 to 54,NA,253000
1925,Nonwhite,Male,55 to 59,NA,196000
1925,Nonwhite,Male,60 to 64,NA,119000
1925,Nonwhite,Male,65 to 69,NA,85000
1925,Nonwhite,Male,70 to 74,NA,54000
1925,Nonwhite,Male,75 years and over,NA,57000
1925,Nonwhite,Male,Under 5,NA,665000
1925,White,Female,10 to 14,NA,5070000
1925,White,Female,15 to 19,NA,4770000
1925,White,Female,20 to 24,NA,4387000
1925,White,Female,25 to 29,NA,4184000
1925,White,Female,30 to 34,NA,4150000
1925,White,Female,35 to 39,NA,3561000
1925,White,Female,40 to 44,NA,3214000
1925,White,Female,45 to 49,NA,2745000
1925,White,Female,5 to 9,NA,5309000
1925,White,Female,50 to 54,NA,2275000
1925,White,Female,55 to 59,NA,1905000
1925,White,Female,60 to 64,NA,1468000
1925,White,Female,65 to 69,NA,1156000
1925,White,Female,70 to 74,NA,750000
1925,White,Female,75 years and over,NA,791000
1925,White,Female,Under 5,NA,5395000
1925,White,Male,10 to 14,NA,5139000
1925,White,Male,15 to 19,NA,4744000
1925,White,Male,20 to 24,NA,4376000
1925,White,Male,25 to 29,NA,4171000
1925,White,Male,30 to 34,NA,4252000
1925,White,Male,35 to 39,NA,3782000
1925,White,Male,40 to 44,NA,3549000
1925,White,Male,45 to 49,NA,2973000
1925,White,Male,5 to 9,NA,5453000
1925,White,Male,50 to 54,NA,2504000
1925,White,Male,55 to 59,NA,2115000
1925,White,Male,60 to 64,NA,1562000
1925,White,Male,65 to 69,NA,1226000
1925,White,Male,70 to 74,NA,768000
1925,White,Male,75 years and over,NA,722000
1925,White,Male,Under 5,NA,5595000
1926,Nonwhite,Female,10 to 14,NA,672000
1926,Nonwhite,Female,15 to 19,NA,662000
1926,Nonwhite,Female,20 to 24,NA,606000
1926,Nonwhite,Female,25 to 29,NA,527000
1926,Nonwhite,Female,30 to 34,NA,512000
1926,Nonwhite,Female,35 to 39,NA,384000
1926,Nonwhite,Female,40 to 44,NA,363000
1926,Nonwhite,Female,45 to 49,NA,284000
1926,Nonwhite,Female,5 to 9,NA,679000
1926,Nonwhite,Female,50 to 54,NA,192000
1926,Nonwhite,Female,55 to 59,NA,149000
1926,Nonwhite,Female,60 to 64,NA,98000
1926,Nonwhite,Female,65 to 69,NA,71000
1926,Nonwhite,Female,70 to 74,NA,46000
1926,Nonwhite,Female,75 years and over,NA,62000
1926,Nonwhite,Female,Under 5,NA,662000
1926,Nonwhite,Male,10 to 14,NA,644000
1926,Nonwhite,Male,15 to 19,NA,621000
1926,Nonwhite,Male,20 to 24,NA,556000
1926,Nonwhite,Male,25 to 29,NA,482000
1926,Nonwhite,Male,30 to 34,NA,475000
1926,Nonwhite,Male,35 to 39,NA,364000
1926,Nonwhite,Male,40 to 44,NA,382000
1926,Nonwhite,Male,45 to 49,NA,315000
1926,Nonwhite,Male,5 to 9,NA,677000
1926,Nonwhite,Male,50 to 54,NA,257000
1926,Nonwhite,Male,55 to 59,NA,199000
1926,Nonwhite,Male,60 to 64,NA,124000
1926,Nonwhite,Male,65 to 69,NA,86000
1926,Nonwhite,Male,70 to 74,NA,56000
1926,Nonwhite,Male,75 years and over,NA,58000
1926,Nonwhite,Male,Under 5,NA,664000
1926,White,Female,10 to 14,NA,5113000
1926,White,Female,15 to 19,NA,4855000
1926,White,Female,20 to 24,NA,4459000
1926,White,Female,25 to 29,NA,4196000
1926,White,Female,30 to 34,NA,4200000
1926,White,Female,35 to 39,NA,3628000
1926,White,Female,40 to 44,NA,3281000
1926,White,Female,45 to 49,NA,2812000
1926,White,Female,5 to 9,NA,5388000
1926,White,Female,50 to 54,NA,2332000
1926,White,Female,55 to 59,NA,1954000
1926,White,Female,60 to 64,NA,1507000
1926,White,Female,65 to 69,NA,1188000
1926,White,Female,70 to 74,NA,781000
1926,White,Female,75 years and over,NA,813000
1926,White,Female,Under 5,NA,5333000
1926,White,Male,10 to 14,NA,5187000
1926,White,Male,15 to 19,NA,4835000
1926,White,Male,20 to 24,NA,4443000
1926,White,Male,25 to 29,NA,4182000
1926,White,Male,30 to 34,NA,4293000
1926,White,Male,35 to 39,NA,3819000
1926,White,Male,40 to 44,NA,3626000
1926,White,Male,45 to 49,NA,3055000
1926,White,Male,5 to 9,NA,5546000
1926,White,Male,50 to 54,NA,2539000
1926,White,Male,55 to 59,NA,2171000
1926,White,Male,60 to 64,NA,1603000
1926,White,Male,65 to 69,NA,1251000
1926,White,Male,70 to 74,NA,804000
1926,White,Male,75 years and over,NA,744000
1926,White,Male,Under 5,NA,5530000
1927,Nonwhite,Female,10 to 14,NA,671000
1927,Nonwhite,Female,15 to 19,NA,670000
1927,Nonwhite,Female,20 to 24,NA,618000
1927,Nonwhite,Female,25 to 29,NA,538000
1927,Nonwhite,Female,30 to 34,NA,508000
1927,Nonwhite,Female,35 to 39,NA,404000
1927,Nonwhite,Female,40 to 44,NA,358000
1927,Nonwhite,Female,45 to 49,NA,295000
1927,Nonwhite,Female,5 to 9,NA,692000
1927,Nonwhite,Female,50 to 54,NA,200000
1927,Nonwhite,Female,55 to 59,NA,149000
1927,Nonwhite,Female,60 to 64,NA,103000
1927,Nonwhite,Female,65 to 69,NA,70000
1927,Nonwhite,Female,70 to 74,NA,46000
1927,Nonwhite,Female,75 years and over,NA,63000
1927,Nonwhite,Female,Under 5,NA,670000
1927,Nonwhite,Male,10 to 14,NA,644000
1927,Nonwhite,Male,15 to 19,NA,628000
1927,Nonwhite,Male,20 to 24,NA,567000
1927,Nonwhite,Male,25 to 29,NA,491000
1927,Nonwhite,Male,30 to 34,NA,476000
1927,Nonwhite,Male,35 to 39,NA,382000
1927,Nonwhite,Male,40 to 44,NA,377000
1927,Nonwhite,Male,45 to 49,NA,324000
1927,Nonwhite,Male,5 to 9,NA,691000
1927,Nonwhite,Male,50 to 54,NA,262000
1927,Nonwhite,Male,55 to 59,NA,199000
1927,Nonwhite,Male,60 to 64,NA,129000
1927,Nonwhite,Male,65 to 69,NA,86000
1927,Nonwhite,Male,70 to 74,NA,55000
1927,Nonwhite,Male,75 years and over,NA,59000
1927,Nonwhite,Male,Under 5,NA,669000
1927,White,Female,10 to 14,NA,5161000
1927,White,Female,15 to 19,NA,4943000
1927,White,Female,20 to 24,NA,4547000
1927,White,Female,25 to 29,NA,4227000
1927,White,Female,30 to 34,NA,4202000
1927,White,Female,35 to 39,NA,3732000
1927,White,Female,40 to 44,NA,3335000
1927,White,Female,45 to 49,NA,2887000
1927,White,Female,5 to 9,NA,5444000
1927,White,Female,50 to 54,NA,2393000
1927,White,Female,55 to 59,NA,1996000
1927,White,Female,60 to 64,NA,1557000
1927,White,Female,65 to 69,NA,1213000
1927,White,Female,70 to 74,NA,816000
1927,White,Female,75 years and over,NA,839000
1927,White,Female,Under 5,NA,5291000
1927,White,Male,10 to 14,NA,5240000
1927,White,Male,15 to 19,NA,4931000
1927,White,Male,20 to 24,NA,4526000
1927,White,Male,25 to 29,NA,4217000
1927,White,Male,30 to 34,NA,4289000
1927,White,Male,35 to 39,NA,3906000
1927,White,Male,40 to 44,NA,3678000
1927,White,Male,45 to 49,NA,3143000
1927,White,Male,5 to 9,NA,5609000
1927,White,Male,50 to 54,NA,2588000
1927,White,Male,55 to 59,NA,2210000
1927,White,Male,60 to 64,NA,1660000
1927,White,Male,65 to 69,NA,1270000
1927,White,Male,70 to 74,NA,842000
1927,White,Male,75 years and over,NA,768000
1927,White,Male,Under 5,NA,5481000
1928,Nonwhite,Female,10 to 14,NA,669000
1928,Nonwhite,Female,15 to 19,NA,675000
1928,Nonwhite,Female,20 to 24,NA,636000
1928,Nonwhite,Female,25 to 29,NA,552000
1928,Nonwhite,Female,30 to 34,NA,499000
1928,Nonwhite,Female,35 to 39,NA,432000
1928,Nonwhite,Female,40 to 44,NA,354000
1928,Nonwhite,Female,45 to 49,NA,307000
1928,Nonwhite,Female,5 to 9,NA,703000
1928,Nonwhite,Female,50 to 54,NA,210000
1928,Nonwhite,Female,55 to 59,NA,146000
1928,Nonwhite,Female,60 to 64,NA,107000
1928,Nonwhite,Female,65 to 69,NA,71000
1928,Nonwhite,Female,70 to 74,NA,49000
1928,Nonwhite,Female,75 years and over,NA,64000
1928,Nonwhite,Female,Under 5,NA,672000
1928,Nonwhite,Male,10 to 14,NA,647000
1928,Nonwhite,Male,15 to 19,NA,631000
1928,Nonwhite,Male,20 to 24,NA,577000
1928,Nonwhite,Male,25 to 29,NA,504000
1928,Nonwhite,Male,30 to 34,NA,469000
1928,Nonwhite,Male,35 to 39,NA,411000
1928,Nonwhite,Male,40 to 44,NA,366000
1928,Nonwhite,Male,45 to 49,NA,337000
1928,Nonwhite,Male,5 to 9,NA,701000
1928,Nonwhite,Male,50 to 54,NA,269000
1928,Nonwhite,Male,55 to 59,NA,197000
1928,Nonwhite,Male,60 to 64,NA,136000
1928,Nonwhite,Male,65 to 69,NA,86000
1928,Nonwhite,Male,70 to 74,NA,56000
1928,Nonwhite,Male,75 years and over,NA,60000
1928,Nonwhite,Male,Under 5,NA,672000
1928,White,Female,10 to 14,NA,5207000
1928,White,Female,15 to 19,NA,5019000
1928,White,Female,20 to 24,NA,4652000
1928,White,Female,25 to 29,NA,4272000
1928,White,Female,30 to 34,NA,4170000
1928,White,Female,35 to 39,NA,3862000
1928,White,Female,40 to 44,NA,3378000
1928,White,Female,45 to 49,NA,2958000
1928,White,Female,5 to 9,NA,5463000
1928,White,Female,50 to 54,NA,2463000
1928,White,Female,55 to 59,NA,2028000
1928,White,Female,60 to 64,NA,1613000
1928,White,Female,65 to 69,NA,1230000
1928,White,Female,70 to 74,NA,855000
1928,White,Female,75 years and over,NA,868000
1928,White,Female,Under 5,NA,5224000
1928,White,Male,10 to 14,NA,5301000
1928,White,Male,15 to 19,NA,5014000
1928,White,Male,20 to 24,NA,4607000
1928,White,Male,25 to 29,NA,4256000
1928,White,Male,30 to 34,NA,4231000
1928,White,Male,35 to 39,NA,4027000
1928,White,Male,40 to 44,NA,3710000
1928,White,Male,45 to 49,NA,3233000
1928,White,Male,5 to 9,NA,5629000
1928,White,Male,50 to 54,NA,2653000
1928,White,Male,55 to 59,NA,2229000
1928,White,Male,60 to 64,NA,1722000
1928,White,Male,65 to 69,NA,1280000
1928,White,Male,70 to 74,NA,885000
1928,White,Male,75 years and over,NA,795000
1928,White,Male,Under 5,NA,5410000
1929,Nonwhite,Female,10 to 14,NA,659000
1929,Nonwhite,Female,15 to 19,NA,676000
1929,Nonwhite,Female,20 to 24,NA,652000
1929,Nonwhite,Female,25 to 29,NA,570000
1929,Nonwhite,Female,30 to 34,NA,480000
1929,Nonwhite,Female,35 to 39,NA,462000
1929,Nonwhite,Female,40 to 44,NA,353000
1929,Nonwhite,Female,45 to 49,NA,314000
1929,Nonwhite,Female,5 to 9,NA,718000
1929,Nonwhite,Female,50 to 54,NA,224000
1929,Nonwhite,Female,55 to 59,NA,142000
1929,Nonwhite,Female,60 to 64,NA,111000
1929,Nonwhite,Female,65 to 69,NA,72000
1929,Nonwhite,Female,70 to 74,NA,50000
1929,Nonwhite,Female,75 years and over,NA,65000
1929,Nonwhite,Female,Under 5,NA,665000
1929,Nonwhite,Male,10 to 14,NA,646000
1929,Nonwhite,Male,15 to 19,NA,628000
1929,Nonwhite,Male,20 to 24,NA,584000
1929,Nonwhite,Male,25 to 29,NA,520000
1929,Nonwhite,Male,30 to 34,NA,456000
1929,Nonwhite,Male,35 to 39,NA,440000
1929,Nonwhite,Male,40 to 44,NA,360000
1929,Nonwhite,Male,45 to 49,NA,346000
1929,Nonwhite,Male,5 to 9,NA,715000
1929,Nonwhite,Male,50 to 54,NA,280000
1929,Nonwhite,Male,55 to 59,NA,192000
1929,Nonwhite,Male,60 to 64,NA,141000
1929,Nonwhite,Male,65 to 69,NA,86000
1929,Nonwhite,Male,70 to 74,NA,55000
1929,Nonwhite,Male,75 years and over,NA,60000
1929,Nonwhite,Male,Under 5,NA,662000
1929,White,Female,10 to 14,NA,5231000
1929,White,Female,15 to 19,NA,5073000
1929,White,Female,20 to 24,NA,4771000
1929,White,Female,25 to 29,NA,4341000
1929,White,Female,30 to 34,NA,4121000
1929,White,Female,35 to 39,NA,3982000
1929,White,Female,40 to 44,NA,3430000
1929,White,Female,45 to 49,NA,3018000
1929,White,Female,5 to 9,NA,5495000
1929,White,Female,50 to 54,NA,2539000
1929,White,Female,55 to 59,NA,2055000
1929,White,Female,60 to 64,NA,1664000
1929,White,Female,65 to 69,NA,1252000
1929,White,Female,70 to 74,NA,888000
1929,White,Female,75 years and over,NA,902000
1929,White,Female,Under 5,NA,5112000
1929,White,Male,10 to 14,NA,5347000
1929,White,Male,15 to 19,NA,5080000
1929,White,Male,20 to 24,NA,4687000
1929,White,Male,25 to 29,NA,4298000
1929,White,Male,30 to 34,NA,4155000
1929,White,Male,35 to 39,NA,4148000
1929,White,Male,40 to 44,NA,3746000
1929,White,Male,45 to 49,NA,3298000
1929,White,Male,5 to 9,NA,5659000
1929,White,Male,50 to 54,NA,2742000
1929,White,Male,55 to 59,NA,2236000
1929,White,Male,60 to 64,NA,1774000
1929,White,Male,65 to 69,NA,1298000
1929,White,Male,70 to 74,NA,919000
1929,White,Male,75 years and over,NA,827000
1929,White,Male,Under 5,NA,5295000
1930,Nonwhite,Female,10 to 14,NA,659533
1930,Nonwhite,Female,15 to 19,NA,676121
1930,Nonwhite,Female,20 to 24,NA,667512
1930,Nonwhite,Female,25 to 29,NA,594210
1930,Nonwhite,Female,30 to 34,NA,468289
1930,Nonwhite,Female,35 to 39,NA,475075
1930,Nonwhite,Female,40 to 44,NA,363273
1930,Nonwhite,Female,45 to 49,NA,316165
1930,Nonwhite,Female,5 to 9,NA,728615
1930,Nonwhite,Female,50 to 54,NA,237462
1930,Nonwhite,Female,55 to 59,NA,143293
1930,Nonwhite,Female,60 to 64,NA,113288
1930,Nonwhite,Female,65 to 69,NA,76407
1930,Nonwhite,Female,70 to 74,NA,50763
1930,Nonwhite,Female,75 years and over,NA,66900
1930,Nonwhite,Female,Under 5,NA,653517
1930,Nonwhite,Male,10 to 14,NA,654681
1930,Nonwhite,Male,15 to 19,NA,625454
1930,Nonwhite,Male,20 to 24,NA,591152
1930,Nonwhite,Male,25 to 29,NA,539961
1930,Nonwhite,Male,30 to 34,NA,448528
1930,Nonwhite,Male,35 to 39,NA,454650
1930,Nonwhite,Male,40 to 44,NA,367142
1930,Nonwhite,Male,45 to 49,NA,343841
1930,Nonwhite,Male,5 to 9,NA,721076
1930,Nonwhite,Male,50 to 54,NA,297295
1930,Nonwhite,Male,55 to 59,NA,190020
1930,Nonwhite,Male,60 to 64,NA,142605
1930,Nonwhite,Male,65 to 69,NA,89769
1930,Nonwhite,Male,70 to 74,NA,54882
1930,Nonwhite,Male,75 years and over,NA,60495
1930,Nonwhite,Male,Under 5,NA,645887
1930,White,Female,10 to 14,NA,5295915
1930,White,Female,15 to 19,NA,5125371
1930,White,Female,20 to 24,NA,4885033
1930,White,Female,25 to 29,NA,4411018
1930,White,Female,30 to 34,NA,4104363
1930,White,Female,35 to 39,NA,4061175
1930,White,Female,40 to 44,NA,3522823
1930,White,Female,45 to 49,NA,3071044
1930,White,Female,5 to 9,NA,5488025
1930,White,Female,50 to 54,NA,2629315
1930,White,Female,55 to 59,NA,2102122
1930,White,Female,60 to 64,NA,1709803
1930,White,Female,65 to 69,NA,1288650
1930,White,Female,70 to 74,NA,916691
1930,White,Female,75 years and over,NA,946877
1930,White,Female,Under 5,NA,4931576
1930,White,Male,10 to 14,NA,5430491
1930,White,Male,15 to 19,NA,5145183
1930,White,Male,20 to 24,NA,4771523
1930,White,Male,25 to 29,NA,4348841
1930,White,Male,30 to 34,NA,4123626
1930,White,Male,35 to 39,NA,4227564
1930,White,Male,40 to 44,NA,3798861
1930,White,Male,45 to 49,NA,3344574
1930,White,Male,5 to 9,NA,5652454
1930,White,Male,50 to 54,NA,2855535
1930,White,Male,55 to 59,NA,2262096
1930,White,Male,60 to 64,NA,1812811
1930,White,Male,65 to 69,NA,1339672
1930,White,Male,70 to 74,NA,943932
1930,White,Male,75 years and over,NA,870781
1930,White,Male,Under 5,NA,5141135
1931,Nonwhite,Female,10 to 14,NA,670880
1931,Nonwhite,Female,15 to 19,NA,669028
1931,Nonwhite,Female,20 to 24,NA,660898
1931,Nonwhite,Female,25 to 29,NA,607181
1931,Nonwhite,Female,30 to 34,NA,482702
1931,Nonwhite,Female,35 to 39,NA,466276
1931,Nonwhite,Female,40 to 44,NA,376303
1931,Nonwhite,Female,45 to 49,NA,314002
1931,Nonwhite,Female,5 to 9,NA,730890
1931,Nonwhite,Female,50 to 54,NA,246895
1931,Nonwhite,Female,55 to 59,NA,155742
1931,Nonwhite,Female,60 to 64,NA,115193
1931,Nonwhite,Female,65 to 69,NA,80998
1931,Nonwhite,Female,70 to 74,NA,52222
1931,Nonwhite,Female,75 years and over,NA,69677
1931,Nonwhite,Female,Under 5,NA,644259
1931,Nonwhite,Male,10 to 14,NA,659796
1931,Nonwhite,Male,15 to 19,NA,624090
1931,Nonwhite,Male,20 to 24,NA,589260
1931,Nonwhite,Male,25 to 29,NA,547800
1931,Nonwhite,Male,30 to 34,NA,459739
1931,Nonwhite,Male,35 to 39,NA,448980
1931,Nonwhite,Male,40 to 44,NA,377566
1931,Nonwhite,Male,45 to 49,NA,337110
1931,Nonwhite,Male,5 to 9,NA,725046
1931,Nonwhite,Male,50 to 54,NA,298231
1931,Nonwhite,Male,55 to 59,NA,202476
1931,Nonwhite,Male,60 to 64,NA,144635
1931,Nonwhite,Male,65 to 69,NA,95013
1931,Nonwhite,Male,70 to 74,NA,56559
1931,Nonwhite,Male,75 years and over,NA,62711
1931,Nonwhite,Male,Under 5,NA,634086
1931,White,Female,10 to 14,NA,5351984
1931,White,Female,15 to 19,NA,5145898
1931,White,Female,20 to 24,NA,4924637
1931,White,Female,25 to 29,NA,4483989
1931,White,Female,30 to 34,NA,4122318
1931,White,Female,35 to 39,NA,4058570
1931,White,Female,40 to 44,NA,3613326
1931,White,Female,45 to 49,NA,3118189
1931,White,Female,5 to 9,NA,5419385
1931,White,Female,50 to 54,NA,2683818
1931,White,Female,55 to 59,NA,2178070
1931,White,Female,60 to 64,NA,1752951
1931,White,Female,65 to 69,NA,1327512
1931,White,Female,70 to 74,NA,944268
1931,White,Female,75 years and over,NA,993860
1931,White,Female,Under 5,NA,4852224
1931,White,Male,10 to 14,NA,5477530
1931,White,Male,15 to 19,NA,5175352
1931,White,Male,20 to 24,NA,4828608
1931,White,Male,25 to 29,NA,4411658
1931,White,Male,30 to 34,NA,4126411
1931,White,Male,35 to 39,NA,4196602
1931,White,Male,40 to 44,NA,3874345
1931,White,Male,45 to 49,NA,3391055
1931,White,Male,5 to 9,NA,5593415
1931,White,Male,50 to 54,NA,2907025
1931,White,Male,55 to 59,NA,2333490
1931,White,Male,60 to 64,NA,1852217
1931,White,Male,65 to 69,NA,1372665
1931,White,Male,70 to 74,NA,961163
1931,White,Male,75 years and over,NA,912031
1931,White,Male,Under 5,NA,5048838
1932,Nonwhite,Female,10 to 14,NA,688405
1932,Nonwhite,Female,15 to 19,NA,662779
1932,Nonwhite,Female,20 to 24,NA,655399
1932,Nonwhite,Female,25 to 29,NA,611750
1932,Nonwhite,Female,30 to 34,NA,505388
1932,Nonwhite,Female,35 to 39,NA,452872
1932,Nonwhite,Female,40 to 44,NA,392073
1932,Nonwhite,Female,45 to 49,NA,310793
1932,Nonwhite,Female,5 to 9,NA,729494
1932,Nonwhite,Female,50 to 54,NA,253282
1932,Nonwhite,Female,55 to 59,NA,169201
1932,Nonwhite,Female,60 to 64,NA,116826
1932,Nonwhite,Female,65 to 69,NA,85950
1932,Nonwhite,Female,70 to 74,NA,53950
1932,Nonwhite,Female,75 years and over,NA,72178
1932,Nonwhite,Female,Under 5,NA,631267
1932,Nonwhite,Male,10 to 14,NA,670039
1932,Nonwhite,Male,15 to 19,NA,621215
1932,Nonwhite,Male,20 to 24,NA,588334
1932,Nonwhite,Male,25 to 29,NA,549638
1932,Nonwhite,Male,30 to 34,NA,476280
1932,Nonwhite,Male,35 to 39,NA,439659
1932,Nonwhite,Male,40 to 44,NA,390740
1932,Nonwhite,Male,45 to 49,NA,331383
1932,Nonwhite,Male,5 to 9,NA,725255
1932,Nonwhite,Male,50 to 54,NA,296056
1932,Nonwhite,Male,55 to 59,NA,215186
1932,Nonwhite,Male,60 to 64,NA,146290
1932,Nonwhite,Male,65 to 69,NA,100372
1932,Nonwhite,Male,70 to 74,NA,58490
1932,Nonwhite,Male,75 years and over,NA,64660
1932,Nonwhite,Male,Under 5,NA,620825
1932,White,Female,10 to 14,NA,5412978
1932,White,Female,15 to 19,NA,5162145
1932,White,Female,20 to 24,NA,4954853
1932,White,Female,25 to 29,NA,4557809
1932,White,Female,30 to 34,NA,4157130
1932,White,Female,35 to 39,NA,4033240
1932,White,Female,40 to 44,NA,3705389
1932,White,Female,45 to 49,NA,3169227
1932,White,Female,5 to 9,NA,5334666
1932,White,Female,50 to 54,NA,2728404
1932,White,Female,55 to 59,NA,2252407
1932,White,Female,60 to 64,NA,1797933
1932,White,Female,65 to 69,NA,1368826
1932,White,Female,70 to 74,NA,966874
1932,White,Female,75 years and over,NA,1039721
1932,White,Female,Under 5,NA,4737125
1932,White,Male,10 to 14,NA,5523805
1932,White,Male,15 to 19,NA,5193272
1932,White,Male,20 to 24,NA,4877949
1932,White,Male,25 to 29,NA,4475729
1932,White,Male,30 to 34,NA,4150697
1932,White,Male,35 to 39,NA,4142766
1932,White,Male,40 to 44,NA,3946406
1932,White,Male,45 to 49,NA,3442288
1932,White,Male,5 to 9,NA,5529554
1932,White,Male,50 to 54,NA,2949440
1932,White,Male,55 to 59,NA,2403347
1932,White,Male,60 to 64,NA,1891379
1932,White,Male,65 to 69,NA,1410452
1932,White,Male,70 to 74,NA,973323
1932,White,Male,75 years and over,NA,951422
1932,White,Male,Under 5,NA,4913886
1933,Nonwhite,Female,10 to 14,NA,701778
1933,Nonwhite,Female,15 to 19,NA,659500
1933,Nonwhite,Female,20 to 24,NA,653148
1933,Nonwhite,Female,25 to 29,NA,609336
1933,Nonwhite,Female,30 to 34,NA,530759
1933,Nonwhite,Female,35 to 39,NA,442522
1933,Nonwhite,Female,40 to 44,NA,405500
1933,Nonwhite,Female,45 to 49,NA,309966
1933,Nonwhite,Female,5 to 9,NA,726327
1933,Nonwhite,Female,50 to 54,NA,256936
1933,Nonwhite,Female,55 to 59,NA,181701
1933,Nonwhite,Female,60 to 64,NA,119892
1933,Nonwhite,Female,65 to 69,NA,90542
1933,Nonwhite,Female,70 to 74,NA,56220
1933,Nonwhite,Female,75 years and over,NA,74498
1933,Nonwhite,Female,Under 5,NA,620351
1933,Nonwhite,Male,10 to 14,NA,677786
1933,Nonwhite,Male,15 to 19,NA,618058
1933,Nonwhite,Male,20 to 24,NA,589276
1933,Nonwhite,Male,25 to 29,NA,547331
1933,Nonwhite,Male,30 to 34,NA,493832
1933,Nonwhite,Male,35 to 39,NA,432624
1933,Nonwhite,Male,40 to 44,NA,402260
1933,Nonwhite,Male,45 to 49,NA,329024
1933,Nonwhite,Male,5 to 9,NA,726073
1933,Nonwhite,Male,50 to 54,NA,292694
1933,Nonwhite,Male,55 to 59,NA,225514
1933,Nonwhite,Male,60 to 64,NA,149457
1933,Nonwhite,Male,65 to 69,NA,105124
1933,Nonwhite,Male,70 to 74,NA,60929
1933,Nonwhite,Male,75 years and over,NA,66437
1933,Nonwhite,Male,Under 5,NA,608119
1933,White,Female,10 to 14,NA,5435217
1933,White,Female,15 to 19,NA,5181955
1933,White,Female,20 to 24,NA,4985666
1933,White,Female,25 to 29,NA,4628594
1933,White,Female,30 to 34,NA,4207028
1933,White,Female,35 to 39,NA,4008046
1933,White,Female,40 to 44,NA,3785320
1933,White,Female,45 to 49,NA,3231577
1933,White,Female,5 to 9,NA,5248488
1933,White,Female,50 to 54,NA,2770257
1933,White,Female,55 to 59,NA,2319843
1933,White,Female,60 to 64,NA,1849745
1933,White,Female,65 to 69,NA,1411927
1933,White,Female,70 to 74,NA,988386
1933,White,Female,75 years and over,NA,1083775
1933,White,Female,Under 5,NA,4619954
1933,White,Male,10 to 14,NA,5540253
1933,White,Male,15 to 19,NA,5208125
1933,White,Male,20 to 24,NA,4924054
1933,White,Male,25 to 29,NA,4540343
1933,White,Male,30 to 34,NA,4192348
1933,White,Male,35 to 39,NA,4091048
1933,White,Male,40 to 44,NA,4002398
1933,White,Male,45 to 49,NA,3503904
1933,White,Male,5 to 9,NA,5475593
1933,White,Male,50 to 54,NA,2990590
1933,White,Male,55 to 59,NA,2466965
1933,White,Male,60 to 64,NA,1935516
1933,White,Male,65 to 69,NA,1451066
1933,White,Male,70 to 74,NA,985652
1933,White,Male,75 years and over,NA,987888
1933,White,Male,Under 5,NA,4763728
1934,Nonwhite,Female,10 to 14,NA,713211
1934,Nonwhite,Female,15 to 19,NA,661479
1934,Nonwhite,Female,20 to 24,NA,653815
1934,Nonwhite,Female,25 to 29,NA,604108
1934,Nonwhite,Female,30 to 34,NA,552236
1934,Nonwhite,Female,35 to 39,NA,441761
1934,Nonwhite,Female,40 to 44,NA,412853
1934,Nonwhite,Female,45 to 49,NA,313703
1934,Nonwhite,Female,5 to 9,NA,717980
1934,Nonwhite,Female,50 to 54,NA,258674
1934,Nonwhite,Female,55 to 59,NA,191684
1934,Nonwhite,Female,60 to 64,NA,125458
1934,Nonwhite,Female,65 to 69,NA,94367
1934,Nonwhite,Female,70 to 74,NA,59125
1934,Nonwhite,Female,75 years and over,NA,76789
1934,Nonwhite,Female,Under 5,NA,612355
1934,Nonwhite,Male,10 to 14,NA,686844
1934,Nonwhite,Male,15 to 19,NA,617027
1934,Nonwhite,Male,20 to 24,NA,591221
1934,Nonwhite,Male,25 to 29,NA,544089
1934,Nonwhite,Male,30 to 34,NA,507889
1934,Nonwhite,Male,35 to 39,NA,432601
1934,Nonwhite,Male,40 to 44,NA,409012
1934,Nonwhite,Male,45 to 49,NA,331389
1934,Nonwhite,Male,5 to 9,NA,720523
1934,Nonwhite,Male,50 to 54,NA,289791
1934,Nonwhite,Male,55 to 59,NA,231900
1934,Nonwhite,Male,60 to 64,NA,155065
1934,Nonwhite,Male,65 to 69,NA,108983
1934,Nonwhite,Male,70 to 74,NA,63915
1934,Nonwhite,Male,75 years and over,NA,68205
1934,Nonwhite,Male,Under 5,NA,598593
1934,White,Female,10 to 14,NA,5456301
1934,White,Female,15 to 19,NA,5214228
1934,White,Female,20 to 24,NA,5023404
1934,White,Female,25 to 29,NA,4694252
1934,White,Female,30 to 34,NA,4268476
1934,White,Female,35 to 39,NA,4003424
1934,White,Female,40 to 44,NA,3842836
1934,White,Female,45 to 49,NA,3307869
1934,White,Female,5 to 9,NA,5156960
1934,White,Female,50 to 54,NA,2816847
1934,White,Female,55 to 59,NA,2378379
1934,White,Female,60 to 64,NA,1909610
1934,White,Female,65 to 69,NA,1456593
1934,White,Female,70 to 74,NA,1012853
1934,White,Female,75 years and over,NA,1125352
1934,White,Female,Under 5,NA,4490595
1934,White,Male,10 to 14,NA,5564208
1934,White,Male,15 to 19,NA,5232025
1934,White,Male,20 to 24,NA,4969269
1934,White,Male,25 to 29,NA,4605104
1934,White,Male,30 to 34,NA,4245572
1934,White,Male,35 to 39,NA,4063607
1934,White,Male,40 to 44,NA,4034013
1934,White,Male,45 to 49,NA,3576083
1934,White,Male,5 to 9,NA,5385744
1934,White,Male,50 to 54,NA,3038221
1934,White,Male,55 to 59,NA,2522735
1934,White,Male,60 to 64,NA,1986964
1934,White,Male,65 to 69,NA,1492515
1934,White,Male,70 to 74,NA,1003092
1934,White,Male,75 years and over,NA,1020749
1934,White,Male,Under 5,NA,4629248
1935,Nonwhite,Female,10 to 14,NA,717307
1935,Nonwhite,Female,15 to 19,NA,667880
1935,Nonwhite,Female,20 to 24,NA,655335
1935,Nonwhite,Female,25 to 29,NA,599578
1935,Nonwhite,Female,30 to 34,NA,565564
1935,Nonwhite,Female,35 to 39,NA,451178
1935,Nonwhite,Female,40 to 44,NA,414151
1935,Nonwhite,Female,45 to 49,NA,321160
1935,Nonwhite,Female,5 to 9,NA,712659
1935,Nonwhite,Female,50 to 54,NA,259335
1935,Nonwhite,Female,55 to 59,NA,198605
1935,Nonwhite,Female,60 to 64,NA,132965
1935,Nonwhite,Female,65 to 69,NA,97549
1935,Nonwhite,Female,70 to 74,NA,62457
1935,Nonwhite,Female,75 years and over,NA,79120
1935,Nonwhite,Female,Under 5,NA,610662
1935,Nonwhite,Male,10 to 14,NA,692889
1935,Nonwhite,Male,15 to 19,NA,618988
1935,Nonwhite,Male,20 to 24,NA,592046
1935,Nonwhite,Male,25 to 29,NA,541820
1935,Nonwhite,Male,30 to 34,NA,515891
1935,Nonwhite,Male,35 to 39,NA,439501
1935,Nonwhite,Male,40 to 44,NA,410961
1935,Nonwhite,Male,45 to 49,NA,337373
1935,Nonwhite,Male,5 to 9,NA,715577
1935,Nonwhite,Male,50 to 54,NA,287876
1935,Nonwhite,Male,55 to 59,NA,234572
1935,Nonwhite,Male,60 to 64,NA,162169
1935,Nonwhite,Male,65 to 69,NA,112194
1935,Nonwhite,Male,70 to 74,NA,67188
1935,Nonwhite,Male,75 years and over,NA,70020
1935,Nonwhite,Male,Under 5,NA,596485
1935,White,Female,10 to 14,NA,5447129
1935,White,Female,15 to 19,NA,5257378
1935,White,Female,20 to 24,NA,5062246
1935,White,Female,25 to 29,NA,4751462
1935,White,Female,30 to 34,NA,4333547
1935,White,Female,35 to 39,NA,4020613
1935,White,Female,40 to 44,NA,3874594
1935,White,Female,45 to 49,NA,3390437
1935,White,Female,5 to 9,NA,5070221
1935,White,Female,50 to 54,NA,2869579
1935,White,Female,55 to 59,NA,2427334
1935,White,Female,60 to 64,NA,1971835
1935,White,Female,65 to 69,NA,1502183
1935,White,Female,70 to 74,NA,1040899
1935,White,Female,75 years and over,NA,1163248
1935,White,Female,Under 5,NA,4412134
1935,White,Male,10 to 14,NA,5566769
1935,White,Male,15 to 19,NA,5268525
1935,White,Male,20 to 24,NA,5007293
1935,White,Male,25 to 29,NA,4664974
1935,White,Male,30 to 34,NA,4302061
1935,White,Male,35 to 39,NA,4062107
1935,White,Male,40 to 44,NA,4039293
1935,White,Male,45 to 49,NA,3649290
1935,White,Male,5 to 9,NA,5290111
1935,White,Male,50 to 54,NA,3093241
1935,White,Male,55 to 59,NA,2570118
1935,White,Male,60 to 64,NA,2040834
1935,White,Male,65 to 69,NA,1533066
1935,White,Male,70 to 74,NA,1026222
1935,White,Male,75 years and over,NA,1049338
1935,White,Male,Under 5,NA,4551096
1936,Nonwhite,Female,10 to 14,NA,717553
1936,Nonwhite,Female,15 to 19,NA,677087
1936,Nonwhite,Female,20 to 24,NA,656593
1936,Nonwhite,Female,25 to 29,NA,598085
1936,Nonwhite,Female,30 to 34,NA,569795
1936,Nonwhite,Female,35 to 39,NA,468101
1936,Nonwhite,Female,40 to 44,NA,411876
1936,Nonwhite,Female,45 to 49,NA,330547
1936,Nonwhite,Female,5 to 9,NA,705449
1936,Nonwhite,Female,50 to 54,NA,259698
1936,Nonwhite,Female,55 to 59,NA,202870
1936,Nonwhite,Female,60 to 64,NA,141168
1936,Nonwhite,Female,65 to 69,NA,100502
1936,Nonwhite,Female,70 to 74,NA,66001
1936,Nonwhite,Female,75 years and over,NA,81541
1936,Nonwhite,Female,Under 5,NA,611336
1936,Nonwhite,Male,10 to 14,NA,697644
1936,Nonwhite,Male,15 to 19,NA,624581
1936,Nonwhite,Male,20 to 24,NA,590463
1936,Nonwhite,Male,25 to 29,NA,541492
1936,Nonwhite,Male,30 to 34,NA,517687
1936,Nonwhite,Male,35 to 39,NA,450877
1936,Nonwhite,Male,40 to 44,NA,410160
1936,Nonwhite,Male,45 to 49,NA,345175
1936,Nonwhite,Male,5 to 9,NA,706732
1936,Nonwhite,Male,50 to 54,NA,287014
1936,Nonwhite,Male,55 to 59,NA,234936
1936,Nonwhite,Male,60 to 64,NA,169213
1936,Nonwhite,Male,65 to 69,NA,115289
1936,Nonwhite,Male,70 to 74,NA,70465
1936,Nonwhite,Male,75 years and over,NA,71905
1936,Nonwhite,Male,Under 5,NA,599116
1936,White,Female,10 to 14,NA,5399011
1936,White,Female,15 to 19,NA,5311188
1936,White,Female,20 to 24,NA,5095492
1936,White,Female,25 to 29,NA,4802354
1936,White,Female,30 to 34,NA,4398432
1936,White,Female,35 to 39,NA,4052397
1936,White,Female,40 to 44,NA,3886128
1936,White,Female,45 to 49,NA,3472122
1936,White,Female,5 to 9,NA,4986422
1936,White,Female,50 to 54,NA,2928701
1936,White,Female,55 to 59,NA,2468409
1936,White,Female,60 to 64,NA,2029707
1936,White,Female,65 to 69,NA,1550397
1936,White,Female,70 to 74,NA,1071700
1936,White,Female,75 years and over,NA,1197422
1936,White,Female,Under 5,NA,4345713
1936,White,Male,10 to 14,NA,5533680
1936,White,Male,15 to 19,NA,5321121
1936,White,Male,20 to 24,NA,5032748
1936,White,Male,25 to 29,NA,4718549
1936,White,Male,30 to 34,NA,4358885
1936,White,Male,35 to 39,NA,4079155
1936,White,Male,40 to 44,NA,4024184
1936,White,Male,45 to 49,NA,3715904
1936,White,Male,5 to 9,NA,5195504
1936,White,Male,50 to 54,NA,3155531
1936,White,Male,55 to 59,NA,2611029
1936,White,Male,60 to 64,NA,2091416
1936,White,Male,65 to 69,NA,1573400
1936,White,Male,70 to 74,NA,1053796
1936,White,Male,75 years and over,NA,1074105
1936,White,Male,Under 5,NA,4487627
1937,Nonwhite,Female,10 to 14,NA,714979
1937,Nonwhite,Female,15 to 19,NA,688522
1937,Nonwhite,Female,20 to 24,NA,657136
1937,Nonwhite,Female,25 to 29,NA,602367
1937,Nonwhite,Female,30 to 34,NA,564399
1937,Nonwhite,Female,35 to 39,NA,490493
1937,Nonwhite,Female,40 to 44,NA,408669
1937,Nonwhite,Female,45 to 49,NA,340310
1937,Nonwhite,Female,5 to 9,NA,697229
1937,Nonwhite,Female,50 to 54,NA,260906
1937,Nonwhite,Female,55 to 59,NA,204862
1937,Nonwhite,Female,60 to 64,NA,149135
1937,Nonwhite,Female,65 to 69,NA,103691
1937,Nonwhite,Female,70 to 74,NA,69570
1937,Nonwhite,Female,75 years and over,NA,84152
1937,Nonwhite,Female,Under 5,NA,614276
1937,Nonwhite,Male,10 to 14,NA,699435
1937,Nonwhite,Male,15 to 19,NA,634854
1937,Nonwhite,Male,20 to 24,NA,585849
1937,Nonwhite,Male,25 to 29,NA,544528
1937,Nonwhite,Male,30 to 34,NA,513454
1937,Nonwhite,Male,35 to 39,NA,464940
1937,Nonwhite,Male,40 to 44,NA,408783
1937,Nonwhite,Male,45 to 49,NA,353269
1937,Nonwhite,Male,5 to 9,NA,697179
1937,Nonwhite,Male,50 to 54,NA,287737
1937,Nonwhite,Male,55 to 59,NA,234233
1937,Nonwhite,Male,60 to 64,NA,175073
1937,Nonwhite,Male,65 to 69,NA,118810
1937,Nonwhite,Male,70 to 74,NA,73546
1937,Nonwhite,Male,75 years and over,NA,73930
1937,Nonwhite,Male,Under 5,NA,602153
1937,White,Female,10 to 14,NA,5331644
1937,White,Female,15 to 19,NA,5369101
1937,White,Female,20 to 24,NA,5122075
1937,White,Female,25 to 29,NA,4852521
1937,White,Female,30 to 34,NA,4461825
1937,White,Female,35 to 39,NA,4096618
1937,White,Female,40 to 44,NA,3886261
1937,White,Female,45 to 49,NA,3547936
1937,White,Female,5 to 9,NA,4873701
1937,White,Female,50 to 54,NA,2997144
1937,White,Female,55 to 59,NA,2505125
1937,White,Female,60 to 64,NA,2079606
1937,White,Female,65 to 69,NA,1603057
1937,White,Female,70 to 74,NA,1105278
1937,White,Female,75 years and over,NA,1228823
1937,White,Female,Under 5,NA,4323621
1937,White,Male,10 to 14,NA,5483315
1937,White,Male,15 to 19,NA,5383380
1937,White,Male,20 to 24,NA,5045631
1937,White,Male,25 to 29,NA,4768231
1937,White,Male,30 to 34,NA,4415500
1937,White,Male,35 to 39,NA,4112213
1937,White,Male,40 to 44,NA,3998382
1937,White,Male,45 to 49,NA,3770871
1937,White,Male,5 to 9,NA,5066712
1937,White,Male,50 to 54,NA,3227568
1937,White,Male,55 to 59,NA,2649171
1937,White,Male,60 to 64,NA,2135664
1937,White,Male,65 to 69,NA,1615117
1937,White,Male,70 to 74,NA,1085347
1937,White,Male,75 years and over,NA,1096299
1937,White,Male,Under 5,NA,4468623
1938,Nonwhite,Female,10 to 14,NA,711118
1938,Nonwhite,Female,15 to 19,NA,697627
1938,Nonwhite,Female,20 to 24,NA,659041
1938,Nonwhite,Female,25 to 29,NA,612467
1938,Nonwhite,Female,30 to 34,NA,553518
1938,Nonwhite,Female,35 to 39,NA,513356
1938,Nonwhite,Female,40 to 44,NA,409590
1938,Nonwhite,Female,45 to 49,NA,348235
1938,Nonwhite,Female,5 to 9,NA,688870
1938,Nonwhite,Female,50 to 54,NA,264512
1938,Nonwhite,Female,55 to 59,NA,205485
1938,Nonwhite,Female,60 to 64,NA,155855
1938,Nonwhite,Female,65 to 69,NA,107852
1938,Nonwhite,Female,70 to 74,NA,72959
1938,Nonwhite,Female,75 years and over,NA,87145
1938,Nonwhite,Female,Under 5,NA,628435
1938,Nonwhite,Male,10 to 14,NA,700161
1938,Nonwhite,Male,15 to 19,NA,646236
1938,Nonwhite,Male,20 to 24,NA,580708
1938,Nonwhite,Male,25 to 29,NA,550459
1938,Nonwhite,Male,30 to 34,NA,506308
1938,Nonwhite,Male,35 to 39,NA,478485
1938,Nonwhite,Male,40 to 44,NA,410467
1938,Nonwhite,Male,45 to 49,NA,359895
1938,Nonwhite,Male,5 to 9,NA,686363
1938,Nonwhite,Male,50 to 54,NA,291035
1938,Nonwhite,Male,55 to 59,NA,233858
1938,Nonwhite,Male,60 to 64,NA,178916
1938,Nonwhite,Male,65 to 69,NA,123302
1938,Nonwhite,Male,70 to 74,NA,76361
1938,Nonwhite,Male,75 years and over,NA,76229
1938,Nonwhite,Male,Under 5,NA,618236
1938,White,Female,10 to 14,NA,5256074
1938,White,Female,15 to 19,NA,5414432
1938,White,Female,20 to 24,NA,5153063
1938,White,Female,25 to 29,NA,4909915
1938,White,Female,30 to 34,NA,4526038
1938,White,Female,35 to 39,NA,4153759
1938,White,Female,40 to 44,NA,3893325
1938,White,Female,45 to 49,NA,3613196
1938,White,Female,5 to 9,NA,4753396
1938,White,Female,50 to 54,NA,3078160
1938,White,Female,55 to 59,NA,2545660
1938,White,Female,60 to 64,NA,2122148
1938,White,Female,65 to 69,NA,1661376
1938,White,Female,70 to 74,NA,1142425
1938,White,Female,75 years and over,NA,1260437
1938,White,Female,Under 5,NA,4390109
1938,White,Male,10 to 14,NA,5422780
1938,White,Male,15 to 19,NA,5443667
1938,White,Male,20 to 24,NA,5060286
1938,White,Male,25 to 29,NA,4818914
1938,White,Male,30 to 34,NA,4474893
1938,White,Male,35 to 39,NA,4160202
1938,White,Male,40 to 44,NA,3981734
1938,White,Male,45 to 49,NA,3811402
1938,White,Male,5 to 9,NA,4927123
1938,White,Male,50 to 54,NA,3310547
1938,White,Male,55 to 59,NA,2692872
1938,White,Male,60 to 64,NA,2174664
1938,White,Male,65 to 69,NA,1660208
1938,White,Male,70 to 74,NA,1120139
1938,White,Male,75 years and over,NA,1119262
1938,White,Male,Under 5,NA,4539649
1939,Nonwhite,Female,10 to 14,NA,704951
1939,Nonwhite,Female,15 to 19,NA,703463
1939,Nonwhite,Female,20 to 24,NA,663480
1939,Nonwhite,Female,25 to 29,NA,624449
1939,Nonwhite,Female,30 to 34,NA,543290
1939,Nonwhite,Female,35 to 39,NA,529993
1939,Nonwhite,Female,40 to 44,NA,417473
1939,Nonwhite,Female,45 to 49,NA,353110
1939,Nonwhite,Female,5 to 9,NA,682218
1939,Nonwhite,Female,50 to 54,NA,270260
1939,Nonwhite,Female,55 to 59,NA,205734
1939,Nonwhite,Female,60 to 64,NA,160427
1939,Nonwhite,Female,65 to 69,NA,112944
1939,Nonwhite,Female,70 to 74,NA,76095
1939,Nonwhite,Female,75 years and over,NA,90463
1939,Nonwhite,Female,Under 5,NA,646318
1939,Nonwhite,Male,10 to 14,NA,697065
1939,Nonwhite,Male,15 to 19,NA,657305
1939,Nonwhite,Male,20 to 24,NA,577933
1939,Nonwhite,Male,25 to 29,NA,555847
1939,Nonwhite,Male,30 to 34,NA,499824
1939,Nonwhite,Male,35 to 39,NA,487501
1939,Nonwhite,Male,40 to 44,NA,416608
1939,Nonwhite,Male,45 to 49,NA,364136
1939,Nonwhite,Male,5 to 9,NA,676915
1939,Nonwhite,Male,50 to 54,NA,296380
1939,Nonwhite,Male,55 to 59,NA,234492
1939,Nonwhite,Male,60 to 64,NA,180604
1939,Nonwhite,Male,65 to 69,NA,128255
1939,Nonwhite,Male,70 to 74,NA,79034
1939,Nonwhite,Male,75 years and over,NA,78710
1939,Nonwhite,Male,Under 5,NA,640073
1939,White,Female,10 to 14,NA,5168059
1939,White,Female,15 to 19,NA,5444456
1939,White,Female,20 to 24,NA,5191858
1939,White,Female,25 to 29,NA,4968937
1939,White,Female,30 to 34,NA,4587678
1939,White,Female,35 to 39,NA,4215477
1939,White,Female,40 to 44,NA,3914852
1939,White,Female,45 to 49,NA,3661523
1939,White,Female,5 to 9,NA,4635313
1939,White,Female,50 to 54,NA,3164013
1939,White,Female,55 to 59,NA,2593617
1939,White,Female,60 to 64,NA,2157769
1939,White,Female,65 to 69,NA,1718938
1939,White,Female,70 to 74,NA,1182411
1939,White,Female,75 years and over,NA,1292825
1939,White,Female,Under 5,NA,4483985
1939,White,Male,10 to 14,NA,5335603
1939,White,Male,15 to 19,NA,5494803
1939,White,Male,20 to 24,NA,5085592
1939,White,Male,25 to 29,NA,4864144
1939,White,Male,30 to 34,NA,4532467
1939,White,Male,35 to 39,NA,4212863
1939,White,Male,40 to 44,NA,3982611
1939,White,Male,45 to 49,NA,3833599
1939,White,Male,5 to 9,NA,4800589
1939,White,Male,50 to 54,NA,3393740
1939,White,Male,55 to 59,NA,2745316
1939,White,Male,60 to 64,NA,2208779
1939,White,Male,65 to 69,NA,1704928
1939,White,Male,70 to 74,NA,1155665
1939,White,Male,75 years and over,NA,1144008
1939,White,Male,Under 5,NA,4647950
1940,Nonwhite,Female,10 to 14,NA,700251
1940,Nonwhite,Female,15 to 19,NA,703664
1940,Nonwhite,Female,20 to 24,NA,669231
1940,Nonwhite,Female,25 to 29,NA,635056
1940,Nonwhite,Female,30 to 34,NA,540811
1940,Nonwhite,Female,35 to 39,NA,539551
1940,Nonwhite,Female,40 to 44,NA,429920
1940,Nonwhite,Female,45 to 49,NA,358296
1940,Nonwhite,Female,5 to 9,NA,680590
1940,Nonwhite,Female,50 to 54,NA,277521
1940,Nonwhite,Female,55 to 59,NA,209704
1940,Nonwhite,Female,60 to 64,NA,161603
1940,Nonwhite,Female,65 to 69,NA,122922
1940,Nonwhite,Female,70 to 74,NA,81766
1940,Nonwhite,Female,75 to 79,NA,43576
1940,Nonwhite,Female,80 to 84,NA,22734
1940,Nonwhite,Female,85 years and over,NA,20198
1940,Nonwhite,Female,Under 5,NA,662169
1940,Nonwhite,Male,10 to 14,NA,694419
1940,Nonwhite,Male,15 to 19,NA,663766
1940,Nonwhite,Male,20 to 24,NA,580428
1940,Nonwhite,Male,25 to 29,NA,560239
1940,Nonwhite,Male,30 to 34,NA,497629
1940,Nonwhite,Male,35 to 39,NA,493269
1940,Nonwhite,Male,40 to 44,NA,426055
1940,Nonwhite,Male,45 to 49,NA,369069
1940,Nonwhite,Male,5 to 9,NA,674623
1940,Nonwhite,Male,50 to 54,NA,303168
1940,Nonwhite,Male,55 to 59,NA,234310
1940,Nonwhite,Male,60 to 64,NA,180696
1940,Nonwhite,Male,65 to 69,NA,135013
1940,Nonwhite,Male,70 to 74,NA,88126
1940,Nonwhite,Male,75 to 79,NA,42714
1940,Nonwhite,Male,80 to 84,NA,19912
1940,Nonwhite,Male,85 years and over,NA,14801
1940,Nonwhite,Male,Under 5,NA,655788
1940,White,Female,10 to 14,NA,5077092
1940,White,Female,15 to 19,NA,5441406
1940,White,Female,20 to 24,NA,5237385
1940,White,Female,25 to 29,NA,5029774
1940,White,Female,30 to 34,NA,4651397
1940,White,Female,35 to 39,NA,4283520
1940,White,Female,40 to 44,NA,3956653
1940,White,Female,45 to 49,NA,3698217
1940,White,Female,5 to 9,NA,4566170
1940,White,Female,50 to 54,NA,3241045
1940,White,Female,55 to 59,NA,2654089
1940,White,Female,60 to 64,NA,2199403
1940,White,Female,65 to 69,NA,1774946
1940,White,Female,70 to 74,NA,1225529
1940,White,Female,75 to 79,NA,742923
1940,White,Female,80 to 84,NA,395918
1940,White,Female,85 years and over,NA,191242
1940,White,Female,Under 5,NA,4543811
1940,White,Male,10 to 14,NA,5243196
1940,White,Male,15 to 19,NA,5533801
1940,White,Male,20 to 24,NA,5203317
1940,White,Male,25 to 29,NA,4931192
1940,White,Male,30 to 34,NA,4599851
1940,White,Male,35 to 39,NA,4280335
1940,White,Male,40 to 44,NA,4012363
1940,White,Male,45 to 49,NA,3848150
1940,White,Male,5 to 9,NA,4726914
1940,White,Male,50 to 54,NA,3459152
1940,White,Male,55 to 59,NA,2805395
1940,White,Male,60 to 64,NA,2248986
1940,White,Male,65 to 69,NA,1748899
1940,White,Male,70 to 74,NA,1189486
1940,White,Male,75 to 79,NA,685263
1940,White,Male,80 to 84,NA,341129
1940,White,Male,85 years and over,NA,144034
1940,White,Male,Under 5,NA,4716875
1941,Nonwhite,Female,10 to 14,NA,702581
1941,Nonwhite,Female,15 to 19,NA,701639
1941,Nonwhite,Female,20 to 24,NA,671096
1941,Nonwhite,Female,25 to 29,NA,639827
1941,Nonwhite,Female,30 to 34,NA,547482
1941,Nonwhite,Female,35 to 39,NA,547352
1941,Nonwhite,Female,40 to 44,NA,438077
1941,Nonwhite,Female,45 to 49,NA,367642
1941,Nonwhite,Female,5 to 9,NA,677294
1941,Nonwhite,Female,50 to 54,NA,285882
1941,Nonwhite,Female,55 to 59,NA,217400
1941,Nonwhite,Female,60 to 64,NA,167839
1941,Nonwhite,Female,65 to 69,NA,127178
1941,Nonwhite,Female,70 to 74,NA,84495
1941,Nonwhite,Female,75 to 79,NA,45178
1941,Nonwhite,Female,80 to 84,NA,23814
1941,Nonwhite,Female,85 years and over,NA,19925
1941,Nonwhite,Female,Under 5,NA,682266
1941,Nonwhite,Male,10 to 14,NA,698876
1941,Nonwhite,Male,15 to 19,NA,666895
1941,Nonwhite,Male,20 to 24,NA,586735
1941,Nonwhite,Male,25 to 29,NA,565465
1941,Nonwhite,Male,30 to 34,NA,500818
1941,Nonwhite,Male,35 to 39,NA,499532
1941,Nonwhite,Male,40 to 44,NA,432975
1941,Nonwhite,Male,45 to 49,NA,376637
1941,Nonwhite,Male,5 to 9,NA,674986
1941,Nonwhite,Male,50 to 54,NA,310309
1941,Nonwhite,Male,55 to 59,NA,241502
1941,Nonwhite,Male,60 to 64,NA,187080
1941,Nonwhite,Male,65 to 69,NA,138881
1941,Nonwhite,Male,70 to 74,NA,90623
1941,Nonwhite,Male,75 to 79,NA,44638
1941,Nonwhite,Male,80 to 84,NA,20848
1941,Nonwhite,Male,85 years and over,NA,14214
1941,Nonwhite,Male,Under 5,NA,673025
1941,White,Female,10 to 14,NA,4996861
1941,White,Female,15 to 19,NA,5405095
1941,White,Female,20 to 24,NA,5271972
1941,White,Female,25 to 29,NA,5091539
1941,White,Female,30 to 34,NA,4722276
1941,White,Female,35 to 39,NA,4360928
1941,White,Female,40 to 44,NA,4024432
1941,White,Female,45 to 49,NA,3750895
1941,White,Female,5 to 9,NA,4505954
1941,White,Female,50 to 54,NA,3299260
1941,White,Female,55 to 59,NA,2720158
1941,White,Female,60 to 64,NA,2261486
1941,White,Female,65 to 69,NA,1828447
1941,White,Female,70 to 74,NA,1263605
1941,White,Female,75 to 79,NA,767305
1941,White,Female,80 to 84,NA,406931
1941,White,Female,85 years and over,NA,199810
1941,White,Female,Under 5,NA,4658417
1941,White,Male,10 to 14,NA,5167855
1941,White,Male,15 to 19,NA,5493680
1941,White,Male,20 to 24,NA,5277535
1941,White,Male,25 to 29,NA,4980686
1941,White,Male,30 to 34,NA,4642618
1941,White,Male,35 to 39,NA,4330895
1941,White,Male,40 to 44,NA,4057881
1941,White,Male,45 to 49,NA,3875861
1941,White,Male,5 to 9,NA,4664806
1941,White,Male,50 to 54,NA,3492890
1941,White,Male,55 to 59,NA,2857697
1941,White,Male,60 to 64,NA,2305977
1941,White,Male,65 to 69,NA,1794436
1941,White,Male,70 to 74,NA,1218118
1941,White,Male,75 to 79,NA,701167
1941,White,Male,80 to 84,NA,347032
1941,White,Male,85 years and over,NA,151036
1941,White,Male,Under 5,NA,4835924
1942,Nonwhite,Female,10 to 14,NA,705164
1942,Nonwhite,Female,15 to 19,NA,701233
1942,Nonwhite,Female,20 to 24,NA,673223
1942,Nonwhite,Female,25 to 29,NA,644326
1942,Nonwhite,Female,30 to 34,NA,553806
1942,Nonwhite,Female,35 to 39,NA,554944
1942,Nonwhite,Female,40 to 44,NA,446164
1942,Nonwhite,Female,45 to 49,NA,376778
1942,Nonwhite,Female,5 to 9,NA,674572
1942,Nonwhite,Female,50 to 54,NA,294702
1942,Nonwhite,Female,55 to 59,NA,225313
1942,Nonwhite,Female,60 to 64,NA,174637
1942,Nonwhite,Female,65 to 69,NA,132216
1942,Nonwhite,Female,70 to 74,NA,87753
1942,Nonwhite,Female,75 to 79,NA,47297
1942,Nonwhite,Female,80 to 84,NA,25277
1942,Nonwhite,Female,85 years and over,NA,20173
1942,Nonwhite,Female,Under 5,NA,708680
1942,Nonwhite,Male,10 to 14,NA,703762
1942,Nonwhite,Male,15 to 19,NA,666294
1942,Nonwhite,Male,20 to 24,NA,597777
1942,Nonwhite,Male,25 to 29,NA,571596
1942,Nonwhite,Male,30 to 34,NA,504804
1942,Nonwhite,Male,35 to 39,NA,504572
1942,Nonwhite,Male,40 to 44,NA,438447
1942,Nonwhite,Male,45 to 49,NA,382865
1942,Nonwhite,Male,5 to 9,NA,668774
1942,Nonwhite,Male,50 to 54,NA,316804
1942,Nonwhite,Male,55 to 59,NA,248126
1942,Nonwhite,Male,60 to 64,NA,193547
1942,Nonwhite,Male,65 to 69,NA,143665
1942,Nonwhite,Male,70 to 74,NA,93525
1942,Nonwhite,Male,75 to 79,NA,47005
1942,Nonwhite,Male,80 to 84,NA,22235
1942,Nonwhite,Male,85 years and over,NA,14012
1942,Nonwhite,Male,Under 5,NA,703966
1942,White,Female,10 to 14,NA,4903225
1942,White,Female,15 to 19,NA,5358122
1942,White,Female,20 to 24,NA,5298422
1942,White,Female,25 to 29,NA,5144105
1942,White,Female,30 to 34,NA,4786266
1942,White,Female,35 to 39,NA,4431262
1942,White,Female,40 to 44,NA,4089842
1942,White,Female,45 to 49,NA,3808065
1942,White,Female,5 to 9,NA,4465177
1942,White,Female,50 to 54,NA,3358287
1942,White,Female,55 to 59,NA,2784405
1942,White,Female,60 to 64,NA,2324425
1942,White,Female,65 to 69,NA,1885334
1942,White,Female,70 to 74,NA,1307150
1942,White,Female,75 to 79,NA,795976
1942,White,Female,80 to 84,NA,421335
1942,White,Female,85 years and over,NA,209786
1942,White,Female,Under 5,NA,4845382
1942,White,Male,10 to 14,NA,5099042
1942,White,Male,15 to 19,NA,5412531
1942,White,Male,20 to 24,NA,5386060
1942,White,Male,25 to 29,NA,5012951
1942,White,Male,30 to 34,NA,4693393
1942,White,Male,35 to 39,NA,4378963
1942,White,Male,40 to 44,NA,4105563
1942,White,Male,45 to 49,NA,3908621
1942,White,Male,5 to 9,NA,4603878
1942,White,Male,50 to 54,NA,3529894
1942,White,Male,55 to 59,NA,2908134
1942,White,Male,60 to 64,NA,2361710
1942,White,Male,65 to 69,NA,1842364
1942,White,Male,70 to 74,NA,1252760
1942,White,Male,75 to 79,NA,721423
1942,White,Male,80 to 84,NA,355923
1942,White,Male,85 years and over,NA,158275
1942,White,Male,Under 5,NA,5043468
1943,Nonwhite,Female,10 to 14,NA,707835
1943,Nonwhite,Female,15 to 19,NA,701640
1943,Nonwhite,Female,20 to 24,NA,675678
1943,Nonwhite,Female,25 to 29,NA,648830
1943,Nonwhite,Female,30 to 34,NA,560093
1943,Nonwhite,Female,35 to 39,NA,562569
1943,Nonwhite,Female,40 to 44,NA,454272
1943,Nonwhite,Female,45 to 49,NA,385842
1943,Nonwhite,Female,5 to 9,NA,678430
1943,Nonwhite,Female,50 to 54,NA,303635
1943,Nonwhite,Female,55 to 59,NA,233117
1943,Nonwhite,Female,60 to 64,NA,181605
1943,Nonwhite,Female,65 to 69,NA,137589
1943,Nonwhite,Female,70 to 74,NA,91175
1943,Nonwhite,Female,75 to 79,NA,49549
1943,Nonwhite,Female,80 to 84,NA,26877
1943,Nonwhite,Female,85 years and over,NA,20628
1943,Nonwhite,Female,Under 5,NA,736835
1943,Nonwhite,Male,10 to 14,NA,710755
1943,Nonwhite,Male,15 to 19,NA,671465
1943,Nonwhite,Male,20 to 24,NA,622131
1943,Nonwhite,Male,25 to 29,NA,586762
1943,Nonwhite,Male,30 to 34,NA,515910
1943,Nonwhite,Male,35 to 39,NA,514529
1943,Nonwhite,Male,40 to 44,NA,447415
1943,Nonwhite,Male,45 to 49,NA,391106
1943,Nonwhite,Male,5 to 9,NA,669788
1943,Nonwhite,Male,50 to 54,NA,324392
1943,Nonwhite,Male,55 to 59,NA,255120
1943,Nonwhite,Male,60 to 64,NA,200438
1943,Nonwhite,Male,65 to 69,NA,149154
1943,Nonwhite,Male,70 to 74,NA,96652
1943,Nonwhite,Male,75 to 79,NA,49497
1943,Nonwhite,Male,80 to 84,NA,23902
1943,Nonwhite,Male,85 years and over,NA,14049
1943,Nonwhite,Male,Under 5,NA,734851
1943,White,Female,10 to 14,NA,4798804
1943,White,Female,15 to 19,NA,5298591
1943,White,Female,20 to 24,NA,5314430
1943,White,Female,25 to 29,NA,5190483
1943,White,Female,30 to 34,NA,4847036
1943,White,Female,35 to 39,NA,4498778
1943,White,Female,40 to 44,NA,4154292
1943,White,Female,45 to 49,NA,3866395
1943,White,Female,5 to 9,NA,4487676
1943,White,Female,50 to 54,NA,3416474
1943,White,Female,55 to 59,NA,2846003
1943,White,Female,60 to 64,NA,2385879
1943,White,Female,65 to 69,NA,1941663
1943,White,Female,70 to 74,NA,1350050
1943,White,Female,75 to 79,NA,823636
1943,White,Female,80 to 84,NA,433122
1943,White,Female,85 years and over,NA,218333
1943,White,Female,Under 5,NA,5165768
1943,White,Male,10 to 14,NA,5042423
1943,White,Male,15 to 19,NA,5328877
1943,White,Male,20 to 24,NA,5452153
1943,White,Male,25 to 29,NA,5084236
1943,White,Male,30 to 34,NA,4761234
1943,White,Male,35 to 39,NA,4432540
1943,White,Male,40 to 44,NA,4161976
1943,White,Male,45 to 49,NA,3944387
1943,White,Male,5 to 9,NA,4602948
1943,White,Male,50 to 54,NA,3566729
1943,White,Male,55 to 59,NA,2955411
1943,White,Male,60 to 64,NA,2414193
1943,White,Male,65 to 69,NA,1888743
1943,White,Male,70 to 74,NA,1286380
1943,White,Male,75 to 79,NA,740520
1943,White,Male,80 to 84,NA,362222
1943,White,Male,85 years and over,NA,163950
1943,White,Male,Under 5,NA,5378903
1944,Nonwhite,Female,10 to 14,NA,710340
1944,Nonwhite,Female,15 to 19,NA,701706
1944,Nonwhite,Female,20 to 24,NA,677934
1944,Nonwhite,Female,25 to 29,NA,653126
1944,Nonwhite,Female,30 to 34,NA,565968
1944,Nonwhite,Female,35 to 39,NA,569990
1944,Nonwhite,Female,40 to 44,NA,461901
1944,Nonwhite,Female,45 to 49,NA,394855
1944,Nonwhite,Female,5 to 9,NA,683113
1944,Nonwhite,Female,50 to 54,NA,312185
1944,Nonwhite,Female,55 to 59,NA,240637
1944,Nonwhite,Female,60 to 64,NA,188389
1944,Nonwhite,Female,65 to 69,NA,142905
1944,Nonwhite,Female,70 to 74,NA,94600
1944,Nonwhite,Female,75 to 79,NA,51692
1944,Nonwhite,Female,80 to 84,NA,28501
1944,Nonwhite,Female,85 years and over,NA,21073
1944,Nonwhite,Female,Under 5,NA,761394
1944,Nonwhite,Male,10 to 14,NA,712764
1944,Nonwhite,Male,15 to 19,NA,678180
1944,Nonwhite,Male,20 to 24,NA,637250
1944,Nonwhite,Male,25 to 29,NA,605307
1944,Nonwhite,Male,30 to 34,NA,528691
1944,Nonwhite,Male,35 to 39,NA,525607
1944,Nonwhite,Male,40 to 44,NA,456230
1944,Nonwhite,Male,45 to 49,NA,400157
1944,Nonwhite,Male,5 to 9,NA,673540
1944,Nonwhite,Male,50 to 54,NA,332003
1944,Nonwhite,Male,55 to 59,NA,261953
1944,Nonwhite,Male,60 to 64,NA,207256
1944,Nonwhite,Male,65 to 69,NA,154729
1944,Nonwhite,Male,70 to 74,NA,99794
1944,Nonwhite,Male,75 to 79,NA,51865
1944,Nonwhite,Male,80 to 84,NA,25663
1944,Nonwhite,Male,85 years and over,NA,14239
1944,Nonwhite,Male,Under 5,NA,762596
1944,White,Female,10 to 14,NA,4684969
1944,White,Female,15 to 19,NA,5227833
1944,White,Female,20 to 24,NA,5320941
1944,White,Female,25 to 29,NA,5233960
1944,White,Female,30 to 34,NA,4906170
1944,White,Female,35 to 39,NA,4566527
1944,White,Female,40 to 44,NA,4218820
1944,White,Female,45 to 49,NA,3923081
1944,White,Female,5 to 9,NA,4552095
1944,White,Female,50 to 54,NA,3473263
1944,White,Female,55 to 59,NA,2906686
1944,White,Female,60 to 64,NA,2446482
1944,White,Female,65 to 69,NA,1998079
1944,White,Female,70 to 74,NA,1391514
1944,White,Female,75 to 79,NA,851179
1944,White,Female,80 to 84,NA,442915
1944,White,Female,85 years and over,NA,225940
1944,White,Female,Under 5,NA,5388863
1944,White,Male,10 to 14,NA,4843085
1944,White,Male,15 to 19,NA,5329137
1944,White,Male,20 to 24,NA,5426116
1944,White,Male,25 to 29,NA,5181357
1944,White,Male,30 to 34,NA,4836517
1944,White,Male,35 to 39,NA,4493855
1944,White,Male,40 to 44,NA,4211786
1944,White,Male,45 to 49,NA,3981961
1944,White,Male,5 to 9,NA,4713236
1944,White,Male,50 to 54,NA,3601964
1944,White,Male,55 to 59,NA,3001510
1944,White,Male,60 to 64,NA,2465575
1944,White,Male,65 to 69,NA,1935448
1944,White,Male,70 to 74,NA,1319270
1944,White,Male,75 to 79,NA,760766
1944,White,Male,80 to 84,NA,368278
1944,White,Male,85 years and over,NA,169073
1944,White,Male,Under 5,NA,5610961
1945,Nonwhite,Female,10 to 14,NA,711188
1945,Nonwhite,Female,15 to 19,NA,700863
1945,Nonwhite,Female,20 to 24,NA,680599
1945,Nonwhite,Female,25 to 29,NA,658324
1945,Nonwhite,Female,30 to 34,NA,572735
1945,Nonwhite,Female,35 to 39,NA,578278
1945,Nonwhite,Female,40 to 44,NA,470230
1945,Nonwhite,Female,45 to 49,NA,404710
1945,Nonwhite,Female,5 to 9,NA,692136
1945,Nonwhite,Female,50 to 54,NA,321325
1945,Nonwhite,Female,55 to 59,NA,248801
1945,Nonwhite,Female,60 to 64,NA,195464
1945,Nonwhite,Female,65 to 69,NA,148749
1945,Nonwhite,Female,70 to 74,NA,98587
1945,Nonwhite,Female,75 to 79,NA,54097
1945,Nonwhite,Female,80 to 84,NA,30466
1945,Nonwhite,Female,85 years and over,NA,21885
1945,Nonwhite,Female,Under 5,NA,786243
1945,Nonwhite,Male,10 to 14,NA,713761
1945,Nonwhite,Male,15 to 19,NA,673522
1945,Nonwhite,Male,20 to 24,NA,649307
1945,Nonwhite,Male,25 to 29,NA,644147
1945,Nonwhite,Male,30 to 34,NA,542886
1945,Nonwhite,Male,35 to 39,NA,538953
1945,Nonwhite,Male,40 to 44,NA,463635
1945,Nonwhite,Male,45 to 49,NA,408350
1945,Nonwhite,Male,5 to 9,NA,681279
1945,Nonwhite,Male,50 to 54,NA,338937
1945,Nonwhite,Male,55 to 59,NA,268307
1945,Nonwhite,Male,60 to 64,NA,213635
1945,Nonwhite,Male,65 to 69,NA,160276
1945,Nonwhite,Male,70 to 74,NA,103414
1945,Nonwhite,Male,75 to 79,NA,54437
1945,Nonwhite,Male,80 to 84,NA,27689
1945,Nonwhite,Male,85 years and over,NA,14755
1945,Nonwhite,Male,Under 5,NA,789724
1945,White,Female,10 to 14,NA,4583261
1945,White,Female,15 to 19,NA,5143595
1945,White,Female,20 to 24,NA,5314487
1945,White,Female,25 to 29,NA,5279604
1945,White,Female,30 to 34,NA,4966722
1945,White,Female,35 to 39,NA,4639940
1945,White,Female,40 to 44,NA,4286181
1945,White,Female,45 to 49,NA,3977293
1945,White,Female,5 to 9,NA,4637534
1945,White,Female,50 to 54,NA,3532190
1945,White,Female,55 to 59,NA,2973479
1945,White,Female,60 to 64,NA,2512596
1945,White,Female,65 to 69,NA,2061865
1945,White,Female,70 to 74,NA,1440287
1945,White,Female,75 to 79,NA,886299
1945,White,Female,80 to 84,NA,461095
1945,White,Female,85 years and over,NA,238279
1945,White,Female,Under 5,NA,5583705
1945,White,Male,10 to 14,NA,4768584
1945,White,Male,15 to 19,NA,5150911
1945,White,Male,20 to 24,NA,5391809
1945,White,Male,25 to 29,NA,5215026
1945,White,Male,30 to 34,NA,4854263
1945,White,Male,35 to 39,NA,4555633
1945,White,Male,40 to 44,NA,4253992
1945,White,Male,45 to 49,NA,4020081
1945,White,Male,5 to 9,NA,4811187
1945,White,Male,50 to 54,NA,3639840
1945,White,Male,55 to 59,NA,3052950
1945,White,Male,60 to 64,NA,2522765
1945,White,Male,65 to 69,NA,1988358
1945,White,Male,70 to 74,NA,1357625
1945,White,Male,75 to 79,NA,787594
1945,White,Male,80 to 84,NA,381540
1945,White,Male,85 years and over,NA,176762
1945,White,Male,Under 5,NA,5819139
1946,Nonwhite,Female,10 to 14,NA,706618
1946,Nonwhite,Female,15 to 19,NA,697636
1946,Nonwhite,Female,20 to 24,NA,683871
1946,Nonwhite,Female,25 to 29,NA,664009
1946,Nonwhite,Female,30 to 34,NA,580185
1946,Nonwhite,Female,35 to 39,NA,586879
1946,Nonwhite,Female,40 to 44,NA,479216
1946,Nonwhite,Female,45 to 49,NA,414378
1946,Nonwhite,Female,5 to 9,NA,711091
1946,Nonwhite,Female,50 to 54,NA,330502
1946,Nonwhite,Female,55 to 59,NA,256947
1946,Nonwhite,Female,60 to 64,NA,201646
1946,Nonwhite,Female,65 to 69,NA,154465
1946,Nonwhite,Female,70 to 74,NA,102603
1946,Nonwhite,Female,75 to 79,NA,56298
1946,Nonwhite,Female,80 to 84,NA,32485
1946,Nonwhite,Female,85 years and over,NA,22766
1946,Nonwhite,Female,Under 5,NA,798354
1946,Nonwhite,Male,10 to 14,NA,714653
1946,Nonwhite,Male,15 to 19,NA,667381
1946,Nonwhite,Male,20 to 24,NA,637563
1946,Nonwhite,Male,25 to 29,NA,639541
1946,Nonwhite,Male,30 to 34,NA,544757
1946,Nonwhite,Male,35 to 39,NA,541042
1946,Nonwhite,Male,40 to 44,NA,471571
1946,Nonwhite,Male,45 to 49,NA,415765
1946,Nonwhite,Male,5 to 9,NA,697232
1946,Nonwhite,Male,50 to 54,NA,345965
1946,Nonwhite,Male,55 to 59,NA,274122
1946,Nonwhite,Male,60 to 64,NA,218696
1946,Nonwhite,Male,65 to 69,NA,165138
1946,Nonwhite,Male,70 to 74,NA,107243
1946,Nonwhite,Male,75 to 79,NA,56890
1946,Nonwhite,Male,80 to 84,NA,29741
1946,Nonwhite,Male,85 years and over,NA,15400
1946,Nonwhite,Male,Under 5,NA,801390
1946,White,Female,10 to 14,NA,4553831
1946,White,Female,15 to 19,NA,5037498
1946,White,Female,20 to 24,NA,5314932
1946,White,Female,25 to 29,NA,5339877
1946,White,Female,30 to 34,NA,5028474
1946,White,Female,35 to 39,NA,4719566
1946,White,Female,40 to 44,NA,4351773
1946,White,Female,45 to 49,NA,4017665
1946,White,Female,5 to 9,NA,4755046
1946,White,Female,50 to 54,NA,3585017
1946,White,Female,55 to 59,NA,3039050
1946,White,Female,60 to 64,NA,2573280
1946,White,Female,65 to 69,NA,2120734
1946,White,Female,70 to 74,NA,1486162
1946,White,Female,75 to 79,NA,919988
1946,White,Female,80 to 84,NA,484025
1946,White,Female,85 years and over,NA,248985
1946,White,Female,Under 5,NA,5701543
1946,White,Male,10 to 14,NA,4772598
1946,White,Male,15 to 19,NA,4975924
1946,White,Male,20 to 24,NA,5367946
1946,White,Male,25 to 29,NA,5249082
1946,White,Male,30 to 34,NA,4907752
1946,White,Male,35 to 39,NA,4611135
1946,White,Male,40 to 44,NA,4311635
1946,White,Male,45 to 49,NA,4042030
1946,White,Male,5 to 9,NA,4932844
1946,White,Male,50 to 54,NA,3668470
1946,White,Male,55 to 59,NA,3103211
1946,White,Male,60 to 64,NA,2577291
1946,White,Male,65 to 69,NA,2036557
1946,White,Male,70 to 74,NA,1392747
1946,White,Male,75 to 79,NA,814163
1946,White,Male,80 to 84,NA,398679
1946,White,Male,85 years and over,NA,182381
1946,White,Male,Under 5,NA,5942636
1947,Nonwhite,Female,10 to 14,NA,701838
1947,Nonwhite,Female,15 to 19,NA,690683
1947,Nonwhite,Female,20 to 24,NA,688088
1947,Nonwhite,Female,25 to 29,NA,671666
1947,Nonwhite,Female,30 to 34,NA,589661
1947,Nonwhite,Female,35 to 39,NA,597381
1947,Nonwhite,Female,40 to 44,NA,489404
1947,Nonwhite,Female,45 to 49,NA,425084
1947,Nonwhite,Female,5 to 9,NA,735805
1947,Nonwhite,Female,50 to 54,NA,339831
1947,Nonwhite,Female,55 to 59,NA,264874
1947,Nonwhite,Female,60 to 64,NA,206869
1947,Nonwhite,Female,65 to 69,NA,159500
1947,Nonwhite,Female,70 to 74,NA,106266
1947,Nonwhite,Female,75 to 79,NA,58110
1947,Nonwhite,Female,80 to 84,NA,34588
1947,Nonwhite,Female,85 years and over,NA,23539
1947,Nonwhite,Female,Under 5,NA,844682
1947,Nonwhite,Male,10 to 14,NA,707068
1947,Nonwhite,Male,15 to 19,NA,665644
1947,Nonwhite,Male,20 to 24,NA,619189
1947,Nonwhite,Male,25 to 29,NA,636654
1947,Nonwhite,Male,30 to 34,NA,546759
1947,Nonwhite,Male,35 to 39,NA,546412
1947,Nonwhite,Male,40 to 44,NA,478533
1947,Nonwhite,Male,45 to 49,NA,423823
1947,Nonwhite,Male,5 to 9,NA,726614
1947,Nonwhite,Male,50 to 54,NA,353262
1947,Nonwhite,Male,55 to 59,NA,279399
1947,Nonwhite,Male,60 to 64,NA,222333
1947,Nonwhite,Male,65 to 69,NA,168677
1947,Nonwhite,Male,70 to 74,NA,110262
1947,Nonwhite,Male,75 to 79,NA,59103
1947,Nonwhite,Male,80 to 84,NA,31784
1947,Nonwhite,Male,85 years and over,NA,16084
1947,Nonwhite,Male,Under 5,NA,847168
1947,White,Female,10 to 14,NA,4550630
1947,White,Female,15 to 19,NA,4925578
1947,White,Female,20 to 24,NA,5296475
1947,White,Female,25 to 29,NA,5408246
1947,White,Female,30 to 34,NA,5093315
1947,White,Female,35 to 39,NA,4812630
1947,White,Female,40 to 44,NA,4418468
1947,White,Female,45 to 49,NA,4042949
1947,White,Female,5 to 9,NA,4946008
1947,White,Female,50 to 54,NA,3635756
1947,White,Female,55 to 59,NA,3113659
1947,White,Female,60 to 64,NA,2637599
1947,White,Female,65 to 69,NA,2183803
1947,White,Female,70 to 74,NA,1533635
1947,White,Female,75 to 79,NA,957735
1947,White,Female,80 to 84,NA,511997
1947,White,Female,85 years and over,NA,262962
1947,White,Female,Under 5,NA,6220865
1947,White,Male,10 to 14,NA,4746583
1947,White,Male,15 to 19,NA,5026175
1947,White,Male,20 to 24,NA,5210602
1947,White,Male,25 to 29,NA,5322441
1947,White,Male,30 to 34,NA,4967133
1947,White,Male,35 to 39,NA,4701062
1947,White,Male,40 to 44,NA,4377417
1947,White,Male,45 to 49,NA,4057619
1947,White,Male,5 to 9,NA,5142703
1947,White,Male,50 to 54,NA,3692343
1947,White,Male,55 to 59,NA,3162755
1947,White,Male,60 to 64,NA,2639884
1947,White,Male,65 to 69,NA,2086874
1947,White,Male,70 to 74,NA,1426826
1947,White,Male,75 to 79,NA,844057
1947,White,Male,80 to 84,NA,419933
1947,White,Male,85 years and over,NA,189697
1947,White,Male,Under 5,NA,6493020
1948,Nonwhite,Female,10 to 14,NA,702733
1948,Nonwhite,Female,15 to 19,NA,681162
1948,Nonwhite,Female,20 to 24,NA,693022
1948,Nonwhite,Female,25 to 29,NA,680693
1948,Nonwhite,Female,30 to 34,NA,599671
1948,Nonwhite,Female,35 to 39,NA,608108
1948,Nonwhite,Female,40 to 44,NA,499601
1948,Nonwhite,Female,45 to 49,NA,436067
1948,Nonwhite,Female,5 to 9,NA,761457
1948,Nonwhite,Female,50 to 54,NA,348858
1948,Nonwhite,Female,55 to 59,NA,272291
1948,Nonwhite,Female,60 to 64,NA,211300
1948,Nonwhite,Female,65 to 69,NA,163769
1948,Nonwhite,Female,70 to 74,NA,109455
1948,Nonwhite,Female,75 to 79,NA,59583
1948,Nonwhite,Female,80 to 84,NA,36620
1948,Nonwhite,Female,85 years and over,NA,24254
1948,Nonwhite,Female,Under 5,NA,886895
1948,Nonwhite,Male,10 to 14,NA,708618
1948,Nonwhite,Male,15 to 19,NA,654869
1948,Nonwhite,Male,20 to 24,NA,622433
1948,Nonwhite,Male,25 to 29,NA,637142
1948,Nonwhite,Male,30 to 34,NA,551471
1948,Nonwhite,Male,35 to 39,NA,553590
1948,Nonwhite,Male,40 to 44,NA,485772
1948,Nonwhite,Male,45 to 49,NA,431597
1948,Nonwhite,Male,5 to 9,NA,754308
1948,Nonwhite,Male,50 to 54,NA,359541
1948,Nonwhite,Male,55 to 59,NA,282507
1948,Nonwhite,Male,60 to 64,NA,223056
1948,Nonwhite,Male,65 to 69,NA,169554
1948,Nonwhite,Male,70 to 74,NA,111586
1948,Nonwhite,Male,75 to 79,NA,60643
1948,Nonwhite,Male,80 to 84,NA,33633
1948,Nonwhite,Male,85 years and over,NA,16821
1948,Nonwhite,Male,Under 5,NA,890414
1948,White,Female,10 to 14,NA,4604842
1948,White,Female,15 to 19,NA,4815487
1948,White,Female,20 to 24,NA,5263774
1948,White,Female,25 to 29,NA,5476125
1948,White,Female,30 to 34,NA,5161061
1948,White,Female,35 to 39,NA,4916272
1948,White,Female,40 to 44,NA,4489646
1948,White,Female,45 to 49,NA,4061371
1948,White,Female,5 to 9,NA,5275794
1948,White,Female,50 to 54,NA,3686930
1948,White,Female,55 to 59,NA,3194935
1948,White,Female,60 to 64,NA,2704561
1948,White,Female,65 to 69,NA,2248319
1948,White,Female,70 to 74,NA,1581173
1948,White,Female,75 to 79,NA,997310
1948,White,Female,80 to 84,NA,540828
1948,White,Female,85 years and over,NA,278476
1948,White,Female,Under 5,NA,6429175
1948,White,Male,10 to 14,NA,4792674
1948,White,Male,15 to 19,NA,4920332
1948,White,Male,20 to 24,NA,5214588
1948,White,Male,25 to 29,NA,5361084
1948,White,Male,30 to 34,NA,5026892
1948,White,Male,35 to 39,NA,4793912
1948,White,Male,40 to 44,NA,4446868
1948,White,Male,45 to 49,NA,4067693
1948,White,Male,5 to 9,NA,5488753
1948,White,Male,50 to 54,NA,3714771
1948,White,Male,55 to 59,NA,3227889
1948,White,Male,60 to 64,NA,2707226
1948,White,Male,65 to 69,NA,2136580
1948,White,Male,70 to 74,NA,1457923
1948,White,Male,75 to 79,NA,873816
1948,White,Male,80 to 84,NA,440882
1948,White,Male,85 years and over,NA,197799
1948,White,Male,Under 5,NA,6712447
1949,Nonwhite,Female,10 to 14,NA,704595
1949,Nonwhite,Female,15 to 19,NA,670065
1949,Nonwhite,Female,20 to 24,NA,696995
1949,Nonwhite,Female,25 to 29,NA,689147
1949,Nonwhite,Female,30 to 34,NA,609386
1949,Nonwhite,Female,35 to 39,NA,618657
1949,Nonwhite,Female,40 to 44,NA,509535
1949,Nonwhite,Female,45 to 49,NA,446963
1949,Nonwhite,Female,5 to 9,NA,783881
1949,Nonwhite,Female,50 to 54,NA,357796
1949,Nonwhite,Female,55 to 59,NA,279773
1949,Nonwhite,Female,60 to 64,NA,215816
1949,Nonwhite,Female,65 to 69,NA,167866
1949,Nonwhite,Female,70 to 74,NA,112659
1949,Nonwhite,Female,75 to 79,NA,61154
1949,Nonwhite,Female,80 to 84,NA,38690
1949,Nonwhite,Female,85 years and over,NA,25281
1949,Nonwhite,Female,Under 5,NA,943860
1949,Nonwhite,Male,10 to 14,NA,711947
1949,Nonwhite,Male,15 to 19,NA,644713
1949,Nonwhite,Male,20 to 24,NA,617969
1949,Nonwhite,Male,25 to 29,NA,632229
1949,Nonwhite,Male,30 to 34,NA,550581
1949,Nonwhite,Male,35 to 39,NA,559400
1949,Nonwhite,Male,40 to 44,NA,492824
1949,Nonwhite,Male,45 to 49,NA,440392
1949,Nonwhite,Male,5 to 9,NA,778298
1949,Nonwhite,Male,50 to 54,NA,367317
1949,Nonwhite,Male,55 to 59,NA,287342
1949,Nonwhite,Male,60 to 64,NA,225505
1949,Nonwhite,Male,65 to 69,NA,171506
1949,Nonwhite,Male,70 to 74,NA,114043
1949,Nonwhite,Male,75 to 79,NA,62704
1949,Nonwhite,Male,80 to 84,NA,35421
1949,Nonwhite,Male,85 years and over,NA,17834
1949,Nonwhite,Male,Under 5,NA,947688
1949,White,Female,10 to 14,NA,4683022
1949,White,Female,15 to 19,NA,4711678
1949,White,Female,20 to 24,NA,5219828
1949,White,Female,25 to 29,NA,5537489
1949,White,Female,30 to 34,NA,5228925
1949,White,Female,35 to 39,NA,5022634
1949,White,Female,40 to 44,NA,4563035
1949,White,Female,45 to 49,NA,4080555
1949,White,Female,5 to 9,NA,5508728
1949,White,Female,50 to 54,NA,3742699
1949,White,Female,55 to 59,NA,3282051
1949,White,Female,60 to 64,NA,2774395
1949,White,Female,65 to 69,NA,2315204
1949,White,Female,70 to 74,NA,1631602
1949,White,Female,75 to 79,NA,1040387
1949,White,Female,80 to 84,NA,571438
1949,White,Female,85 years and over,NA,297356
1949,White,Female,Under 5,NA,6709550
1949,White,Male,10 to 14,NA,4867814
1949,White,Male,15 to 19,NA,4843591
1949,White,Male,20 to 24,NA,5165199
1949,White,Male,25 to 29,NA,5394004
1949,White,Male,30 to 34,NA,5086634
1949,White,Male,35 to 39,NA,4897319
1949,White,Male,40 to 44,NA,4523850
1949,White,Male,45 to 49,NA,4082000
1949,White,Male,5 to 9,NA,5731627
1949,White,Male,50 to 54,NA,3742391
1949,White,Male,55 to 59,NA,3300265
1949,White,Male,60 to 64,NA,2779901
1949,White,Male,65 to 69,NA,2189103
1949,White,Male,70 to 74,NA,1491565
1949,White,Male,75 to 79,NA,905631
1949,White,Male,80 to 84,NA,462130
1949,White,Male,85 years and over,NA,208700
1949,White,Male,Under 5,NA,7005998
1950,Nonwhite,Female,10 to 14,NA,732382
1950,Nonwhite,Female,15 to 19,NA,678494
1950,Nonwhite,Female,20 to 24,NA,717604
1950,Nonwhite,Female,25 to 29,NA,714169
1950,Nonwhite,Female,30 to 34,NA,635678
1950,Nonwhite,Female,35 to 39,NA,639195
1950,Nonwhite,Female,40 to 44,NA,527480
1950,Nonwhite,Female,45 to 49,NA,463467
1950,Nonwhite,Female,5 to 9,NA,833250
1950,Nonwhite,Female,50 to 54,NA,373561
1950,Nonwhite,Female,55 to 59,NA,268639
1950,Nonwhite,Female,60 to 64,NA,204405
1950,Nonwhite,Female,65 to 69,NA,220021
1950,Nonwhite,Female,70 to 74,NA,118312
1950,Nonwhite,Female,75 to 79,NA,64113
1950,Nonwhite,Female,80 to 84,NA,41698
1950,Nonwhite,Female,85 years and over,NA,26563
1950,Nonwhite,Female,Under 5,NA,1027962
1950,Nonwhite,Male,10 to 14,NA,738866
1950,Nonwhite,Male,15 to 19,NA,651639
1950,Nonwhite,Male,20 to 24,NA,633794
1950,Nonwhite,Male,25 to 29,NA,646391
1950,Nonwhite,Male,30 to 34,NA,568514
1950,Nonwhite,Male,35 to 39,NA,583908
1950,Nonwhite,Male,40 to 44,NA,513677
1950,Nonwhite,Male,45 to 49,NA,459812
1950,Nonwhite,Male,5 to 9,NA,830549
1950,Nonwhite,Male,50 to 54,NA,384015
1950,Nonwhite,Male,55 to 59,NA,287529
1950,Nonwhite,Male,60 to 64,NA,216469
1950,Nonwhite,Male,65 to 69,NA,207030
1950,Nonwhite,Male,70 to 74,NA,119952
1950,Nonwhite,Male,75 to 79,NA,67078
1950,Nonwhite,Male,80 to 84,NA,37980
1950,Nonwhite,Male,85 years and over,NA,19387
1950,Nonwhite,Male,Under 5,NA,1034317
1950,White,Female,10 to 14,NA,4773604
1950,White,Female,15 to 19,NA,4615595
1950,White,Female,20 to 24,NA,5168410
1950,White,Female,25 to 29,NA,5576813
1950,White,Female,30 to 34,NA,5305952
1950,White,Female,35 to 39,NA,5122560
1950,White,Female,40 to 44,NA,4641812
1950,White,Female,45 to 49,NA,4112785
1950,White,Female,5 to 9,NA,5730497
1950,White,Female,50 to 54,NA,3788246
1950,White,Female,55 to 59,NA,3367996
1950,White,Female,60 to 64,NA,2840668
1950,White,Female,65 to 69,NA,2381926
1950,White,Female,70 to 74,NA,1682028
1950,White,Female,75 to 79,NA,1086384
1950,White,Female,80 to 84,NA,600101
1950,White,Female,85 years and over,NA,320018
1950,White,Female,Under 5,NA,7020017
1950,White,Male,10 to 14,NA,4967807
1950,White,Male,15 to 19,NA,4729677
1950,White,Male,20 to 24,NA,5160584
1950,White,Male,25 to 29,NA,5424223
1950,White,Male,30 to 34,NA,5164033
1950,White,Male,35 to 39,NA,5000986
1950,White,Male,40 to 44,NA,4606851
1950,White,Male,45 to 49,NA,4105935
1950,White,Male,5 to 9,NA,5980241
1950,White,Male,50 to 54,NA,3765123
1950,White,Male,55 to 59,NA,3368920
1950,White,Male,60 to 64,NA,2841481
1950,White,Male,65 to 69,NA,2239812
1950,White,Male,70 to 74,NA,1523696
1950,White,Male,75 to 79,NA,937723
1950,White,Male,80 to 84,NA,479710
1950,White,Male,85 years and over,NA,223644
1950,White,Male,Under 5,NA,7327659
1951,Nonwhite,Female,10 to 14,NA,753809
1951,Nonwhite,Female,15 to 19,NA,678665
1951,Nonwhite,Female,20 to 24,NA,708022
1951,Nonwhite,Female,25 to 29,NA,713195
1951,Nonwhite,Female,30 to 34,NA,651858
1951,Nonwhite,Female,35 to 39,NA,643733
1951,Nonwhite,Female,40 to 44,NA,539301
1951,Nonwhite,Female,45 to 49,NA,467086
1951,Nonwhite,Female,5 to 9,NA,848682
1951,Nonwhite,Female,50 to 54,NA,385832
1951,Nonwhite,Female,55 to 59,NA,281996
1951,Nonwhite,Female,60 to 64,NA,213724
1951,Nonwhite,Female,65 to 69,NA,225428
1951,Nonwhite,Female,70 to 74,NA,124558
1951,Nonwhite,Female,75 to 79,NA,67111
1951,Nonwhite,Female,80 to 84,NA,45235
1951,Nonwhite,Female,85 years and over,NA,27355
1951,Nonwhite,Female,Under 5,NA,1104472
1951,Nonwhite,Male,10 to 14,NA,758126
1951,Nonwhite,Male,15 to 19,NA,654173
1951,Nonwhite,Male,20 to 24,NA,626770
1951,Nonwhite,Male,25 to 29,NA,642692
1951,Nonwhite,Male,30 to 34,NA,584938
1951,Nonwhite,Male,35 to 39,NA,593028
1951,Nonwhite,Male,40 to 44,NA,520310
1951,Nonwhite,Male,45 to 49,NA,461252
1951,Nonwhite,Male,5 to 9,NA,846367
1951,Nonwhite,Male,50 to 54,NA,394512
1951,Nonwhite,Male,55 to 59,NA,297295
1951,Nonwhite,Male,60 to 64,NA,222546
1951,Nonwhite,Male,65 to 69,NA,210876
1951,Nonwhite,Male,70 to 74,NA,123951
1951,Nonwhite,Male,75 to 79,NA,70142
1951,Nonwhite,Male,80 to 84,NA,39191
1951,Nonwhite,Male,85 years and over,NA,20235
1951,Nonwhite,Male,Under 5,NA,1110461
1951,White,Female,10 to 14,NA,4895833
1951,White,Female,15 to 19,NA,4561582
1951,White,Female,20 to 24,NA,5091491
1951,White,Female,25 to 29,NA,5534859
1951,White,Female,30 to 34,NA,5400893
1951,White,Female,35 to 39,NA,5175468
1951,White,Female,40 to 44,NA,4720540
1951,White,Female,45 to 49,NA,4202798
1951,White,Female,5 to 9,NA,5858079
1951,White,Female,50 to 54,NA,3808488
1951,White,Female,55 to 59,NA,3447535
1951,White,Female,60 to 64,NA,2913291
1951,White,Female,65 to 69,NA,2454152
1951,White,Female,70 to 74,NA,1739529
1951,White,Female,75 to 79,NA,1135394
1951,White,Female,80 to 84,NA,619173
1951,White,Female,85 years and over,NA,339348
1951,White,Female,Under 5,NA,7398111
1951,White,Male,10 to 14,NA,5092215
1951,White,Male,15 to 19,NA,4662940
1951,White,Male,20 to 24,NA,5125901
1951,White,Male,25 to 29,NA,5404121
1951,White,Male,30 to 34,NA,5256824
1951,White,Male,35 to 39,NA,5049955
1951,White,Male,40 to 44,NA,4671341
1951,White,Male,45 to 49,NA,4181854
1951,White,Male,5 to 9,NA,6114502
1951,White,Male,50 to 54,NA,3774999
1951,White,Male,55 to 59,NA,3421875
1951,White,Male,60 to 64,NA,2886585
1951,White,Male,65 to 69,NA,2298278
1951,White,Male,70 to 74,NA,1564678
1951,White,Male,75 to 79,NA,971438
1951,White,Male,80 to 84,NA,485723
1951,White,Male,85 years and over,NA,240766
1951,White,Male,Under 5,NA,7720403
1952,Nonwhite,Female,10 to 14,NA,781581
1952,Nonwhite,Female,15 to 19,NA,680541
1952,Nonwhite,Female,20 to 24,NA,703648
1952,Nonwhite,Female,25 to 29,NA,708429
1952,Nonwhite,Female,30 to 34,NA,672251
1952,Nonwhite,Female,35 to 39,NA,643901
1952,Nonwhite,Female,40 to 44,NA,555497
1952,Nonwhite,Female,45 to 49,NA,468513
1952,Nonwhite,Female,5 to 9,NA,893288
1952,Nonwhite,Female,50 to 54,NA,398385
1952,Nonwhite,Female,55 to 59,NA,295471
1952,Nonwhite,Female,60 to 64,NA,223494
1952,Nonwhite,Female,65 to 69,NA,230072
1952,Nonwhite,Female,70 to 74,NA,131619
1952,Nonwhite,Female,75 to 79,NA,70034
1952,Nonwhite,Female,80 to 84,NA,47765
1952,Nonwhite,Female,85 years and over,NA,28782
1952,Nonwhite,Female,Under 5,NA,1143986
1952,Nonwhite,Male,10 to 14,NA,789233
1952,Nonwhite,Male,15 to 19,NA,654312
1952,Nonwhite,Male,20 to 24,NA,623207
1952,Nonwhite,Male,25 to 29,NA,634300
1952,Nonwhite,Male,30 to 34,NA,602187
1952,Nonwhite,Male,35 to 39,NA,598970
1952,Nonwhite,Male,40 to 44,NA,530547
1952,Nonwhite,Male,45 to 49,NA,460081
1952,Nonwhite,Male,5 to 9,NA,890745
1952,Nonwhite,Male,50 to 54,NA,405429
1952,Nonwhite,Male,55 to 59,NA,307492
1952,Nonwhite,Male,60 to 64,NA,228174
1952,Nonwhite,Male,65 to 69,NA,215157
1952,Nonwhite,Male,70 to 74,NA,127894
1952,Nonwhite,Male,75 to 79,NA,73376
1952,Nonwhite,Male,80 to 84,NA,40053
1952,Nonwhite,Male,85 years and over,NA,21258
1952,Nonwhite,Male,Under 5,NA,1146650
1952,White,Female,10 to 14,NA,5090275
1952,White,Female,15 to 19,NA,4554337
1952,White,Female,20 to 24,NA,4988168
1952,White,Female,25 to 29,NA,5478961
1952,White,Female,30 to 34,NA,5494956
1952,White,Female,35 to 39,NA,5229117
1952,White,Female,40 to 44,NA,4797560
1952,White,Female,45 to 49,NA,4321288
1952,White,Female,5 to 9,NA,6372898
1952,White,Female,50 to 54,NA,3818833
1952,White,Female,55 to 59,NA,3497782
1952,White,Female,60 to 64,NA,3005302
1952,White,Female,65 to 69,NA,2516969
1952,White,Female,70 to 74,NA,1805927
1952,White,Female,75 to 79,NA,1180655
1952,White,Female,80 to 84,NA,641116
1952,White,Female,85 years and over,NA,358238
1952,White,Female,Under 5,NA,7350911
1952,White,Male,10 to 14,NA,5301244
1952,White,Male,15 to 19,NA,4645989
1952,White,Male,20 to 24,NA,5035063
1952,White,Male,25 to 29,NA,5365659
1952,White,Male,30 to 34,NA,5344998
1952,White,Male,35 to 39,NA,5100142
1952,White,Male,40 to 44,NA,4737070
1952,White,Male,45 to 49,NA,4284045
1952,White,Male,5 to 9,NA,6653873
1952,White,Male,50 to 54,NA,3778449
1952,White,Male,55 to 59,NA,3446238
1952,White,Male,60 to 64,NA,2945168
1952,White,Male,65 to 69,NA,2348718
1952,White,Male,70 to 74,NA,1613265
1952,White,Male,75 to 79,NA,1001308
1952,White,Male,80 to 84,NA,494316
1952,White,Male,85 years and over,NA,256869
1952,White,Male,Under 5,NA,7670711
1953,Nonwhite,Female,10 to 14,NA,810973
1953,Nonwhite,Female,15 to 19,NA,687645
1953,Nonwhite,Female,20 to 24,NA,699003
1953,Nonwhite,Female,25 to 29,NA,700589
1953,Nonwhite,Female,30 to 34,NA,692939
1953,Nonwhite,Female,35 to 39,NA,642855
1953,Nonwhite,Female,40 to 44,NA,572967
1953,Nonwhite,Female,45 to 49,NA,470038
1953,Nonwhite,Female,5 to 9,NA,935692
1953,Nonwhite,Female,50 to 54,NA,410619
1953,Nonwhite,Female,55 to 59,NA,309111
1953,Nonwhite,Female,60 to 64,NA,233655
1953,Nonwhite,Female,65 to 69,NA,234576
1953,Nonwhite,Female,70 to 74,NA,138984
1953,Nonwhite,Female,75 to 79,NA,73309
1953,Nonwhite,Female,80 to 84,NA,49508
1953,Nonwhite,Female,85 years and over,NA,30551
1953,Nonwhite,Female,Under 5,NA,1187277
1953,Nonwhite,Male,10 to 14,NA,819874
1953,Nonwhite,Male,15 to 19,NA,662110
1953,Nonwhite,Male,20 to 24,NA,622104
1953,Nonwhite,Male,25 to 29,NA,624020
1953,Nonwhite,Male,30 to 34,NA,618311
1953,Nonwhite,Male,35 to 39,NA,603312
1953,Nonwhite,Male,40 to 44,NA,541933
1953,Nonwhite,Male,45 to 49,NA,458726
1953,Nonwhite,Male,5 to 9,NA,933420
1953,Nonwhite,Male,50 to 54,NA,415851
1953,Nonwhite,Male,55 to 59,NA,318181
1953,Nonwhite,Male,60 to 64,NA,233704
1953,Nonwhite,Male,65 to 69,NA,219816
1953,Nonwhite,Male,70 to 74,NA,131803
1953,Nonwhite,Male,75 to 79,NA,76918
1953,Nonwhite,Male,80 to 84,NA,40825
1953,Nonwhite,Male,85 years and over,NA,22304
1953,Nonwhite,Male,Under 5,NA,1187701
1953,White,Female,10 to 14,NA,5407490
1953,White,Female,15 to 19,NA,4619699
1953,White,Female,20 to 24,NA,4847569
1953,White,Female,25 to 29,NA,5447247
1953,White,Female,30 to 34,NA,5527586
1953,White,Female,35 to 39,NA,5276599
1953,White,Female,40 to 44,NA,4870528
1953,White,Female,45 to 49,NA,4431897
1953,White,Female,5 to 9,NA,6587282
1953,White,Female,50 to 54,NA,3855049
1953,White,Female,55 to 59,NA,3524028
1953,White,Female,60 to 64,NA,3097721
1953,White,Female,65 to 69,NA,2582371
1953,White,Female,70 to 74,NA,1875523
1953,White,Female,75 to 79,NA,1224176
1953,White,Female,80 to 84,NA,667342
1953,White,Female,85 years and over,NA,376705
1953,White,Female,Under 5,NA,7470779
1953,White,Male,10 to 14,NA,5632664
1953,White,Male,15 to 19,NA,4714313
1953,White,Male,20 to 24,NA,4893469
1953,White,Male,25 to 29,NA,5359957
1953,White,Male,30 to 34,NA,5369358
1953,White,Male,35 to 39,NA,5141482
1953,White,Male,40 to 44,NA,4796103
1953,White,Male,45 to 49,NA,4374475
1953,White,Male,5 to 9,NA,6876019
1953,White,Male,50 to 54,NA,3810843
1953,White,Male,55 to 59,NA,3449059
1953,White,Male,60 to 64,NA,3000728
1953,White,Male,65 to 69,NA,2400488
1953,White,Male,70 to 74,NA,1664313
1953,White,Male,75 to 79,NA,1029826
1953,White,Male,80 to 84,NA,506663
1953,White,Male,85 years and over,NA,271058
1953,White,Male,Under 5,NA,7792579
1954,Nonwhite,Female,10 to 14,NA,837792
1954,Nonwhite,Female,15 to 19,NA,697478
1954,Nonwhite,Female,20 to 24,NA,694737
1954,Nonwhite,Female,25 to 29,NA,694308
1954,Nonwhite,Female,30 to 34,NA,710279
1954,Nonwhite,Female,35 to 39,NA,645047
1954,Nonwhite,Female,40 to 44,NA,588088
1954,Nonwhite,Female,45 to 49,NA,474975
1954,Nonwhite,Female,5 to 9,NA,991948
1954,Nonwhite,Female,50 to 54,NA,421650
1954,Nonwhite,Female,55 to 59,NA,323296
1954,Nonwhite,Female,60 to 64,NA,244287
1954,Nonwhite,Female,65 to 69,NA,239689
1954,Nonwhite,Female,70 to 74,NA,146279
1954,Nonwhite,Female,75 to 79,NA,77527
1954,Nonwhite,Female,80 to 84,NA,50784
1954,Nonwhite,Female,85 years and over,NA,32587
1954,Nonwhite,Female,Under 5,NA,1230954
1954,Nonwhite,Male,10 to 14,NA,846731
1954,Nonwhite,Male,15 to 19,NA,673489
1954,Nonwhite,Male,20 to 24,NA,621427
1954,Nonwhite,Male,25 to 29,NA,615624
1954,Nonwhite,Male,30 to 34,NA,631200
1954,Nonwhite,Male,35 to 39,NA,608694
1954,Nonwhite,Male,40 to 44,NA,551996
1954,Nonwhite,Male,45 to 49,NA,460692
1954,Nonwhite,Male,5 to 9,NA,989638
1954,Nonwhite,Male,50 to 54,NA,424983
1954,Nonwhite,Male,55 to 59,NA,329826
1954,Nonwhite,Male,60 to 64,NA,240159
1954,Nonwhite,Male,65 to 69,NA,224953
1954,Nonwhite,Male,70 to 74,NA,136199
1954,Nonwhite,Male,75 to 79,NA,80996
1954,Nonwhite,Male,80 to 84,NA,41980
1954,Nonwhite,Male,85 years and over,NA,23528
1954,Nonwhite,Male,Under 5,NA,1228951
1954,White,Female,10 to 14,NA,5637253
1954,White,Female,15 to 19,NA,4712454
1954,White,Female,20 to 24,NA,4730710
1954,White,Female,25 to 29,NA,5369799
1954,White,Female,30 to 34,NA,5583361
1954,White,Female,35 to 39,NA,5316352
1954,White,Female,40 to 44,NA,4933566
1954,White,Female,45 to 49,NA,4544279
1954,White,Female,5 to 9,NA,6874493
1954,White,Female,50 to 54,NA,3905678
1954,White,Female,55 to 59,NA,3559191
1954,White,Female,60 to 64,NA,3176000
1954,White,Female,65 to 69,NA,2650024
1954,White,Female,70 to 74,NA,1959264
1954,White,Female,75 to 79,NA,1267877
1954,White,Female,80 to 84,NA,698648
1954,White,Female,85 years and over,NA,397604
1954,White,Female,Under 5,NA,7634892
1954,White,Male,10 to 14,NA,5868902
1954,White,Male,15 to 19,NA,4810720
1954,White,Male,20 to 24,NA,4785541
1954,White,Male,25 to 29,NA,5302638
1954,White,Male,30 to 34,NA,5432819
1954,White,Male,35 to 39,NA,5170665
1954,White,Male,40 to 44,NA,4847057
1954,White,Male,45 to 49,NA,4470544
1954,White,Male,5 to 9,NA,7175628
1954,White,Male,50 to 54,NA,3857015
1954,White,Male,55 to 59,NA,3465829
1954,White,Male,60 to 64,NA,3043730
1954,White,Male,65 to 69,NA,2450837
1954,White,Male,70 to 74,NA,1728413
1954,White,Male,75 to 79,NA,1059449
1954,White,Male,80 to 84,NA,524458
1954,White,Male,85 years and over,NA,284733
1954,White,Male,Under 5,NA,7962660
1955,Nonwhite,Female,10 to 14,NA,863527
1955,Nonwhite,Female,15 to 19,NA,711271
1955,Nonwhite,Female,20 to 24,NA,690590
1955,Nonwhite,Female,25 to 29,NA,691150
1955,Nonwhite,Female,30 to 34,NA,721918
1955,Nonwhite,Female,35 to 39,NA,651916
1955,Nonwhite,Female,40 to 44,NA,598874
1955,Nonwhite,Female,45 to 49,NA,484530
1955,Nonwhite,Female,5 to 9,NA,1049190
1955,Nonwhite,Female,50 to 54,NA,430813
1955,Nonwhite,Female,55 to 59,NA,337711
1955,Nonwhite,Female,60 to 64,NA,255203
1955,Nonwhite,Female,65 to 69,NA,245145
1955,Nonwhite,Female,70 to 74,NA,153080
1955,Nonwhite,Female,75 to 79,NA,82707
1955,Nonwhite,Female,80 to 84,NA,51716
1955,Nonwhite,Female,85 years and over,NA,34626
1955,Nonwhite,Female,Under 5,NA,1280893
1955,Nonwhite,Male,10 to 14,NA,872695
1955,Nonwhite,Male,15 to 19,NA,686065
1955,Nonwhite,Male,20 to 24,NA,621970
1955,Nonwhite,Male,25 to 29,NA,610747
1955,Nonwhite,Male,30 to 34,NA,639200
1955,Nonwhite,Male,35 to 39,NA,615365
1955,Nonwhite,Male,40 to 44,NA,558846
1955,Nonwhite,Male,45 to 49,NA,466877
1955,Nonwhite,Male,5 to 9,NA,1048507
1955,Nonwhite,Male,50 to 54,NA,431956
1955,Nonwhite,Male,55 to 59,NA,341922
1955,Nonwhite,Male,60 to 64,NA,247602
1955,Nonwhite,Male,65 to 69,NA,229734
1955,Nonwhite,Male,70 to 74,NA,141043
1955,Nonwhite,Male,75 to 79,NA,85260
1955,Nonwhite,Male,80 to 84,NA,43188
1955,Nonwhite,Male,85 years and over,NA,24926
1955,Nonwhite,Male,Under 5,NA,1277938
1955,White,Female,10 to 14,NA,5830303
1955,White,Female,15 to 19,NA,4770250
1955,White,Female,20 to 24,NA,4672187
1955,White,Female,25 to 29,NA,5285923
1955,White,Female,30 to 34,NA,5615290
1955,White,Female,35 to 39,NA,5371063
1955,White,Female,40 to 44,NA,4997091
1955,White,Female,45 to 49,NA,4646892
1955,White,Female,5 to 9,NA,7171000
1955,White,Female,50 to 54,NA,3959036
1955,White,Female,55 to 59,NA,3608947
1955,White,Female,60 to 64,NA,3248658
1955,White,Female,65 to 69,NA,2713208
1955,White,Female,70 to 74,NA,2042274
1955,White,Female,75 to 79,NA,1312757
1955,White,Female,80 to 84,NA,732493
1955,White,Female,85 years and over,NA,419008
1955,White,Female,Under 5,NA,7836324
1955,White,Male,10 to 14,NA,6071313
1955,White,Male,15 to 19,NA,4871584
1955,White,Male,20 to 24,NA,4728921
1955,White,Male,25 to 29,NA,5246747
1955,White,Male,30 to 34,NA,5471255
1955,White,Male,35 to 39,NA,5218299
1955,White,Male,40 to 44,NA,4900085
1955,White,Male,45 to 49,NA,4561546
1955,White,Male,5 to 9,NA,7480220
1955,White,Male,50 to 54,NA,3902765
1955,White,Male,55 to 59,NA,3499171
1955,White,Male,60 to 64,NA,3082428
1955,White,Male,65 to 69,NA,2492673
1955,White,Male,70 to 74,NA,1790168
1955,White,Male,75 to 79,NA,1089071
1955,White,Male,80 to 84,NA,545336
1955,White,Male,85 years and over,NA,297057
1955,White,Male,Under 5,NA,8171158
1956,Nonwhite,Female,10 to 14,NA,878110
1956,Nonwhite,Female,15 to 19,NA,729619
1956,Nonwhite,Female,20 to 24,NA,687650
1956,Nonwhite,Female,25 to 29,NA,689909
1956,Nonwhite,Female,30 to 34,NA,728462
1956,Nonwhite,Female,35 to 39,NA,663022
1956,Nonwhite,Female,40 to 44,NA,605466
1956,Nonwhite,Female,45 to 49,NA,498500
1956,Nonwhite,Female,5 to 9,NA,1128274
1956,Nonwhite,Female,50 to 54,NA,437941
1956,Nonwhite,Female,55 to 59,NA,352162
1956,Nonwhite,Female,60 to 64,NA,265993
1956,Nonwhite,Female,65 to 69,NA,250568
1956,Nonwhite,Female,70 to 74,NA,159243
1956,Nonwhite,Female,75 to 79,NA,88669
1956,Nonwhite,Female,80 to 84,NA,52244
1956,Nonwhite,Female,85 years and over,NA,36376
1956,Nonwhite,Female,Under 5,NA,1324497
1956,Nonwhite,Male,10 to 14,NA,885623
1956,Nonwhite,Male,15 to 19,NA,704863
1956,Nonwhite,Male,20 to 24,NA,623085
1956,Nonwhite,Male,25 to 29,NA,608429
1956,Nonwhite,Male,30 to 34,NA,642368
1956,Nonwhite,Male,35 to 39,NA,623019
1956,Nonwhite,Male,40 to 44,NA,562674
1956,Nonwhite,Male,45 to 49,NA,476908
1956,Nonwhite,Male,5 to 9,NA,1128387
1956,Nonwhite,Male,50 to 54,NA,436382
1956,Nonwhite,Male,55 to 59,NA,354289
1956,Nonwhite,Male,60 to 64,NA,255425
1956,Nonwhite,Male,65 to 69,NA,233485
1956,Nonwhite,Male,70 to 74,NA,146200
1956,Nonwhite,Male,75 to 79,NA,89454
1956,Nonwhite,Male,80 to 84,NA,44173
1956,Nonwhite,Male,85 years and over,NA,26232
1956,Nonwhite,Male,Under 5,NA,1322167
1956,White,Female,10 to 14,NA,5954701
1956,White,Female,15 to 19,NA,4898130
1956,White,Female,20 to 24,NA,4629050
1956,White,Female,25 to 29,NA,5217490
1956,White,Female,30 to 34,NA,5580380
1956,White,Female,35 to 39,NA,5468811
1956,White,Female,40 to 44,NA,5066107
1956,White,Female,45 to 49,NA,4721193
1956,White,Female,5 to 9,NA,7538232
1956,White,Female,50 to 54,NA,4037809
1956,White,Female,55 to 59,NA,3655668
1956,White,Female,60 to 64,NA,3318330
1956,White,Female,65 to 69,NA,2774152
1956,White,Female,70 to 74,NA,2117574
1956,White,Female,75 to 79,NA,1357238
1956,White,Female,80 to 84,NA,766337
1956,White,Female,85 years and over,NA,437506
1956,White,Female,Under 5,NA,8008113
1956,White,Male,10 to 14,NA,6199105
1956,White,Male,15 to 19,NA,5007850
1956,White,Male,20 to 24,NA,4675954
1956,White,Male,25 to 29,NA,5206863
1956,White,Male,30 to 34,NA,5447834
1956,White,Male,35 to 39,NA,5307829
1956,White,Male,40 to 44,NA,4960272
1956,White,Male,45 to 49,NA,4627224
1956,White,Male,5 to 9,NA,7857290
1956,White,Male,50 to 54,NA,3969962
1956,White,Male,55 to 59,NA,3531503
1956,White,Male,60 to 64,NA,3117828
1956,White,Male,65 to 69,NA,2526909
1956,White,Male,70 to 74,NA,1844774
1956,White,Male,75 to 79,NA,1115664
1956,White,Male,80 to 84,NA,566600
1956,White,Male,85 years and over,NA,304261
1956,White,Male,Under 5,NA,8348620
1957,Nonwhite,Female,10 to 14,NA,922653
1957,Nonwhite,Female,15 to 19,NA,753147
1957,Nonwhite,Female,20 to 24,NA,686157
1957,Nonwhite,Female,25 to 29,NA,691632
1957,Nonwhite,Female,30 to 34,NA,729924
1957,Nonwhite,Female,35 to 39,NA,677847
1957,Nonwhite,Female,40 to 44,NA,607755
1957,Nonwhite,Female,45 to 49,NA,516652
1957,Nonwhite,Female,5 to 9,NA,1169641
1957,Nonwhite,Female,50 to 54,NA,442743
1957,Nonwhite,Female,55 to 59,NA,367121
1957,Nonwhite,Female,60 to 64,NA,276480
1957,Nonwhite,Female,65 to 69,NA,255832
1957,Nonwhite,Female,70 to 74,NA,165089
1957,Nonwhite,Female,75 to 79,NA,95537
1957,Nonwhite,Female,80 to 84,NA,52520
1957,Nonwhite,Female,85 years and over,NA,37831
1957,Nonwhite,Female,Under 5,NA,1377966
1957,Nonwhite,Male,10 to 14,NA,928262
1957,Nonwhite,Male,15 to 19,NA,734275
1957,Nonwhite,Male,20 to 24,NA,621733
1957,Nonwhite,Male,25 to 29,NA,609360
1957,Nonwhite,Male,30 to 34,NA,640529
1957,Nonwhite,Male,35 to 39,NA,631275
1957,Nonwhite,Male,40 to 44,NA,563465
1957,Nonwhite,Male,45 to 49,NA,490583
1957,Nonwhite,Male,5 to 9,NA,1168229
1957,Nonwhite,Male,50 to 54,NA,437984
1957,Nonwhite,Male,55 to 59,NA,367384
1957,Nonwhite,Male,60 to 64,NA,263445
1957,Nonwhite,Male,65 to 69,NA,236426
1957,Nonwhite,Male,70 to 74,NA,151933
1957,Nonwhite,Male,75 to 79,NA,93568
1957,Nonwhite,Male,80 to 84,NA,45202
1957,Nonwhite,Male,85 years and over,NA,27476
1957,Nonwhite,Male,Under 5,NA,1377818
1957,White,Female,10 to 14,NA,6464213
1957,White,Female,15 to 19,NA,5089947
1957,White,Female,20 to 24,NA,4625496
1957,White,Female,25 to 29,NA,5119900
1957,White,Female,30 to 34,NA,5527007
1957,White,Female,35 to 39,NA,5565480
1957,White,Female,40 to 44,NA,5135973
1957,White,Female,45 to 49,NA,4792618
1957,White,Female,5 to 9,NA,7486316
1957,White,Female,50 to 54,NA,4143559
1957,White,Female,55 to 59,NA,3694224
1957,White,Female,60 to 64,NA,3358894
1957,White,Female,65 to 69,NA,2855684
1957,White,Female,70 to 74,NA,2184712
1957,White,Female,75 to 79,NA,1411221
1957,White,Female,80 to 84,NA,796922
1957,White,Female,85 years and over,NA,459573
1957,White,Female,Under 5,NA,8197438
1957,White,Male,10 to 14,NA,6730147
1957,White,Male,15 to 19,NA,5220780
1957,White,Male,20 to 24,NA,4669581
1957,White,Male,25 to 29,NA,5118928
1957,White,Male,30 to 34,NA,5406498
1957,White,Male,35 to 39,NA,5393929
1957,White,Male,40 to 44,NA,5020746
1957,White,Male,45 to 49,NA,4693323
1957,White,Male,5 to 9,NA,7800232
1957,White,Male,50 to 54,NA,4062061
1957,White,Male,55 to 59,NA,3558152
1957,White,Male,60 to 64,NA,3126222
1957,White,Male,65 to 69,NA,2576409
1957,White,Male,70 to 74,NA,1893580
1957,White,Male,75 to 79,NA,1150518
1957,White,Male,80 to 84,NA,585374
1957,White,Male,85 years and over,NA,312413
1957,White,Male,Under 5,NA,8540586
1958,Nonwhite,Female,10 to 14,NA,965130
1958,Nonwhite,Female,15 to 19,NA,778606
1958,Nonwhite,Female,20 to 24,NA,689594
1958,Nonwhite,Female,25 to 29,NA,694647
1958,Nonwhite,Female,30 to 34,NA,728943
1958,Nonwhite,Female,35 to 39,NA,692917
1958,Nonwhite,Female,40 to 44,NA,608840
1958,Nonwhite,Female,45 to 49,NA,536208
1958,Nonwhite,Female,5 to 9,NA,1214947
1958,Nonwhite,Female,50 to 54,NA,447229
1958,Nonwhite,Female,55 to 59,NA,382018
1958,Nonwhite,Female,60 to 64,NA,286462
1958,Nonwhite,Female,65 to 69,NA,260620
1958,Nonwhite,Female,70 to 74,NA,170643
1958,Nonwhite,Female,75 to 79,NA,102567
1958,Nonwhite,Female,80 to 84,NA,52730
1958,Nonwhite,Female,85 years and over,NA,38808
1958,Nonwhite,Female,Under 5,NA,1422503
1958,Nonwhite,Male,10 to 14,NA,969121
1958,Nonwhite,Male,15 to 19,NA,763388
1958,Nonwhite,Male,20 to 24,NA,627379
1958,Nonwhite,Male,25 to 29,NA,612631
1958,Nonwhite,Male,30 to 34,NA,636429
1958,Nonwhite,Male,35 to 39,NA,637795
1958,Nonwhite,Male,40 to 44,NA,562371
1958,Nonwhite,Male,45 to 49,NA,505589
1958,Nonwhite,Male,5 to 9,NA,1213767
1958,Nonwhite,Male,50 to 54,NA,438784
1958,Nonwhite,Male,55 to 59,NA,379975
1958,Nonwhite,Male,60 to 64,NA,271475
1958,Nonwhite,Male,65 to 69,NA,238300
1958,Nonwhite,Male,70 to 74,NA,157373
1958,Nonwhite,Male,75 to 79,NA,97179
1958,Nonwhite,Male,80 to 84,NA,45917
1958,Nonwhite,Male,85 years and over,NA,28506
1958,Nonwhite,Male,Under 5,NA,1422975
1958,White,Female,10 to 14,NA,6670899
1958,White,Female,15 to 19,NA,5406928
1958,White,Female,20 to 24,NA,4694539
1958,White,Female,25 to 29,NA,4984429
1958,White,Female,30 to 34,NA,5501845
1958,White,Female,35 to 39,NA,5603511
1958,White,Female,40 to 44,NA,5201418
1958,White,Female,45 to 49,NA,4861175
1958,White,Female,5 to 9,NA,7599770
1958,White,Female,50 to 54,NA,4241806
1958,White,Female,55 to 59,NA,3759992
1958,White,Female,60 to 64,NA,3375515
1958,White,Female,65 to 69,NA,2935875
1958,White,Female,70 to 74,NA,2252620
1958,White,Female,75 to 79,NA,1464589
1958,White,Female,80 to 84,NA,821435
1958,White,Female,85 years and over,NA,479650
1958,White,Female,Under 5,NA,8347391
1958,White,Male,10 to 14,NA,6940736
1958,White,Male,15 to 19,NA,5552301
1958,White,Male,20 to 24,NA,4744286
1958,White,Male,25 to 29,NA,4980458
1958,White,Male,30 to 34,NA,5398936
1958,White,Male,35 to 39,NA,5417672
1958,White,Male,40 to 44,NA,5073684
1958,White,Male,45 to 49,NA,4753827
1958,White,Male,5 to 9,NA,7912428
1958,White,Male,50 to 54,NA,4142617
1958,White,Male,55 to 59,NA,3613970
1958,White,Male,60 to 64,NA,3112239
1958,White,Male,65 to 69,NA,2620438
1958,White,Male,70 to 74,NA,1940656
1958,White,Male,75 to 79,NA,1181741
1958,White,Male,80 to 84,NA,598912
1958,White,Male,85 years and over,NA,317517
1958,White,Male,Under 5,NA,8693733
1959,Nonwhite,Female,10 to 14,NA,1021734
1959,Nonwhite,Female,15 to 19,NA,801466
1959,Nonwhite,Female,20 to 24,NA,695132
1959,Nonwhite,Female,25 to 29,NA,696957
1959,Nonwhite,Female,30 to 34,NA,729341
1959,Nonwhite,Female,35 to 39,NA,704193
1959,Nonwhite,Female,40 to 44,NA,612955
1959,Nonwhite,Female,45 to 49,NA,553899
1959,Nonwhite,Female,5 to 9,NA,1261347
1959,Nonwhite,Female,50 to 54,NA,455133
1959,Nonwhite,Female,55 to 59,NA,396258
1959,Nonwhite,Female,60 to 64,NA,296727
1959,Nonwhite,Female,65 to 69,NA,265918
1959,Nonwhite,Female,70 to 74,NA,176894
1959,Nonwhite,Female,75 to 79,NA,109523
1959,Nonwhite,Female,80 to 84,NA,53600
1959,Nonwhite,Female,85 years and over,NA,39503
1959,Nonwhite,Female,Under 5,NA,1462388
1959,Nonwhite,Male,10 to 14,NA,1023920
1959,Nonwhite,Male,15 to 19,NA,789113
1959,Nonwhite,Male,20 to 24,NA,636569
1959,Nonwhite,Male,25 to 29,NA,616336
1959,Nonwhite,Male,30 to 34,NA,633899
1959,Nonwhite,Male,35 to 39,NA,640376
1959,Nonwhite,Male,40 to 44,NA,561781
1959,Nonwhite,Male,45 to 49,NA,519601
1959,Nonwhite,Male,5 to 9,NA,1260167
1959,Nonwhite,Male,50 to 54,NA,442654
1959,Nonwhite,Male,55 to 59,NA,391491
1959,Nonwhite,Male,60 to 64,NA,280602
1959,Nonwhite,Male,65 to 69,NA,241538
1959,Nonwhite,Male,70 to 74,NA,163233
1959,Nonwhite,Male,75 to 79,NA,101302
1959,Nonwhite,Male,80 to 84,NA,46744
1959,Nonwhite,Male,85 years and over,NA,29861
1959,Nonwhite,Male,Under 5,NA,1462544
1959,White,Female,10 to 14,NA,6949611
1959,White,Female,15 to 19,NA,5634879
1959,White,Female,20 to 24,NA,4788258
1959,White,Female,25 to 29,NA,4866295
1959,White,Female,30 to 34,NA,5425895
1959,White,Female,35 to 39,NA,5660650
1959,White,Female,40 to 44,NA,5257947
1959,White,Female,45 to 49,NA,4918818
1959,White,Female,5 to 9,NA,7753809
1959,White,Female,50 to 54,NA,4340450
1959,White,Female,55 to 59,NA,3839488
1959,White,Female,60 to 64,NA,3401606
1959,White,Female,65 to 69,NA,3002194
1959,White,Female,70 to 74,NA,2325064
1959,White,Female,75 to 79,NA,1532097
1959,White,Female,80 to 84,NA,845681
1959,White,Female,85 years and over,NA,505256
1959,White,Female,Under 5,NA,8453228
1959,White,Male,10 to 14,NA,7224745
1959,White,Male,15 to 19,NA,5793483
1959,White,Male,20 to 24,NA,4849001
1959,White,Male,25 to 29,NA,4867374
1959,White,Male,30 to 34,NA,5332649
1959,White,Male,35 to 39,NA,5472931
1959,White,Male,40 to 44,NA,5111934
1959,White,Male,45 to 49,NA,4803720
1959,White,Male,5 to 9,NA,8068772
1959,White,Male,50 to 54,NA,4227643
1959,White,Male,55 to 59,NA,3682038
1959,White,Male,60 to 64,NA,3112940
1959,White,Male,65 to 69,NA,2653881
1959,White,Male,70 to 74,NA,1989655
1959,White,Male,75 to 79,NA,1226553
1959,White,Male,80 to 84,NA,612827
1959,White,Male,85 years and over,NA,326599
1959,White,Male,Under 5,NA,8796958
1960,Black,Female,10 to 14,NA,997515
1960,Black,Female,15 to 19,NA,760756
1960,Black,Female,20 to 24,NA,652794
1960,Black,Female,25 to 29,NA,633946
1960,Black,Female,30 to 34,NA,664249
1960,Black,Female,35 to 39,NA,652613
1960,Black,Female,40 to 44,NA,580111
1960,Black,Female,45 to 49,NA,534390
1960,Black,Female,5 to 9,NA,1213035
1960,Black,Female,50 to 54,NA,443055
1960,Black,Female,55 to 59,NA,377681
1960,Black,Female,60 to 64,NA,289046
1960,Black,Female,65 to 69,NA,261603
1960,Black,Female,70 to 74,NA,174662
1960,Black,Female,75 to 79,NA,109835
1960,Black,Female,80 to 84,NA,52554
1960,Black,Female,85 years and over,NA,38473
1960,Black,Female,Under 5,NA,1370624
1960,Black,Male,10 to 14,NA,995616
1960,Black,Male,15 to 19,NA,745384
1960,Black,Male,20 to 24,NA,590805
1960,Black,Male,25 to 29,NA,559432
1960,Black,Male,30 to 34,NA,573029
1960,Black,Male,35 to 39,NA,578385
1960,Black,Male,40 to 44,NA,515943
1960,Black,Male,45 to 49,NA,485673
1960,Black,Male,5 to 9,NA,1209162
1960,Black,Male,50 to 54,NA,409193
1960,Black,Male,55 to 59,NA,356364
1960,Black,Male,60 to 64,NA,263448
1960,Black,Male,65 to 69,NA,231720
1960,Black,Male,70 to 74,NA,153634
1960,Black,Male,75 to 79,NA,95418
1960,Black,Male,80 to 84,NA,43005
1960,Black,Male,85 years and over,NA,28169
1960,Black,Male,Under 5,NA,1364959
1960,Other,Female,10 to 14,NA,81174
1960,Other,Female,15 to 19,NA,59858
1960,Other,Female,20 to 24,NA,55949
1960,Other,Female,25 to 29,NA,66126
1960,Other,Female,30 to 34,NA,68841
1960,Other,Female,35 to 39,NA,57345
1960,Other,Female,40 to 44,NA,41033
1960,Other,Female,45 to 49,NA,31421
1960,Other,Female,5 to 9,NA,99182
1960,Other,Female,50 to 54,NA,24432
1960,Other,Female,55 to 59,NA,29225
1960,Other,Female,60 to 64,NA,17485
1960,Other,Female,65 to 69,NA,13594
1960,Other,Female,70 to 74,NA,8921
1960,Other,Female,75 to 79,NA,5340
1960,Other,Female,80 to 84,NA,2515
1960,Other,Female,85 years and over,NA,1889
1960,Other,Female,Under 5,NA,114689
1960,Other,Male,10 to 14,NA,84445
1960,Other,Male,15 to 19,NA,63933
1960,Other,Male,20 to 24,NA,58394
1960,Other,Male,25 to 29,NA,60679
1960,Other,Male,30 to 34,NA,61597
1960,Other,Male,35 to 39,NA,59945
1960,Other,Male,40 to 44,NA,47179
1960,Other,Male,45 to 49,NA,44987
1960,Other,Male,5 to 9,NA,102905
1960,Other,Male,50 to 54,NA,42495
1960,Other,Male,55 to 59,NA,43423
1960,Other,Male,60 to 64,NA,26275
1960,Other,Male,65 to 69,NA,17388
1960,Other,Male,70 to 74,NA,14828
1960,Other,Male,75 to 79,NA,9417
1960,Other,Male,80 to 84,NA,4156
1960,Other,Male,85 years and over,NA,2882
1960,Other,Male,Under 5,NA,118257
1960,White,Female,10 to 14,NA,7244343
1960,White,Female,15 to 19,NA,5819061
1960,White,Female,20 to 24,NA,4856793
1960,White,Female,25 to 29,NA,4812371
1960,White,Female,30 to 34,NA,5345586
1960,White,Female,35 to 39,NA,5692550
1960,White,Female,40 to 44,NA,5325293
1960,White,Female,45 to 49,NA,4968925
1960,White,Female,5 to 9,NA,7933261
1960,White,Female,50 to 54,NA,4433758
1960,White,Female,55 to 59,NA,3919072
1960,White,Female,60 to 64,NA,3433991
1960,White,Female,65 to 69,NA,3068566
1960,White,Female,70 to 74,NA,2393108
1960,White,Female,75 to 79,NA,1595410
1960,White,Female,80 to 84,NA,873002
1960,White,Female,85 years and over,NA,533440
1960,White,Female,Under 5,NA,8517156
1960,White,Male,10 to 14,NA,7522388
1960,White,Male,15 to 19,NA,5993185
1960,White,Male,20 to 24,NA,4919442
1960,White,Male,25 to 29,NA,4803073
1960,White,Male,30 to 34,NA,5269601
1960,White,Male,35 to 39,NA,5501634
1960,White,Male,40 to 44,NA,5169332
1960,White,Male,45 to 49,NA,4848612
1960,White,Male,5 to 9,NA,8252472
1960,White,Male,50 to 54,NA,4311181
1960,White,Male,55 to 59,NA,3745133
1960,White,Male,60 to 64,NA,3123868
1960,White,Male,65 to 69,NA,2687241
1960,White,Male,70 to 74,NA,2028208
1960,White,Male,75 to 79,NA,1265023
1960,White,Male,80 to 84,NA,625829
1960,White,Male,85 years and over,NA,335201
1960,White,Male,Under 5,NA,8855564
1961,Black,Female,10 to 14,NA,1068472
1961,Black,Female,15 to 19,NA,774408
1961,Black,Female,20 to 24,NA,674446
1961,Black,Female,25 to 29,NA,632484
1961,Black,Female,30 to 34,NA,663969
1961,Black,Female,35 to 39,NA,658567
1961,Black,Female,40 to 44,NA,589560
1961,Black,Female,45 to 49,NA,537696
1961,Black,Female,5 to 9,NA,1245605
1961,Black,Female,50 to 54,NA,457712
1961,Black,Female,55 to 59,NA,385487
1961,Black,Female,60 to 64,NA,295781
1961,Black,Female,65 to 69,NA,274066
1961,Black,Female,70 to 74,NA,183969
1961,Black,Female,75 to 79,NA,113525
1961,Black,Female,80 to 84,NA,58225
1961,Black,Female,85 years and over,NA,38093
1961,Black,Female,Under 5,NA,1385087
1961,Black,Male,10 to 14,NA,1066857
1961,Black,Male,15 to 19,NA,758918
1961,Black,Male,20 to 24,NA,612540
1961,Black,Male,25 to 29,NA,557444
1961,Black,Male,30 to 34,NA,574422
1961,Black,Male,35 to 39,NA,581332
1961,Black,Male,40 to 44,NA,521315
1961,Black,Male,45 to 49,NA,486122
1961,Black,Male,5 to 9,NA,1243213
1961,Black,Male,50 to 54,NA,419780
1961,Black,Male,55 to 59,NA,360341
1961,Black,Male,60 to 64,NA,268419
1961,Black,Male,65 to 69,NA,238483
1961,Black,Male,70 to 74,NA,159606
1961,Black,Male,75 to 79,NA,97058
1961,Black,Male,80 to 84,NA,47740
1961,Black,Male,85 years and over,NA,27116
1961,Black,Male,Under 5,NA,1379461
1961,Other,Female,10 to 14,NA,87249
1961,Other,Female,15 to 19,NA,63420
1961,Other,Female,20 to 24,NA,60336
1961,Other,Female,25 to 29,NA,66813
1961,Other,Female,30 to 34,NA,73007
1961,Other,Female,35 to 39,NA,61053
1961,Other,Female,40 to 44,NA,44290
1961,Other,Female,45 to 49,NA,33243
1961,Other,Female,5 to 9,NA,104432
1961,Other,Female,50 to 54,NA,25762
1961,Other,Female,55 to 59,NA,29626
1961,Other,Female,60 to 64,NA,19595
1961,Other,Female,65 to 69,NA,14576
1961,Other,Female,70 to 74,NA,9579
1961,Other,Female,75 to 79,NA,5909
1961,Other,Female,80 to 84,NA,2836
1961,Other,Female,85 years and over,NA,2058
1961,Other,Female,Under 5,NA,118836
1961,Other,Male,10 to 14,NA,90256
1961,Other,Male,15 to 19,NA,67015
1961,Other,Male,20 to 24,NA,62648
1961,Other,Male,25 to 29,NA,60358
1961,Other,Male,30 to 34,NA,65479
1961,Other,Male,35 to 39,NA,61751
1961,Other,Male,40 to 44,NA,49381
1961,Other,Male,45 to 49,NA,45092
1961,Other,Male,5 to 9,NA,107877
1961,Other,Male,50 to 54,NA,43015
1961,Other,Male,55 to 59,NA,44104
1961,Other,Male,60 to 64,NA,28916
1961,Other,Male,65 to 69,NA,18318
1961,Other,Male,70 to 74,NA,14621
1961,Other,Male,75 to 79,NA,10064
1961,Other,Male,80 to 84,NA,4514
1961,Other,Male,85 years and over,NA,3205
1961,Other,Male,Under 5,NA,121893
1961,White,Female,10 to 14,NA,7614969
1961,White,Female,15 to 19,NA,5957298
1961,White,Female,20 to 24,NA,5003820
1961,White,Female,25 to 29,NA,4777170
1961,White,Female,30 to 34,NA,5248236
1961,White,Female,35 to 39,NA,5680431
1961,White,Female,40 to 44,NA,5409531
1961,White,Female,45 to 49,NA,5014673
1961,White,Female,5 to 9,NA,8082775
1961,White,Female,50 to 54,NA,4535441
1961,White,Female,55 to 59,NA,4011619
1961,White,Female,60 to 64,NA,3454849
1961,White,Female,65 to 69,NA,3118655
1961,White,Female,70 to 74,NA,2474466
1961,White,Female,75 to 79,NA,1653809
1961,White,Female,80 to 84,NA,916420
1961,White,Female,85 years and over,NA,551373
1961,White,Female,Under 5,NA,8586255
1961,White,Male,10 to 14,NA,7907660
1961,White,Male,15 to 19,NA,6138090
1961,White,Male,20 to 24,NA,5068781
1961,White,Male,25 to 29,NA,4775471
1961,White,Male,30 to 34,NA,5196749
1961,White,Male,35 to 39,NA,5497350
1961,White,Male,40 to 44,NA,5237862
1961,White,Male,45 to 49,NA,4882339
1961,White,Male,5 to 9,NA,8412044
1961,White,Male,50 to 54,NA,4394624
1961,White,Male,55 to 59,NA,3815319
1961,White,Male,60 to 64,NA,3133292
1961,White,Male,65 to 69,NA,2696131
1961,White,Male,70 to 74,NA,2066639
1961,White,Male,75 to 79,NA,1298211
1961,White,Male,80 to 84,NA,647557
1961,White,Male,85 years and over,NA,342388
1961,White,Male,Under 5,NA,8930738
1962,Black,Female,10 to 14,NA,1103906
1962,Black,Female,15 to 19,NA,820019
1962,Black,Female,20 to 24,NA,699222
1962,Black,Female,25 to 29,NA,632865
1962,Black,Female,30 to 34,NA,662299
1962,Black,Female,35 to 39,NA,661881
1962,Black,Female,40 to 44,NA,601395
1962,Black,Female,45 to 49,NA,538952
1962,Black,Female,5 to 9,NA,1286386
1962,Black,Female,50 to 54,NA,470983
1962,Black,Female,55 to 59,NA,396240
1962,Black,Female,60 to 64,NA,300705
1962,Black,Female,65 to 69,NA,285636
1962,Black,Female,70 to 74,NA,193652
1962,Black,Female,75 to 79,NA,116762
1962,Black,Female,80 to 84,NA,62883
1962,Black,Female,85 years and over,NA,38871
1962,Black,Female,Under 5,NA,1386238
1962,Black,Male,10 to 14,NA,1100790
1962,Black,Male,15 to 19,NA,804825
1962,Black,Male,20 to 24,NA,638251
1962,Black,Male,25 to 29,NA,556895
1962,Black,Male,30 to 34,NA,574710
1962,Black,Male,35 to 39,NA,582068
1962,Black,Male,40 to 44,NA,528930
1962,Black,Male,45 to 49,NA,484763
1962,Black,Male,5 to 9,NA,1287035
1962,Black,Male,50 to 54,NA,429546
1962,Black,Male,55 to 59,NA,366852
1962,Black,Male,60 to 64,NA,272138
1962,Black,Male,65 to 69,NA,243979
1962,Black,Male,70 to 74,NA,165559
1962,Black,Male,75 to 79,NA,97723
1962,Black,Male,80 to 84,NA,50967
1962,Black,Male,85 years and over,NA,26612
1962,Black,Male,Under 5,NA,1381499
1962,Other,Female,10 to 14,NA,91115
1962,Other,Female,15 to 19,NA,68866
1962,Other,Female,20 to 24,NA,65491
1962,Other,Female,25 to 29,NA,66686
1962,Other,Female,30 to 34,NA,76773
1962,Other,Female,35 to 39,NA,64983
1962,Other,Female,40 to 44,NA,47945
1962,Other,Female,45 to 49,NA,35206
1962,Other,Female,5 to 9,NA,110431
1962,Other,Female,50 to 54,NA,27565
1962,Other,Female,55 to 59,NA,29696
1962,Other,Female,60 to 64,NA,21757
1962,Other,Female,65 to 69,NA,15777
1962,Other,Female,70 to 74,NA,10267
1962,Other,Female,75 to 79,NA,6534
1962,Other,Female,80 to 84,NA,3208
1962,Other,Female,85 years and over,NA,2231
1962,Other,Female,Under 5,NA,122031
1962,Other,Male,10 to 14,NA,93604
1962,Other,Male,15 to 19,NA,72175
1962,Other,Male,20 to 24,NA,67711
1962,Other,Male,25 to 29,NA,59819
1962,Other,Male,30 to 34,NA,69618
1962,Other,Male,35 to 39,NA,63057
1962,Other,Male,40 to 44,NA,52272
1962,Other,Male,45 to 49,NA,45113
1962,Other,Male,5 to 9,NA,113687
1962,Other,Male,50 to 54,NA,43652
1962,Other,Male,55 to 59,NA,44274
1962,Other,Male,60 to 64,NA,31587
1962,Other,Male,65 to 69,NA,19647
1962,Other,Male,70 to 74,NA,14139
1962,Other,Male,75 to 79,NA,10768
1962,Other,Male,80 to 84,NA,4970
1962,Other,Male,85 years and over,NA,3460
1962,Other,Male,Under 5,NA,124832
1962,White,Female,10 to 14,NA,7553567
1962,White,Female,15 to 19,NA,6488034
1962,White,Female,20 to 24,NA,5209899
1962,White,Female,25 to 29,NA,4769071
1962,White,Female,30 to 34,NA,5137448
1962,White,Female,35 to 39,NA,5635779
1962,White,Female,40 to 44,NA,5502894
1962,White,Female,45 to 49,NA,5057021
1962,White,Female,5 to 9,NA,8253821
1962,White,Female,50 to 54,NA,4620295
1962,White,Female,55 to 59,NA,4129501
1962,White,Female,60 to 64,NA,3482760
1962,White,Female,65 to 69,NA,3154582
1962,White,Female,70 to 74,NA,2558925
1962,White,Female,75 to 79,NA,1709738
1962,White,Female,80 to 84,NA,960867
1962,White,Female,85 years and over,NA,566764
1962,White,Female,Under 5,NA,8555195
1962,White,Male,10 to 14,NA,7850952
1962,White,Male,15 to 19,NA,6696440
1962,White,Male,20 to 24,NA,5278543
1962,White,Male,25 to 29,NA,4771893
1962,White,Male,30 to 34,NA,5116089
1962,White,Male,35 to 39,NA,5465808
1962,White,Male,40 to 44,NA,5311775
1962,White,Male,45 to 49,NA,4911302
1962,White,Male,5 to 9,NA,8589764
1962,White,Male,50 to 54,NA,4459218
1962,White,Male,55 to 59,NA,3904159
1962,White,Male,60 to 64,NA,3151569
1962,White,Male,65 to 69,NA,2691460
1962,White,Male,70 to 74,NA,2103549
1962,White,Male,75 to 79,NA,1324399
1962,White,Male,80 to 84,NA,668414
1962,White,Male,85 years and over,NA,344260
1962,White,Male,Under 5,NA,8898998
1963,Black,Female,10 to 14,NA,1143787
1963,Black,Female,15 to 19,NA,861720
1963,Black,Female,20 to 24,NA,727399
1963,Black,Female,25 to 29,NA,639738
1963,Black,Female,30 to 34,NA,658469
1963,Black,Female,35 to 39,NA,663409
1963,Black,Female,40 to 44,NA,614167
1963,Black,Female,45 to 49,NA,540073
1963,Black,Female,5 to 9,NA,1318795
1963,Black,Female,50 to 54,NA,482499
1963,Black,Female,55 to 59,NA,408769
1963,Black,Female,60 to 64,NA,305373
1963,Black,Female,65 to 69,NA,296184
1963,Black,Female,70 to 74,NA,202383
1963,Black,Female,75 to 79,NA,119339
1963,Black,Female,80 to 84,NA,66342
1963,Black,Female,85 years and over,NA,40269
1963,Black,Female,Under 5,NA,1386891
1963,Black,Male,10 to 14,NA,1140254
1963,Black,Male,15 to 19,NA,848116
1963,Black,Male,20 to 24,NA,667246
1963,Black,Male,25 to 29,NA,561665
1963,Black,Male,30 to 34,NA,572278
1963,Black,Male,35 to 39,NA,581409
1963,Black,Male,40 to 44,NA,537669
1963,Black,Male,45 to 49,NA,482942
1963,Black,Male,5 to 9,NA,1321085
1963,Black,Male,50 to 54,NA,437325
1963,Black,Male,55 to 59,NA,374224
1963,Black,Male,60 to 64,NA,274600
1963,Black,Male,65 to 69,NA,249082
1963,Black,Male,70 to 74,NA,170505
1963,Black,Male,75 to 79,NA,98183
1963,Black,Male,80 to 84,NA,53115
1963,Black,Male,85 years and over,NA,26794
1963,Black,Male,Under 5,NA,1382969
1963,Other,Female,10 to 14,NA,94780
1963,Other,Female,15 to 19,NA,74701
1963,Other,Female,20 to 24,NA,71134
1963,Other,Female,25 to 29,NA,67588
1963,Other,Female,30 to 34,NA,80043
1963,Other,Female,35 to 39,NA,68941
1963,Other,Female,40 to 44,NA,51963
1963,Other,Female,45 to 49,NA,37409
1963,Other,Female,5 to 9,NA,115805
1963,Other,Female,50 to 54,NA,29617
1963,Other,Female,55 to 59,NA,29585
1963,Other,Female,60 to 64,NA,23617
1963,Other,Female,65 to 69,NA,17190
1963,Other,Female,70 to 74,NA,10928
1963,Other,Female,75 to 79,NA,7206
1963,Other,Female,80 to 84,NA,3578
1963,Other,Female,85 years and over,NA,2440
1963,Other,Female,Under 5,NA,125134
1963,Other,Male,10 to 14,NA,96849
1963,Other,Male,15 to 19,NA,77723
1963,Other,Male,20 to 24,NA,73483
1963,Other,Male,25 to 29,NA,60111
1963,Other,Male,30 to 34,NA,73359
1963,Other,Male,35 to 39,NA,64217
1963,Other,Male,40 to 44,NA,55501
1963,Other,Male,45 to 49,NA,45406
1963,Other,Male,5 to 9,NA,118700
1963,Other,Male,50 to 54,NA,44256
1963,Other,Male,55 to 59,NA,44151
1963,Other,Male,60 to 64,NA,33965
1963,Other,Male,65 to 69,NA,21274
1963,Other,Male,70 to 74,NA,13623
1963,Other,Male,75 to 79,NA,11310
1963,Other,Male,80 to 84,NA,5480
1963,Other,Male,85 years and over,NA,3622
1963,Other,Male,Under 5,NA,127719
1963,White,Female,10 to 14,NA,7672253
1963,White,Female,15 to 19,NA,6711752
1963,White,Female,20 to 24,NA,5547712
1963,White,Female,25 to 29,NA,4826019
1963,White,Female,30 to 34,NA,5029052
1963,White,Female,35 to 39,NA,5564983
1963,White,Female,40 to 44,NA,5589876
1963,White,Female,45 to 49,NA,5106087
1963,White,Female,5 to 9,NA,8389670
1963,White,Female,50 to 54,NA,4690394
1963,White,Female,55 to 59,NA,4252541
1963,White,Female,60 to 64,NA,3518331
1963,White,Female,65 to 69,NA,3179962
1963,White,Female,70 to 74,NA,2636901
1963,White,Female,75 to 79,NA,1761640
1963,White,Female,80 to 84,NA,1004300
1963,White,Female,85 years and over,NA,583998
1963,White,Female,Under 5,NA,8486129
1963,White,Male,10 to 14,NA,7979866
1963,White,Male,15 to 19,NA,6935028
1963,White,Male,20 to 24,NA,5626539
1963,White,Male,25 to 29,NA,4818831
1963,White,Male,30 to 34,NA,5022829
1963,White,Male,35 to 39,NA,5410221
1963,White,Male,40 to 44,NA,5381990
1963,White,Male,45 to 49,NA,4938296
1963,White,Male,5 to 9,NA,8731845
1963,White,Male,50 to 54,NA,4511595
1963,White,Male,55 to 59,NA,3996679
1963,White,Male,60 to 64,NA,3174306
1963,White,Male,65 to 69,NA,2680881
1963,White,Male,70 to 74,NA,2131866
1963,White,Male,75 to 79,NA,1344788
1963,White,Male,80 to 84,NA,688179
1963,White,Male,85 years and over,NA,346295
1963,White,Male,Under 5,NA,8832689
1964,Black,Female,10 to 14,NA,1184513
1964,Black,Female,15 to 19,NA,917150
1964,Black,Female,20 to 24,NA,753570
1964,Black,Female,25 to 29,NA,649534
1964,Black,Female,30 to 34,NA,654412
1964,Black,Female,35 to 39,NA,663617
1964,Black,Female,40 to 44,NA,625477
1964,Black,Female,45 to 49,NA,543276
1964,Black,Female,5 to 9,NA,1347257
1964,Black,Female,50 to 54,NA,492327
1964,Black,Female,55 to 59,NA,421432
1964,Black,Female,60 to 64,NA,311775
1964,Black,Female,65 to 69,NA,306670
1964,Black,Female,70 to 74,NA,210101
1964,Black,Female,75 to 79,NA,123044
1964,Black,Female,80 to 84,NA,69782
1964,Black,Female,85 years and over,NA,42791
1964,Black,Female,Under 5,NA,1382332
1964,Black,Male,10 to 14,NA,1180297
1964,Black,Male,15 to 19,NA,904643
1964,Black,Male,20 to 24,NA,693876
1964,Black,Male,25 to 29,NA,569361
1964,Black,Male,30 to 34,NA,568357
1964,Black,Male,35 to 39,NA,579134
1964,Black,Male,40 to 44,NA,544538
1964,Black,Male,45 to 49,NA,483281
1964,Black,Male,5 to 9,NA,1350769
1964,Black,Male,50 to 54,NA,443780
1964,Black,Male,55 to 59,NA,381788
1964,Black,Male,60 to 64,NA,278133
1964,Black,Male,65 to 69,NA,255409
1964,Black,Male,70 to 74,NA,174962
1964,Black,Male,75 to 79,NA,99220
1964,Black,Male,80 to 84,NA,54750
1964,Black,Male,85 years and over,NA,28339
1964,Black,Male,Under 5,NA,1382217
1964,Other,Female,10 to 14,NA,97930
1964,Other,Female,15 to 19,NA,81754
1964,Other,Female,20 to 24,NA,76496
1964,Other,Female,25 to 29,NA,70776
1964,Other,Female,30 to 34,NA,81247
1964,Other,Female,35 to 39,NA,72750
1964,Other,Female,40 to 44,NA,56398
1964,Other,Female,45 to 49,NA,40205
1964,Other,Female,5 to 9,NA,119301
1964,Other,Female,50 to 54,NA,31955
1964,Other,Female,55 to 59,NA,29783
1964,Other,Female,60 to 64,NA,25111
1964,Other,Female,65 to 69,NA,18835
1964,Other,Female,70 to 74,NA,11665
1964,Other,Female,75 to 79,NA,7937
1964,Other,Female,80 to 84,NA,4011
1964,Other,Female,85 years and over,NA,2688
1964,Other,Female,Under 5,NA,125782
1964,Other,Male,10 to 14,NA,99294
1964,Other,Male,15 to 19,NA,84486
1964,Other,Male,20 to 24,NA,79642
1964,Other,Male,25 to 29,NA,62922
1964,Other,Male,30 to 34,NA,75076
1964,Other,Male,35 to 39,NA,65608
1964,Other,Male,40 to 44,NA,58713
1964,Other,Male,45 to 49,NA,46507
1964,Other,Male,5 to 9,NA,121406
1964,Other,Male,50 to 54,NA,44945
1964,Other,Male,55 to 59,NA,44136
1964,Other,Male,60 to 64,NA,36078
1964,Other,Male,65 to 69,NA,23306
1964,Other,Male,70 to 74,NA,13618
1964,Other,Male,75 to 79,NA,11728
1964,Other,Male,80 to 84,NA,6142
1964,Other,Male,85 years and over,NA,3909
1964,Other,Male,Under 5,NA,128013
1964,White,Female,10 to 14,NA,7831533
1964,White,Female,15 to 19,NA,7010130
1964,White,Female,20 to 24,NA,5789388
1964,White,Female,25 to 29,NA,4917138
1964,White,Female,30 to 34,NA,4923155
1964,White,Female,35 to 39,NA,5476338
1964,White,Female,40 to 44,NA,5650092
1964,White,Female,45 to 49,NA,5164162
1964,White,Female,5 to 9,NA,8475353
1964,White,Female,50 to 54,NA,4756466
1964,White,Female,55 to 59,NA,4365823
1964,White,Female,60 to 64,NA,3570402
1964,White,Female,65 to 69,NA,3209013
1964,White,Female,70 to 74,NA,2706040
1964,White,Female,75 to 79,NA,1818353
1964,White,Female,80 to 84,NA,1051946
1964,White,Female,85 years and over,NA,607727
1964,White,Female,Under 5,NA,8394296
1964,White,Male,10 to 14,NA,8153393
1964,White,Male,15 to 19,NA,7252050
1964,White,Male,20 to 24,NA,5875578
1964,White,Male,25 to 29,NA,4898238
1964,White,Male,30 to 34,NA,4926085
1964,White,Male,35 to 39,NA,5338093
1964,White,Male,40 to 44,NA,5430884
1964,White,Male,45 to 49,NA,4972432
1964,White,Male,5 to 9,NA,8821786
1964,White,Male,50 to 54,NA,4560795
1964,White,Male,55 to 59,NA,4081911
1964,White,Male,60 to 64,NA,3211187
1964,White,Male,65 to 69,NA,2678561
1964,White,Male,70 to 74,NA,2150752
1964,White,Male,75 to 79,NA,1368574
1964,White,Male,80 to 84,NA,712257
1964,White,Male,85 years and over,NA,354568
1964,White,Male,Under 5,NA,8752225
1965,Black,Female,10 to 14,NA,1227730
1965,Black,Female,15 to 19,NA,974677
1965,Black,Female,20 to 24,NA,779573
1965,Black,Female,25 to 29,NA,661300
1965,Black,Female,30 to 34,NA,652347
1965,Black,Female,35 to 39,NA,662936
1965,Black,Female,40 to 44,NA,634156
1965,Black,Female,45 to 49,NA,549406
1965,Black,Female,5 to 9,NA,1363795
1965,Black,Female,50 to 54,NA,500615
1965,Black,Female,55 to 59,NA,432597
1965,Black,Female,60 to 64,NA,320743
1965,Black,Female,65 to 69,NA,316082
1965,Black,Female,70 to 74,NA,216403
1965,Black,Female,75 to 79,NA,127345
1965,Black,Female,80 to 84,NA,72812
1965,Black,Female,85 years and over,NA,45962
1965,Black,Female,Under 5,NA,1373176
1965,Black,Male,10 to 14,NA,1224130
1965,Black,Male,15 to 19,NA,964257
1965,Black,Male,20 to 24,NA,719109
1965,Black,Male,25 to 29,NA,578930
1965,Black,Male,30 to 34,NA,565776
1965,Black,Male,35 to 39,NA,576163
1965,Black,Male,40 to 44,NA,549091
1965,Black,Male,45 to 49,NA,486401
1965,Black,Male,5 to 9,NA,1366157
1965,Black,Male,50 to 54,NA,448617
1965,Black,Male,55 to 59,NA,388371
1965,Black,Male,60 to 64,NA,283497
1965,Black,Male,65 to 69,NA,261073
1965,Black,Male,70 to 74,NA,177804
1965,Black,Male,75 to 79,NA,100808
1965,Black,Male,80 to 84,NA,55854
1965,Black,Male,85 years and over,NA,30191
1965,Black,Male,Under 5,NA,1375848
1965,Other,Female,10 to 14,NA,102130
1965,Other,Female,15 to 19,NA,88578
1965,Other,Female,20 to 24,NA,80078
1965,Other,Female,25 to 29,NA,71843
1965,Other,Female,30 to 34,NA,83966
1965,Other,Female,35 to 39,NA,76165
1965,Other,Female,40 to 44,NA,60721
1965,Other,Female,45 to 49,NA,43349
1965,Other,Female,5 to 9,NA,123531
1965,Other,Female,50 to 54,NA,34215
1965,Other,Female,55 to 59,NA,30206
1965,Other,Female,60 to 64,NA,26140
1965,Other,Female,65 to 69,NA,20477
1965,Other,Female,70 to 74,NA,12493
1965,Other,Female,75 to 79,NA,8703
1965,Other,Female,80 to 84,NA,4510
1965,Other,Female,85 years and over,NA,2997
1965,Other,Female,Under 5,NA,125609
1965,Other,Male,10 to 14,NA,103056
1965,Other,Male,15 to 19,NA,91545
1965,Other,Male,20 to 24,NA,84860
1965,Other,Male,25 to 29,NA,63836
1965,Other,Male,30 to 34,NA,77361
1965,Other,Male,35 to 39,NA,66650
1965,Other,Male,40 to 44,NA,61025
1965,Other,Male,45 to 49,NA,48177
1965,Other,Male,5 to 9,NA,124906
1965,Other,Male,50 to 54,NA,45335
1965,Other,Male,55 to 59,NA,44032
1965,Other,Male,60 to 64,NA,37521
1965,Other,Male,65 to 69,NA,25420
1965,Other,Male,70 to 74,NA,14013
1965,Other,Male,75 to 79,NA,11932
1965,Other,Male,80 to 84,NA,6896
1965,Other,Male,85 years and over,NA,4262
1965,Other,Male,Under 5,NA,127935
1965,White,Female,10 to 14,NA,8026881
1965,White,Female,15 to 19,NA,7322995
1965,White,Female,20 to 24,NA,5987499
1965,White,Female,25 to 29,NA,4994631
1965,White,Female,30 to 34,NA,4870908
1965,White,Female,35 to 39,NA,5382641
1965,White,Female,40 to 44,NA,5673381
1965,White,Female,45 to 49,NA,5234852
1965,White,Female,5 to 9,NA,8524383
1965,White,Female,50 to 54,NA,4822730
1965,White,Female,55 to 59,NA,4459533
1965,White,Female,60 to 64,NA,3641909
1965,White,Female,65 to 69,NA,3241540
1965,White,Female,70 to 74,NA,2758450
1965,White,Female,75 to 79,NA,1875720
1965,White,Female,80 to 84,NA,1098485
1965,White,Female,85 years and over,NA,635299
1965,White,Female,Under 5,NA,8235259
1965,White,Male,10 to 14,NA,8364948
1965,White,Male,15 to 19,NA,7584679
1965,White,Male,20 to 24,NA,6095320
1965,White,Male,25 to 29,NA,4969670
1965,White,Male,30 to 34,NA,4874429
1965,White,Male,35 to 39,NA,5256129
1965,White,Male,40 to 44,NA,5447988
1965,White,Male,45 to 49,NA,5017950
1965,White,Male,5 to 9,NA,8874800
1965,White,Male,50 to 54,NA,4607532
1965,White,Male,55 to 59,NA,4150278
1965,White,Male,60 to 64,NA,3262063
1965,White,Male,65 to 69,NA,2685699
1965,White,Male,70 to 74,NA,2157543
1965,White,Male,75 to 79,NA,1387283
1965,White,Male,80 to 84,NA,732288
1965,White,Male,85 years and over,NA,363049
1965,White,Male,Under 5,NA,8586014
1966,Black,Female,10 to 14,NA,1265837
1966,Black,Female,15 to 19,NA,1049347
1966,Black,Female,20 to 24,NA,792179
1966,Black,Female,25 to 29,NA,680615
1966,Black,Female,30 to 34,NA,651312
1966,Black,Female,35 to 39,NA,662360
1966,Black,Female,40 to 44,NA,640779
1966,Black,Female,45 to 49,NA,558188
1966,Black,Female,5 to 9,NA,1381868
1966,Black,Female,50 to 54,NA,507139
1966,Black,Female,55 to 59,NA,442988
1966,Black,Female,60 to 64,NA,333459
1966,Black,Female,65 to 69,NA,323381
1966,Black,Female,70 to 74,NA,221546
1966,Black,Female,75 to 79,NA,131692
1966,Black,Female,80 to 84,NA,75299
1966,Black,Female,85 years and over,NA,49214
1966,Black,Female,Under 5,NA,1347280
1966,Black,Male,10 to 14,NA,1264193
1966,Black,Male,15 to 19,NA,1039047
1966,Black,Male,20 to 24,NA,730816
1966,Black,Male,25 to 29,NA,595865
1966,Black,Male,30 to 34,NA,563070
1966,Black,Male,35 to 39,NA,573306
1966,Black,Male,40 to 44,NA,551563
1966,Black,Male,45 to 49,NA,491875
1966,Black,Male,5 to 9,NA,1382810
1966,Black,Male,50 to 54,NA,451268
1966,Black,Male,55 to 59,NA,394415
1966,Black,Male,60 to 64,NA,291531
1966,Black,Male,65 to 69,NA,264632
1966,Black,Male,70 to 74,NA,179535
1966,Black,Male,75 to 79,NA,103013
1966,Black,Male,80 to 84,NA,56555
1966,Black,Male,85 years and over,NA,31560
1966,Black,Male,Under 5,NA,1354529
1966,Other,Female,10 to 14,NA,107852
1966,Other,Female,15 to 19,NA,96881
1966,Other,Female,20 to 24,NA,84110
1966,Other,Female,25 to 29,NA,77069
1966,Other,Female,30 to 34,NA,84321
1966,Other,Female,35 to 39,NA,80223
1966,Other,Female,40 to 44,NA,65675
1966,Other,Female,45 to 49,NA,47338
1966,Other,Female,5 to 9,NA,127768
1966,Other,Female,50 to 54,NA,36964
1966,Other,Female,55 to 59,NA,31352
1966,Other,Female,60 to 64,NA,27024
1966,Other,Female,65 to 69,NA,22187
1966,Other,Female,70 to 74,NA,13630
1966,Other,Female,75 to 79,NA,9563
1966,Other,Female,80 to 84,NA,5113
1966,Other,Female,85 years and over,NA,3398
1966,Other,Female,Under 5,NA,125777
1966,Other,Male,10 to 14,NA,108773
1966,Other,Male,15 to 19,NA,100271
1966,Other,Male,20 to 24,NA,89778
1966,Other,Male,25 to 29,NA,69799
1966,Other,Male,30 to 34,NA,77610
1966,Other,Male,35 to 39,NA,69160
1966,Other,Male,40 to 44,NA,63332
1966,Other,Male,45 to 49,NA,50979
1966,Other,Male,5 to 9,NA,129231
1966,Other,Male,50 to 54,NA,45811
1966,Other,Male,55 to 59,NA,44155
1966,Other,Male,60 to 64,NA,38552
1966,Other,Male,65 to 69,NA,27571
1966,Other,Male,70 to 74,NA,14800
1966,Other,Male,75 to 79,NA,11880
1966,Other,Male,80 to 84,NA,7703
1966,Other,Male,85 years and over,NA,4561
1966,Other,Male,Under 5,NA,128396
1966,White,Female,10 to 14,NA,8190856
1966,White,Female,15 to 19,NA,7697433
1966,White,Female,20 to 24,NA,6117977
1966,White,Female,25 to 29,NA,5131716
1966,White,Female,30 to 34,NA,4843196
1966,White,Female,35 to 39,NA,5287547
1966,White,Female,40 to 44,NA,5666445
1966,White,Female,45 to 49,NA,5319543
1966,White,Female,5 to 9,NA,8595682
1966,White,Female,50 to 54,NA,4886916
1966,White,Female,55 to 59,NA,4534834
1966,White,Female,60 to 64,NA,3734753
1966,White,Female,65 to 69,NA,3277206
1966,White,Female,70 to 74,NA,2796355
1966,White,Female,75 to 79,NA,1935894
1966,White,Female,80 to 84,NA,1143083
1966,White,Female,85 years and over,NA,665690
1966,White,Female,Under 5,NA,7954773
1966,White,Male,10 to 14,NA,8540178
1966,White,Male,15 to 19,NA,7978820
1966,White,Male,20 to 24,NA,6235559
1966,White,Male,25 to 29,NA,5106693
1966,White,Male,30 to 34,NA,4843903
1966,White,Male,35 to 39,NA,5173960
1966,White,Male,40 to 44,NA,5441167
1966,White,Male,45 to 49,NA,5076606
1966,White,Male,5 to 9,NA,8956137
1966,White,Male,50 to 54,NA,4652486
1966,White,Male,55 to 59,NA,4205235
1966,White,Male,60 to 64,NA,3329733
1966,White,Male,65 to 69,NA,2696445
1966,White,Male,70 to 74,NA,2152148
1966,White,Male,75 to 79,NA,1407549
1966,White,Male,80 to 84,NA,750654
1966,White,Male,85 years and over,NA,373274
1966,White,Male,Under 5,NA,8297219
1967,Black,Female,10 to 14,NA,1312671
1967,Black,Female,15 to 19,NA,1090347
1967,Black,Female,20 to 24,NA,836679
1967,Black,Female,25 to 29,NA,702779
1967,Black,Female,30 to 34,NA,653584
1967,Black,Female,35 to 39,NA,661558
1967,Black,Female,40 to 44,NA,646120
1967,Black,Female,45 to 49,NA,570068
1967,Black,Female,5 to 9,NA,1386181
1967,Black,Female,50 to 54,NA,512050
1967,Black,Female,55 to 59,NA,452308
1967,Black,Female,60 to 64,NA,349910
1967,Black,Female,65 to 69,NA,328948
1967,Black,Female,70 to 74,NA,225467
1967,Black,Female,75 to 79,NA,136904
1967,Black,Female,80 to 84,NA,78058
1967,Black,Female,85 years and over,NA,52780
1967,Black,Female,Under 5,NA,1313448
1967,Black,Male,10 to 14,NA,1314339
1967,Black,Male,15 to 19,NA,1079367
1967,Black,Male,20 to 24,NA,773380
1967,Black,Male,25 to 29,NA,615389
1967,Black,Male,30 to 34,NA,560990
1967,Black,Male,35 to 39,NA,569157
1967,Black,Male,40 to 44,NA,552042
1967,Black,Male,45 to 49,NA,499797
1967,Black,Male,5 to 9,NA,1386335
1967,Black,Male,50 to 54,NA,452026
1967,Black,Male,55 to 59,NA,399017
1967,Black,Male,60 to 64,NA,301912
1967,Black,Male,65 to 69,NA,267608
1967,Black,Male,70 to 74,NA,181290
1967,Black,Male,75 to 79,NA,105940
1967,Black,Male,80 to 84,NA,57048
1967,Black,Male,85 years and over,NA,33610
1967,Black,Male,Under 5,NA,1321055
1967,Other,Female,10 to 14,NA,115083
1967,Other,Female,15 to 19,NA,103520
1967,Other,Female,20 to 24,NA,92415
1967,Other,Female,25 to 29,NA,83874
1967,Other,Female,30 to 34,NA,84913
1967,Other,Female,35 to 39,NA,84194
1967,Other,Female,40 to 44,NA,70855
1967,Other,Female,45 to 49,NA,52005
1967,Other,Female,5 to 9,NA,131916
1967,Other,Female,50 to 54,NA,39922
1967,Other,Female,55 to 59,NA,33011
1967,Other,Female,60 to 64,NA,27602
1967,Other,Female,65 to 69,NA,23732
1967,Other,Female,70 to 74,NA,14954
1967,Other,Female,75 to 79,NA,10493
1967,Other,Female,80 to 84,NA,5808
1967,Other,Female,85 years and over,NA,3883
1967,Other,Female,Under 5,NA,125635
1967,Other,Male,10 to 14,NA,116064
1967,Other,Male,15 to 19,NA,106576
1967,Other,Male,20 to 24,NA,97505
1967,Other,Male,25 to 29,NA,77563
1967,Other,Male,30 to 34,NA,79283
1967,Other,Male,35 to 39,NA,72786
1967,Other,Male,40 to 44,NA,65548
1967,Other,Male,45 to 49,NA,54801
1967,Other,Male,5 to 9,NA,133595
1967,Other,Male,50 to 54,NA,46410
1967,Other,Male,55 to 59,NA,44475
1967,Other,Male,60 to 64,NA,39218
1967,Other,Male,65 to 69,NA,29669
1967,Other,Male,70 to 74,NA,16010
1967,Other,Male,75 to 79,NA,11607
1967,Other,Male,80 to 84,NA,8632
1967,Other,Male,85 years and over,NA,5108
1967,Other,Male,Under 5,NA,128115
1967,White,Female,10 to 14,NA,8372116
1967,White,Female,15 to 19,NA,7643737
1967,White,Female,20 to 24,NA,6653759
1967,White,Female,25 to 29,NA,5318337
1967,White,Female,30 to 34,NA,4847149
1967,White,Female,35 to 39,NA,5187841
1967,White,Female,40 to 44,NA,5630334
1967,White,Female,45 to 49,NA,5415879
1967,White,Female,5 to 9,NA,8566466
1967,White,Female,50 to 54,NA,4953520
1967,White,Female,55 to 59,NA,4591462
1967,White,Female,60 to 64,NA,3851451
1967,White,Female,65 to 69,NA,3317313
1967,White,Female,70 to 74,NA,2821151
1967,White,Female,75 to 79,NA,2001369
1967,White,Female,80 to 84,NA,1187729
1967,White,Female,85 years and over,NA,703680
1967,White,Female,Under 5,NA,7671206
1967,White,Male,10 to 14,NA,8732561
1967,White,Male,15 to 19,NA,7924228
1967,White,Male,20 to 24,NA,6794135
1967,White,Male,25 to 29,NA,5295332
1967,White,Male,30 to 34,NA,4837015
1967,White,Male,35 to 39,NA,5087312
1967,White,Male,40 to 44,NA,5410409
1967,White,Male,45 to 49,NA,5147487
1967,White,Male,5 to 9,NA,8928607
1967,White,Male,50 to 54,NA,4695852
1967,White,Male,55 to 59,NA,4245382
1967,White,Male,60 to 64,NA,3416621
1967,White,Male,65 to 69,NA,2715832
1967,White,Male,70 to 74,NA,2140506
1967,White,Male,75 to 79,NA,1430403
1967,White,Male,80 to 84,NA,768702
1967,White,Male,85 years and over,NA,387181
1967,White,Male,Under 5,NA,8003050
1968,Black,Female,10 to 14,NA,1351230
1968,Black,Female,15 to 19,NA,1136318
1968,Black,Female,20 to 24,NA,877759
1968,Black,Female,25 to 29,NA,728848
1968,Black,Female,30 to 34,NA,663277
1968,Black,Female,35 to 39,NA,659208
1968,Black,Female,40 to 44,NA,650078
1968,Black,Female,45 to 49,NA,583460
1968,Black,Female,5 to 9,NA,1389917
1968,Black,Female,50 to 54,NA,517066
1968,Black,Female,55 to 59,NA,459721
1968,Black,Female,60 to 64,NA,368152
1968,Black,Female,65 to 69,NA,334538
1968,Black,Female,70 to 74,NA,228394
1968,Black,Female,75 to 79,NA,140975
1968,Black,Female,80 to 84,NA,80513
1968,Black,Female,85 years and over,NA,56289
1968,Black,Female,Under 5,NA,1277115
1968,Black,Male,10 to 14,NA,1354592
1968,Black,Male,15 to 19,NA,1125183
1968,Black,Male,20 to 24,NA,812806
1968,Black,Male,25 to 29,NA,638113
1968,Black,Male,30 to 34,NA,564950
1968,Black,Male,35 to 39,NA,562481
1968,Black,Male,40 to 44,NA,551140
1968,Black,Male,45 to 49,NA,508317
1968,Black,Male,5 to 9,NA,1389495
1968,Black,Male,50 to 54,NA,452176
1968,Black,Male,55 to 59,NA,402297
1968,Black,Male,60 to 64,NA,313741
1968,Black,Male,65 to 69,NA,269653
1968,Black,Male,70 to 74,NA,182625
1968,Black,Male,75 to 79,NA,107968
1968,Black,Male,80 to 84,NA,57229
1968,Black,Male,85 years and over,NA,35430
1968,Black,Male,Under 5,NA,1285793
1968,Other,Female,10 to 14,NA,121544
1968,Other,Female,15 to 19,NA,109588
1968,Other,Female,20 to 24,NA,101636
1968,Other,Female,25 to 29,NA,91407
1968,Other,Female,30 to 34,NA,86373
1968,Other,Female,35 to 39,NA,87146
1968,Other,Female,40 to 44,NA,75883
1968,Other,Female,45 to 49,NA,57024
1968,Other,Female,5 to 9,NA,135822
1968,Other,Female,50 to 54,NA,43051
1968,Other,Female,55 to 59,NA,34854
1968,Other,Female,60 to 64,NA,27955
1968,Other,Female,65 to 69,NA,24825
1968,Other,Female,70 to 74,NA,16498
1968,Other,Female,75 to 79,NA,11402
1968,Other,Female,80 to 84,NA,6542
1968,Other,Female,85 years and over,NA,4430
1968,Other,Female,Under 5,NA,126043
1968,Other,Male,10 to 14,NA,122379
1968,Other,Male,15 to 19,NA,112491
1968,Other,Male,20 to 24,NA,105368
1968,Other,Male,25 to 29,NA,85595
1968,Other,Male,30 to 34,NA,81436
1968,Other,Male,35 to 39,NA,75159
1968,Other,Male,40 to 44,NA,67422
1968,Other,Male,45 to 49,NA,58773
1968,Other,Male,5 to 9,NA,137580
1968,Other,Male,50 to 54,NA,47129
1968,Other,Male,55 to 59,NA,44674
1968,Other,Male,60 to 64,NA,39555
1968,Other,Male,65 to 69,NA,31294
1968,Other,Male,70 to 74,NA,17539
1968,Other,Male,75 to 79,NA,11329
1968,Other,Male,80 to 84,NA,9420
1968,Other,Male,85 years and over,NA,5727
1968,Other,Male,Under 5,NA,128409
1968,White,Female,10 to 14,NA,8517639
1968,White,Female,15 to 19,NA,7768401
1968,White,Female,20 to 24,NA,6869353
1968,White,Female,25 to 29,NA,5634800
1968,White,Female,30 to 34,NA,4909144
1968,White,Female,35 to 39,NA,5083320
1968,White,Female,40 to 44,NA,5568481
1968,White,Female,45 to 49,NA,5507623
1968,White,Female,5 to 9,NA,8498453
1968,White,Female,50 to 54,NA,5025234
1968,White,Female,55 to 59,NA,4633830
1968,White,Female,60 to 64,NA,3975590
1968,White,Female,65 to 69,NA,3367828
1968,White,Female,70 to 74,NA,2840346
1968,White,Female,75 to 79,NA,2061449
1968,White,Female,80 to 84,NA,1228978
1968,White,Female,85 years and over,NA,739473
1968,White,Female,Under 5,NA,7384972
1968,White,Male,10 to 14,NA,8889860
1968,White,Male,15 to 19,NA,8051361
1968,White,Male,20 to 24,NA,7019242
1968,White,Male,25 to 29,NA,5621124
1968,White,Male,30 to 34,NA,4884684
1968,White,Male,35 to 39,NA,4992530
1968,White,Male,40 to 44,NA,5357863
1968,White,Male,45 to 49,NA,5215997
1968,White,Male,5 to 9,NA,8863079
1968,White,Male,50 to 54,NA,4742185
1968,White,Male,55 to 59,NA,4275743
1968,White,Male,60 to 64,NA,3511815
1968,White,Male,65 to 69,NA,2740935
1968,White,Male,70 to 74,NA,2124273
1968,White,Male,75 to 79,NA,1446959
1968,White,Male,80 to 84,NA,782926
1968,White,Male,85 years and over,NA,399330
1968,White,Male,Under 5,NA,7711083
1969,Black,Female,10 to 14,NA,1384852
1969,Black,Female,15 to 19,NA,1182590
1969,Black,Female,20 to 24,NA,930882
1969,Black,Female,25 to 29,NA,751304
1969,Black,Female,30 to 34,NA,674430
1969,Black,Female,35 to 39,NA,655607
1969,Black,Female,40 to 44,NA,652093
1969,Black,Female,45 to 49,NA,594783
1969,Black,Female,5 to 9,NA,1387127
1969,Black,Female,50 to 54,NA,523351
1969,Black,Female,55 to 59,NA,465202
1969,Black,Female,60 to 64,NA,386490
1969,Black,Female,65 to 69,NA,342300
1969,Black,Female,70 to 74,NA,229980
1969,Black,Female,75 to 79,NA,143596
1969,Black,Female,80 to 84,NA,83293
1969,Black,Female,85 years and over,NA,59960
1969,Black,Female,Under 5,NA,1235542
1969,Black,Male,10 to 14,NA,1389244
1969,Black,Male,15 to 19,NA,1171560
1969,Black,Male,20 to 24,NA,864301
1969,Black,Male,25 to 29,NA,657753
1969,Black,Male,30 to 34,NA,571732
1969,Black,Male,35 to 39,NA,554217
1969,Black,Male,40 to 44,NA,549014
1969,Black,Male,45 to 49,NA,515690
1969,Black,Male,5 to 9,NA,1388804
1969,Black,Male,50 to 54,NA,454327
1969,Black,Male,55 to 59,NA,403657
1969,Black,Male,60 to 64,NA,325327
1969,Black,Male,65 to 69,NA,271913
1969,Black,Male,70 to 74,NA,183348
1969,Black,Male,75 to 79,NA,108747
1969,Black,Male,80 to 84,NA,57715
1969,Black,Male,85 years and over,NA,37223
1969,Black,Male,Under 5,NA,1243309
1969,Other,Female,10 to 14,NA,127696
1969,Other,Female,15 to 19,NA,116032
1969,Other,Female,20 to 24,NA,112785
1969,Other,Female,25 to 29,NA,99876
1969,Other,Female,30 to 34,NA,90972
1969,Other,Female,35 to 39,NA,88089
1969,Other,Female,40 to 44,NA,80998
1969,Other,Female,45 to 49,NA,62547
1969,Other,Female,5 to 9,NA,138529
1969,Other,Female,50 to 54,NA,46726
1969,Other,Female,55 to 59,NA,36798
1969,Other,Female,60 to 64,NA,28463
1969,Other,Female,65 to 69,NA,25418
1969,Other,Female,70 to 74,NA,18276
1969,Other,Female,75 to 79,NA,12404
1969,Other,Female,80 to 84,NA,7332
1969,Other,Female,85 years and over,NA,5061
1969,Other,Female,Under 5,NA,129895
1969,Other,Male,10 to 14,NA,128252
1969,Other,Male,15 to 19,NA,119024
1969,Other,Male,20 to 24,NA,114996
1969,Other,Male,25 to 29,NA,93869
1969,Other,Male,30 to 34,NA,86827
1969,Other,Male,35 to 39,NA,75687
1969,Other,Male,40 to 44,NA,69547
1969,Other,Male,45 to 49,NA,62604
1969,Other,Male,5 to 9,NA,140383
1969,Other,Male,50 to 54,NA,48632
1969,Other,Male,55 to 59,NA,44781
1969,Other,Male,60 to 64,NA,39795
1969,Other,Male,65 to 69,NA,32280
1969,Other,Male,70 to 74,NA,19199
1969,Other,Male,75 to 79,NA,11400
1969,Other,Male,80 to 84,NA,10044
1969,Other,Male,85 years and over,NA,6439
1969,Other,Male,Under 5,NA,132168
1969,White,Female,10 to 14,NA,8615430
1969,White,Female,15 to 19,NA,7937274
1969,White,Female,20 to 24,NA,7146391
1969,White,Female,25 to 29,NA,5845665
1969,White,Female,30 to 34,NA,5002553
1969,White,Female,35 to 39,NA,4981765
1969,White,Female,40 to 44,NA,5489535
1969,White,Female,45 to 49,NA,5573132
1969,White,Female,5 to 9,NA,8406579
1969,White,Female,50 to 54,NA,5105651
1969,White,Female,55 to 59,NA,4671572
1969,White,Female,60 to 64,NA,4089267
1969,White,Female,65 to 69,NA,3432063
1969,White,Female,70 to 74,NA,2856760
1969,White,Female,75 to 79,NA,2112414
1969,White,Female,80 to 84,NA,1272809
1969,White,Female,85 years and over,NA,783478
1969,White,Female,Under 5,NA,7156383
1969,White,Male,10 to 14,NA,8995551
1969,White,Male,15 to 19,NA,8229739
1969,White,Male,20 to 24,NA,7310438
1969,White,Male,25 to 29,NA,5842011
1969,White,Male,30 to 34,NA,4963678
1969,White,Male,35 to 39,NA,4896148
1969,White,Male,40 to 44,NA,5290351
1969,White,Male,45 to 49,NA,5263715
1969,White,Male,5 to 9,NA,8781303
1969,White,Male,50 to 54,NA,4795930
1969,White,Male,55 to 59,NA,4300982
1969,White,Male,60 to 64,NA,3598063
1969,White,Male,65 to 69,NA,2775932
1969,White,Male,70 to 74,NA,2113562
1969,White,Male,75 to 79,NA,1455705
1969,White,Male,80 to 84,NA,796485
1969,White,Male,85 years and over,NA,415329
1969,White,Male,Under 5,NA,7478216
1970,Black,Female,10 to 14,NA,1409180
1970,Black,Female,15 to 19,NA,1234365
1970,Black,Female,20 to 24,NA,987114
1970,Black,Female,25 to 29,NA,776954
1970,Black,Female,30 to 34,NA,690292
1970,Black,Female,35 to 39,NA,654607
1970,Black,Female,40 to 44,NA,653895
1970,Black,Female,45 to 49,NA,605852
1970,Black,Female,5 to 9,NA,1371059
1970,Black,Female,50 to 54,NA,535403
1970,Black,Female,55 to 59,NA,467277
1970,Black,Female,60 to 64,NA,405762
1970,Black,Female,65 to 69,NA,348631
1970,Black,Female,70 to 74,NA,235918
1970,Black,Female,75 to 79,NA,148395
1970,Black,Female,80 to 84,NA,87661
1970,Black,Female,85 years and over,NA,64297
1970,Black,Female,Under 5,NA,1211541
1970,Black,Male,10 to 14,NA,1412618
1970,Black,Male,15 to 19,NA,1223988
1970,Black,Male,20 to 24,NA,919096
1970,Black,Male,25 to 29,NA,678738
1970,Black,Male,30 to 34,NA,583250
1970,Black,Male,35 to 39,NA,549257
1970,Black,Male,40 to 44,NA,548017
1970,Black,Male,45 to 49,NA,522847
1970,Black,Male,5 to 9,NA,1379170
1970,Black,Male,50 to 54,NA,462371
1970,Black,Male,55 to 59,NA,402629
1970,Black,Male,60 to 64,NA,338955
1970,Black,Male,65 to 69,NA,276225
1970,Black,Male,70 to 74,NA,186544
1970,Black,Male,75 to 79,NA,112514
1970,Black,Male,80 to 84,NA,59865
1970,Black,Male,85 years and over,NA,38999
1970,Black,Male,Under 5,NA,1217928
1970,Other,Female,10 to 14,NA,135209
1970,Other,Female,15 to 19,NA,124638
1970,Other,Female,20 to 24,NA,124910
1970,Other,Female,25 to 29,NA,110022
1970,Other,Female,30 to 34,NA,96417
1970,Other,Female,35 to 39,NA,91409
1970,Other,Female,40 to 44,NA,86936
1970,Other,Female,45 to 49,NA,68712
1970,Other,Female,5 to 9,NA,139075
1970,Other,Female,50 to 54,NA,51404
1970,Other,Female,55 to 59,NA,39290
1970,Other,Female,60 to 64,NA,30016
1970,Other,Female,65 to 69,NA,26055
1970,Other,Female,70 to 74,NA,20404
1970,Other,Female,75 to 79,NA,13387
1970,Other,Female,80 to 84,NA,8168
1970,Other,Female,85 years and over,NA,5976
1970,Other,Female,Under 5,NA,132647
1970,Other,Male,10 to 14,NA,135723
1970,Other,Male,15 to 19,NA,127762
1970,Other,Male,20 to 24,NA,125697
1970,Other,Male,25 to 29,NA,103223
1970,Other,Male,30 to 34,NA,92457
1970,Other,Male,35 to 39,NA,78956
1970,Other,Male,40 to 44,NA,73405
1970,Other,Male,45 to 49,NA,66640
1970,Other,Male,5 to 9,NA,141763
1970,Other,Male,50 to 54,NA,51603
1970,Other,Male,55 to 59,NA,45293
1970,Other,Male,60 to 64,NA,40965
1970,Other,Male,65 to 69,NA,33182
1970,Other,Male,70 to 74,NA,21685
1970,Other,Male,75 to 79,NA,11623
1970,Other,Male,80 to 84,NA,9943
1970,Other,Male,85 years and over,NA,7446
1970,Other,Male,Under 5,NA,134886
1970,White,Female,10 to 14,NA,8685987
1970,White,Female,15 to 19,NA,8158125
1970,White,Female,20 to 24,NA,7435143
1970,White,Female,25 to 29,NA,6028078
1970,White,Female,30 to 34,NA,5085116
1970,White,Female,35 to 39,NA,4933776
1970,White,Female,40 to 44,NA,5407468
1970,White,Female,45 to 49,NA,5602799
1970,White,Female,5 to 9,NA,8257608
1970,White,Female,50 to 54,NA,5199271
1970,White,Female,55 to 59,NA,4718687
1970,White,Female,60 to 64,NA,4188060
1970,White,Female,65 to 69,NA,3512766
1970,White,Female,70 to 74,NA,2888322
1970,White,Female,75 to 79,NA,2136488
1970,White,Female,80 to 84,NA,1333113
1970,White,Female,85 years and over,NA,863737
1970,White,Female,Under 5,NA,7070876
1970,White,Male,10 to 14,NA,9074126
1970,White,Male,15 to 19,NA,8464219
1970,White,Male,20 to 24,NA,7610146
1970,White,Male,25 to 29,NA,6039133
1970,White,Male,30 to 34,NA,5039852
1970,White,Male,35 to 39,NA,4846671
1970,White,Male,40 to 44,NA,5225255
1970,White,Male,45 to 49,NA,5283777
1970,White,Male,5 to 9,NA,8630762
1970,White,Male,50 to 54,NA,4865723
1970,White,Male,55 to 59,NA,4333300
1970,White,Male,60 to 64,NA,3671951
1970,White,Male,65 to 69,NA,2829390
1970,White,Male,70 to 74,NA,2113868
1970,White,Male,75 to 79,NA,1448557
1970,White,Male,80 to 84,NA,813532
1970,White,Male,85 years and over,NA,450038
1970,White,Male,Under 5,NA,7398313
1971,Black,Female,10 to 14,NA,1431700
1971,Black,Female,15 to 19,NA,1276255
1971,Black,Female,20 to 24,NA,1060165
1971,Black,Female,25 to 29,NA,790618
1971,Black,Female,30 to 34,NA,713142
1971,Black,Female,35 to 39,NA,658368
1971,Black,Female,40 to 44,NA,650387
1971,Black,Female,45 to 49,NA,614230
1971,Black,Female,5 to 9,NA,1353741
1971,Black,Female,50 to 54,NA,551585
1971,Black,Female,55 to 59,NA,461447
1971,Black,Female,60 to 64,NA,426666
1971,Black,Female,65 to 69,NA,347781
1971,Black,Female,70 to 74,NA,244609
1971,Black,Female,75 to 79,NA,162842
1971,Black,Female,80 to 84,NA,96204
1971,Black,Female,85 years and over,NA,66934
1971,Black,Female,Under 5,NA,1218650
1971,Black,Male,10 to 14,NA,1436944
1971,Black,Male,15 to 19,NA,1266472
1971,Black,Male,20 to 24,NA,986991
1971,Black,Male,25 to 29,NA,691531
1971,Black,Male,30 to 34,NA,603626
1971,Black,Male,35 to 39,NA,550573
1971,Black,Male,40 to 44,NA,548184
1971,Black,Male,45 to 49,NA,525745
1971,Black,Male,5 to 9,NA,1362922
1971,Black,Male,50 to 54,NA,474259
1971,Black,Male,55 to 59,NA,394000
1971,Black,Male,60 to 64,NA,353740
1971,Black,Male,65 to 69,NA,274936
1971,Black,Male,70 to 74,NA,191789
1971,Black,Male,75 to 79,NA,121721
1971,Black,Male,80 to 84,NA,64245
1971,Black,Male,85 years and over,NA,39900
1971,Black,Male,Under 5,NA,1226622
1971,Other,Female,10 to 14,NA,141607
1971,Other,Female,15 to 19,NA,133970
1971,Other,Female,20 to 24,NA,139475
1971,Other,Female,25 to 29,NA,119167
1971,Other,Female,30 to 34,NA,105241
1971,Other,Female,35 to 39,NA,93848
1971,Other,Female,40 to 44,NA,93185
1971,Other,Female,45 to 49,NA,73768
1971,Other,Female,5 to 9,NA,142057
1971,Other,Female,50 to 54,NA,55217
1971,Other,Female,55 to 59,NA,41460
1971,Other,Female,60 to 64,NA,31457
1971,Other,Female,65 to 69,NA,26891
1971,Other,Female,70 to 74,NA,22244
1971,Other,Female,75 to 79,NA,13439
1971,Other,Female,80 to 84,NA,8245
1971,Other,Female,85 years and over,NA,6283
1971,Other,Female,Under 5,NA,138269
1971,Other,Male,10 to 14,NA,143103
1971,Other,Male,15 to 19,NA,136990
1971,Other,Male,20 to 24,NA,136861
1971,Other,Male,25 to 29,NA,109415
1971,Other,Male,30 to 34,NA,100118
1971,Other,Male,35 to 39,NA,81755
1971,Other,Male,40 to 44,NA,78896
1971,Other,Male,45 to 49,NA,69693
1971,Other,Male,5 to 9,NA,145137
1971,Other,Male,50 to 54,NA,54738
1971,Other,Male,55 to 59,NA,45653
1971,Other,Male,60 to 64,NA,42364
1971,Other,Male,65 to 69,NA,34178
1971,Other,Male,70 to 74,NA,24472
1971,Other,Male,75 to 79,NA,11363
1971,Other,Male,80 to 84,NA,9566
1971,Other,Male,85 years and over,NA,7130
1971,Other,Male,Under 5,NA,140804
1971,White,Female,10 to 14,NA,8772621
1971,White,Female,15 to 19,NA,8330314
1971,White,Female,20 to 24,NA,7829417
1971,White,Female,25 to 29,NA,6151946
1971,White,Female,30 to 34,NA,5218083
1971,White,Female,35 to 39,NA,4913505
1971,White,Female,40 to 44,NA,5318883
1971,White,Female,45 to 49,NA,5591686
1971,White,Female,5 to 9,NA,8013778
1971,White,Female,50 to 54,NA,5292717
1971,White,Female,55 to 59,NA,4771389
1971,White,Female,60 to 64,NA,4280436
1971,White,Female,65 to 69,NA,3590696
1971,White,Female,70 to 74,NA,2914349
1971,White,Female,75 to 79,NA,2203577
1971,White,Female,80 to 84,NA,1394685
1971,White,Female,85 years and over,NA,903820
1971,White,Female,Under 5,NA,7090622
1971,White,Male,10 to 14,NA,9169206
1971,White,Male,15 to 19,NA,8644507
1971,White,Male,20 to 24,NA,8006126
1971,White,Male,25 to 29,NA,6178675
1971,White,Male,30 to 34,NA,5176732
1971,White,Male,35 to 39,NA,4821820
1971,White,Male,40 to 44,NA,5168643
1971,White,Male,45 to 49,NA,5266784
1971,White,Male,5 to 9,NA,8377652
1971,White,Male,50 to 54,NA,4948152
1971,White,Male,55 to 59,NA,4375872
1971,White,Male,60 to 64,NA,3737839
1971,White,Male,65 to 69,NA,2895044
1971,White,Male,70 to 74,NA,2116970
1971,White,Male,75 to 79,NA,1473479
1971,White,Male,80 to 84,NA,831125
1971,White,Male,85 years and over,NA,462943
1971,White,Male,Under 5,NA,7429001
1972,Black,Female,10 to 14,NA,1441578
1972,Black,Female,15 to 19,NA,1327684
1972,Black,Female,20 to 24,NA,1098913
1972,Black,Female,25 to 29,NA,835606
1972,Black,Female,30 to 34,NA,738633
1972,Black,Female,35 to 39,NA,665486
1972,Black,Female,40 to 44,NA,649360
1972,Black,Female,45 to 49,NA,615446
1972,Black,Female,5 to 9,NA,1328191
1972,Black,Female,50 to 54,NA,569676
1972,Black,Female,55 to 59,NA,463555
1972,Black,Female,60 to 64,NA,440945
1972,Black,Female,65 to 69,NA,362869
1972,Black,Female,70 to 74,NA,239433
1972,Black,Female,75 to 79,NA,174641
1972,Black,Female,80 to 84,NA,104999
1972,Black,Female,85 years and over,NA,69565
1972,Black,Female,Under 5,NA,1221704
1972,Black,Male,10 to 14,NA,1448767
1972,Black,Male,15 to 19,NA,1320493
1972,Black,Male,20 to 24,NA,1022374
1972,Black,Male,25 to 29,NA,732587
1972,Black,Male,30 to 34,NA,627349
1972,Black,Male,35 to 39,NA,555467
1972,Black,Male,40 to 44,NA,548729
1972,Black,Male,45 to 49,NA,523792
1972,Black,Male,5 to 9,NA,1336243
1972,Black,Male,50 to 54,NA,487843
1972,Black,Male,55 to 59,NA,391615
1972,Black,Male,60 to 64,NA,364269
1972,Black,Male,65 to 69,NA,283133
1972,Black,Male,70 to 74,NA,186337
1972,Black,Male,75 to 79,NA,127574
1972,Black,Male,80 to 84,NA,69050
1972,Black,Male,85 years and over,NA,40388
1972,Black,Male,Under 5,NA,1231883
1972,Other,Female,10 to 14,NA,147265
1972,Other,Female,15 to 19,NA,144257
1972,Other,Female,20 to 24,NA,149789
1972,Other,Female,25 to 29,NA,134030
1972,Other,Female,30 to 34,NA,115891
1972,Other,Female,35 to 39,NA,97205
1972,Other,Female,40 to 44,NA,99305
1972,Other,Female,45 to 49,NA,78962
1972,Other,Female,5 to 9,NA,144588
1972,Other,Female,50 to 54,NA,60158
1972,Other,Female,55 to 59,NA,43703
1972,Other,Female,60 to 64,NA,33532
1972,Other,Female,65 to 69,NA,27444
1972,Other,Female,70 to 74,NA,24225
1972,Other,Female,75 to 79,NA,13448
1972,Other,Female,80 to 84,NA,8472
1972,Other,Female,85 years and over,NA,6580
1972,Other,Female,Under 5,NA,145926
1972,Other,Male,10 to 14,NA,149769
1972,Other,Male,15 to 19,NA,148121
1972,Other,Male,20 to 24,NA,144125
1972,Other,Male,25 to 29,NA,120455
1972,Other,Male,30 to 34,NA,109577
1972,Other,Male,35 to 39,NA,85259
1972,Other,Male,40 to 44,NA,85199
1972,Other,Male,45 to 49,NA,72158
1972,Other,Male,5 to 9,NA,147709
1972,Other,Male,50 to 54,NA,59230
1972,Other,Male,55 to 59,NA,46386
1972,Other,Male,60 to 64,NA,43690
1972,Other,Male,65 to 69,NA,35297
1972,Other,Male,70 to 74,NA,26787
1972,Other,Male,75 to 79,NA,11455
1972,Other,Male,80 to 84,NA,9046
1972,Other,Male,85 years and over,NA,6788
1972,Other,Male,Under 5,NA,148399
1972,White,Female,10 to 14,NA,8757775
1972,White,Female,15 to 19,NA,8516071
1972,White,Female,20 to 24,NA,7774442
1972,White,Female,25 to 29,NA,6683173
1972,White,Female,30 to 34,NA,5414297
1972,White,Female,35 to 39,NA,4925818
1972,White,Female,40 to 44,NA,5222527
1972,White,Female,45 to 49,NA,5529033
1972,White,Female,5 to 9,NA,7767807
1972,White,Female,50 to 54,NA,5418205
1972,White,Female,55 to 59,NA,4808389
1972,White,Female,60 to 64,NA,4369281
1972,White,Female,65 to 69,NA,3715425
1972,White,Female,70 to 74,NA,2925736
1972,White,Female,75 to 79,NA,2244688
1972,White,Female,80 to 84,NA,1459369
1972,White,Female,85 years and over,NA,944167
1972,White,Female,Under 5,NA,7006022
1972,White,Male,10 to 14,NA,9153536
1972,White,Male,15 to 19,NA,8839288
1972,White,Male,20 to 24,NA,7963450
1972,White,Male,25 to 29,NA,6734623
1972,White,Male,30 to 34,NA,5377716
1972,White,Male,35 to 39,NA,4829187
1972,White,Male,40 to 44,NA,5095965
1972,White,Male,45 to 49,NA,5213230
1972,White,Male,5 to 9,NA,8122287
1972,White,Male,50 to 54,NA,5058399
1972,White,Male,55 to 59,NA,4400293
1972,White,Male,60 to 64,NA,3805091
1972,White,Male,65 to 69,NA,2980068
1972,White,Male,70 to 74,NA,2115585
1972,White,Male,75 to 79,NA,1479522
1972,White,Male,80 to 84,NA,852777
1972,White,Male,85 years and over,NA,474953
1972,White,Male,Under 5,NA,7347419
1973,Black,Female,10 to 14,NA,1450657
1973,Black,Female,15 to 19,NA,1371423
1973,Black,Female,20 to 24,NA,1141902
1973,Black,Female,25 to 29,NA,876126
1973,Black,Female,30 to 34,NA,767294
1973,Black,Female,35 to 39,NA,669316
1973,Black,Female,40 to 44,NA,654225
1973,Black,Female,45 to 49,NA,613712
1973,Black,Female,5 to 9,NA,1299995
1973,Black,Female,50 to 54,NA,589887
1973,Black,Female,55 to 59,NA,464080
1973,Black,Female,60 to 64,NA,451949
1973,Black,Female,65 to 69,NA,380852
1973,Black,Female,70 to 74,NA,240091
1973,Black,Female,75 to 79,NA,182791
1973,Black,Female,80 to 84,NA,113413
1973,Black,Female,85 years and over,NA,72525
1973,Black,Female,Under 5,NA,1218724
1973,Black,Male,10 to 14,NA,1459964
1973,Black,Male,15 to 19,NA,1365624
1973,Black,Male,20 to 24,NA,1063430
1973,Black,Male,25 to 29,NA,770464
1973,Black,Male,30 to 34,NA,654090
1973,Black,Male,35 to 39,NA,557001
1973,Black,Male,40 to 44,NA,553098
1973,Black,Male,45 to 49,NA,521119
1973,Black,Male,5 to 9,NA,1306409
1973,Black,Male,50 to 54,NA,500165
1973,Black,Male,55 to 59,NA,391332
1973,Black,Male,60 to 64,NA,371499
1973,Black,Male,65 to 69,NA,291856
1973,Black,Male,70 to 74,NA,187639
1973,Black,Male,75 to 79,NA,129792
1973,Black,Male,80 to 84,NA,74218
1973,Black,Male,85 years and over,NA,41045
1973,Black,Male,Under 5,NA,1231108
1973,Other,Female,10 to 14,NA,153643
1973,Other,Female,15 to 19,NA,154042
1973,Other,Female,20 to 24,NA,159209
1973,Other,Female,25 to 29,NA,149029
1973,Other,Female,30 to 34,NA,127798
1973,Other,Female,35 to 39,NA,100856
1973,Other,Female,40 to 44,NA,105777
1973,Other,Female,45 to 49,NA,84059
1973,Other,Female,5 to 9,NA,147322
1973,Other,Female,50 to 54,NA,65956
1973,Other,Female,55 to 59,NA,46618
1973,Other,Female,60 to 64,NA,36420
1973,Other,Female,65 to 69,NA,28104
1973,Other,Female,70 to 74,NA,26189
1973,Other,Female,75 to 79,NA,13526
1973,Other,Female,80 to 84,NA,8836
1973,Other,Female,85 years and over,NA,6892
1973,Other,Female,Under 5,NA,154027
1973,Other,Male,10 to 14,NA,157048
1973,Other,Male,15 to 19,NA,158757
1973,Other,Male,20 to 24,NA,152340
1973,Other,Male,25 to 29,NA,130668
1973,Other,Male,30 to 34,NA,119214
1973,Other,Male,35 to 39,NA,88885
1973,Other,Male,40 to 44,NA,91753
1973,Other,Male,45 to 49,NA,74641
1973,Other,Male,5 to 9,NA,150347
1973,Other,Male,50 to 54,NA,63989
1973,Other,Male,55 to 59,NA,47751
1973,Other,Male,60 to 64,NA,44982
1973,Other,Male,65 to 69,NA,36435
1973,Other,Male,70 to 74,NA,29222
1973,Other,Male,75 to 79,NA,11459
1973,Other,Male,80 to 84,NA,8448
1973,Other,Male,85 years and over,NA,6582
1973,Other,Male,Under 5,NA,157234
1973,White,Female,10 to 14,NA,8705345
1973,White,Female,15 to 19,NA,8668229
1973,White,Female,20 to 24,NA,7900490
1973,White,Female,25 to 29,NA,6894511
1973,White,Female,30 to 34,NA,5757383
1973,White,Female,35 to 39,NA,4973987
1973,White,Female,40 to 44,NA,5124947
1973,White,Female,45 to 49,NA,5480729
1973,White,Female,5 to 9,NA,7513260
1973,White,Female,50 to 54,NA,5502419
1973,White,Female,55 to 59,NA,4850501
1973,White,Female,60 to 64,NA,4436061
1973,White,Female,65 to 69,NA,3836383
1973,White,Female,70 to 74,NA,2979940
1973,White,Female,75 to 79,NA,2259956
1973,White,Female,80 to 84,NA,1524922
1973,White,Female,85 years and over,NA,989245
1973,White,Female,Under 5,NA,6876764
1973,White,Male,10 to 14,NA,9102943
1973,White,Male,15 to 19,NA,9000768
1973,White,Male,20 to 24,NA,8104052
1973,White,Male,25 to 29,NA,6965446
1973,White,Male,30 to 34,NA,5727054
1973,White,Male,35 to 39,NA,4879947
1973,White,Male,40 to 44,NA,5010275
1973,White,Male,45 to 49,NA,5185913
1973,White,Male,5 to 9,NA,7861501
1973,White,Male,50 to 54,NA,5124429
1973,White,Male,55 to 59,NA,4428675
1973,White,Male,60 to 64,NA,3858278
1973,White,Male,65 to 69,NA,3062016
1973,White,Male,70 to 74,NA,2148340
1973,White,Male,75 to 79,NA,1467943
1973,White,Male,80 to 84,NA,875823
1973,White,Male,85 years and over,NA,490451
1973,White,Male,Under 5,NA,7212989
1974,Black,Female,10 to 14,NA,1451239
1974,Black,Female,15 to 19,NA,1411148
1974,Black,Female,20 to 24,NA,1185957
1974,Black,Female,25 to 29,NA,931372
1974,Black,Female,30 to 34,NA,793238
1974,Black,Female,35 to 39,NA,676714
1974,Black,Female,40 to 44,NA,656162
1974,Black,Female,45 to 49,NA,616526
1974,Black,Female,5 to 9,NA,1278280
1974,Black,Female,50 to 54,NA,597435
1974,Black,Female,55 to 59,NA,477838
1974,Black,Female,60 to 64,NA,459105
1974,Black,Female,65 to 69,NA,397430
1974,Black,Female,70 to 74,NA,243273
1974,Black,Female,75 to 79,NA,190946
1974,Black,Female,80 to 84,NA,118179
1974,Black,Female,85 years and over,NA,77800
1974,Black,Female,Under 5,NA,1201479
1974,Black,Male,10 to 14,NA,1464848
1974,Black,Male,15 to 19,NA,1406702
1974,Black,Male,20 to 24,NA,1105744
1974,Black,Male,25 to 29,NA,820710
1974,Black,Male,30 to 34,NA,678856
1974,Black,Male,35 to 39,NA,563225
1974,Black,Male,40 to 44,NA,554077
1974,Black,Male,45 to 49,NA,521857
1974,Black,Male,5 to 9,NA,1282305
1974,Black,Male,50 to 54,NA,501147
1974,Black,Male,55 to 59,NA,400383
1974,Black,Male,60 to 64,NA,377197
1974,Black,Male,65 to 69,NA,300521
1974,Black,Male,70 to 74,NA,190312
1974,Black,Male,75 to 79,NA,132395
1974,Black,Male,80 to 84,NA,77076
1974,Black,Male,85 years and over,NA,42966
1974,Black,Male,Under 5,NA,1217883
1974,Other,Female,10 to 14,NA,159942
1974,Other,Female,15 to 19,NA,163785
1974,Other,Female,20 to 24,NA,166628
1974,Other,Female,25 to 29,NA,165941
1974,Other,Female,30 to 34,NA,140235
1974,Other,Female,35 to 39,NA,106137
1974,Other,Female,40 to 44,NA,110971
1974,Other,Female,45 to 49,NA,89972
1974,Other,Female,5 to 9,NA,151137
1974,Other,Female,50 to 54,NA,71802
1974,Other,Female,55 to 59,NA,50425
1974,Other,Female,60 to 64,NA,39567
1974,Other,Female,65 to 69,NA,29604
1974,Other,Female,70 to 74,NA,27552
1974,Other,Female,75 to 79,NA,14305
1974,Other,Female,80 to 84,NA,8933
1974,Other,Female,85 years and over,NA,7537
1974,Other,Female,Under 5,NA,162449
1974,Other,Male,10 to 14,NA,164393
1974,Other,Male,15 to 19,NA,169591
1974,Other,Male,20 to 24,NA,160909
1974,Other,Male,25 to 29,NA,142666
1974,Other,Male,30 to 34,NA,128541
1974,Other,Male,35 to 39,NA,93732
1974,Other,Male,40 to 44,NA,97259
1974,Other,Male,45 to 49,NA,77861
1974,Other,Male,5 to 9,NA,154100
1974,Other,Male,50 to 54,NA,68041
1974,Other,Male,55 to 59,NA,50528
1974,Other,Male,60 to 64,NA,46068
1974,Other,Male,65 to 69,NA,37713
1974,Other,Male,70 to 74,NA,31060
1974,Other,Male,75 to 79,NA,12592
1974,Other,Male,80 to 84,NA,7277
1974,Other,Male,85 years and over,NA,7043
1974,Other,Male,Under 5,NA,165691
1974,White,Female,10 to 14,NA,8631470
1974,White,Female,15 to 19,NA,8775966
1974,White,Female,20 to 24,NA,8068759
1974,White,Female,25 to 29,NA,7187047
1974,White,Female,30 to 34,NA,5996185
1974,White,Female,35 to 39,NA,5053618
1974,White,Female,40 to 44,NA,5029623
1974,White,Female,45 to 49,NA,5407612
1974,White,Female,5 to 9,NA,7301055
1974,White,Female,50 to 54,NA,5552328
1974,White,Female,55 to 59,NA,4928034
1974,White,Female,60 to 64,NA,4492668
1974,White,Female,65 to 69,NA,3956063
1974,White,Female,70 to 74,NA,3030950
1974,White,Female,75 to 79,NA,2303777
1974,White,Female,80 to 84,NA,1559570
1974,White,Female,85 years and over,NA,1055857
1974,White,Female,Under 5,NA,6701193
1974,White,Male,10 to 14,NA,9038660
1974,White,Male,15 to 19,NA,9114406
1974,White,Male,20 to 24,NA,8287410
1974,White,Male,25 to 29,NA,7273381
1974,White,Male,30 to 34,NA,5967228
1974,White,Male,35 to 39,NA,4955494
1974,White,Male,40 to 44,NA,4928477
1974,White,Male,45 to 49,NA,5134865
1974,White,Male,5 to 9,NA,7638324
1974,White,Male,50 to 54,NA,5169300
1974,White,Male,55 to 59,NA,4478676
1974,White,Male,60 to 64,NA,3912834
1974,White,Male,65 to 69,NA,3142583
1974,White,Male,70 to 74,NA,2187166
1974,White,Male,75 to 79,NA,1472375
1974,White,Male,80 to 84,NA,883527
1974,White,Male,85 years and over,NA,515101
1974,White,Male,Under 5,NA,7038034
1975,Black,Female,10 to 14,NA,1447792
1975,Black,Female,15 to 19,NA,1441180
1975,Black,Female,20 to 24,NA,1233546
1975,Black,Female,25 to 29,NA,988450
1975,Black,Female,30 to 34,NA,819735
1975,Black,Female,35 to 39,NA,687144
1975,Black,Female,40 to 44,NA,649344
1975,Black,Female,45 to 49,NA,625039
1975,Black,Female,5 to 9,NA,1264321
1975,Black,Female,50 to 54,NA,595206
1975,Black,Female,55 to 59,NA,503989
1975,Black,Female,60 to 64,NA,456631
1975,Black,Female,65 to 69,NA,417017
1975,Black,Female,70 to 74,NA,244609
1975,Black,Female,75 to 79,NA,205239
1975,Black,Female,80 to 84,NA,123336
1975,Black,Female,85 years and over,NA,84354
1975,Black,Female,Under 5,NA,1184831
1975,Black,Male,10 to 14,NA,1464237
1975,Black,Male,15 to 19,NA,1437182
1975,Black,Male,20 to 24,NA,1152781
1975,Black,Male,25 to 29,NA,873305
1975,Black,Male,30 to 34,NA,702572
1975,Black,Male,35 to 39,NA,570774
1975,Black,Male,40 to 44,NA,547437
1975,Black,Male,45 to 49,NA,527339
1975,Black,Male,5 to 9,NA,1268542
1975,Black,Male,50 to 54,NA,495175
1975,Black,Male,55 to 59,NA,420961
1975,Black,Male,60 to 64,NA,372532
1975,Black,Male,65 to 69,NA,313250
1975,Black,Male,70 to 74,NA,189299
1975,Black,Male,75 to 79,NA,140656
1975,Black,Male,80 to 84,NA,80520
1975,Black,Male,85 years and over,NA,45560
1975,Black,Male,Under 5,NA,1203669
1975,Other,Female,10 to 14,NA,171722
1975,Other,Female,15 to 19,NA,177652
1975,Other,Female,20 to 24,NA,179503
1975,Other,Female,25 to 29,NA,187592
1975,Other,Female,30 to 34,NA,156135
1975,Other,Female,35 to 39,NA,115818
1975,Other,Female,40 to 44,NA,115791
1975,Other,Female,45 to 49,NA,97858
1975,Other,Female,5 to 9,NA,163063
1975,Other,Female,50 to 54,NA,78440
1975,Other,Female,55 to 59,NA,56703
1975,Other,Female,60 to 64,NA,43673
1975,Other,Female,65 to 69,NA,32270
1975,Other,Female,70 to 74,NA,28950
1975,Other,Female,75 to 79,NA,15746
1975,Other,Female,80 to 84,NA,9275
1975,Other,Female,85 years and over,NA,8417
1975,Other,Female,Under 5,NA,174147
1975,Other,Male,10 to 14,NA,178358
1975,Other,Male,15 to 19,NA,185733
1975,Other,Male,20 to 24,NA,176987
1975,Other,Male,25 to 29,NA,160021
1975,Other,Male,30 to 34,NA,141240
1975,Other,Male,35 to 39,NA,102947
1975,Other,Male,40 to 44,NA,102750
1975,Other,Male,45 to 49,NA,83129
1975,Other,Male,5 to 9,NA,166428
1975,Other,Male,50 to 54,NA,72836
1975,Other,Male,55 to 59,NA,55431
1975,Other,Male,60 to 64,NA,47601
1975,Other,Male,65 to 69,NA,39860
1975,Other,Male,70 to 74,NA,32697
1975,Other,Male,75 to 79,NA,14820
1975,Other,Male,80 to 84,NA,6315
1975,Other,Male,85 years and over,NA,8021
1975,Other,Male,Under 5,NA,178829
1975,White,Female,10 to 14,NA,8492670
1975,White,Female,15 to 19,NA,8849091
1975,White,Female,20 to 24,NA,8274930
1975,White,Female,25 to 29,NA,7486834
1975,White,Female,30 to 34,NA,6197493
1975,White,Female,35 to 39,NA,5128484
1975,White,Female,40 to 44,NA,4935058
1975,White,Female,45 to 49,NA,5349305
1975,White,Female,5 to 9,NA,7195181
1975,White,Female,50 to 54,NA,5561386
1975,White,Female,55 to 59,NA,5037312
1975,White,Female,60 to 64,NA,4530903
1975,White,Female,65 to 69,NA,4086912
1975,White,Female,70 to 74,NA,3070135
1975,White,Female,75 to 79,NA,2371672
1975,White,Female,80 to 84,NA,1598386
1975,White,Female,85 years and over,NA,1134492
1975,White,Female,Under 5,NA,6522472
1975,White,Male,10 to 14,NA,8891107
1975,White,Male,15 to 19,NA,9193988
1975,White,Male,20 to 24,NA,8509089
1975,White,Male,25 to 29,NA,7584154
1975,White,Male,30 to 34,NA,6173731
1975,White,Male,35 to 39,NA,5028503
1975,White,Male,40 to 44,NA,4846780
1975,White,Male,45 to 49,NA,5101692
1975,White,Male,5 to 9,NA,7536597
1975,White,Male,50 to 54,NA,5169236
1975,White,Male,55 to 59,NA,4571361
1975,White,Male,60 to 64,NA,3947911
1975,White,Male,65 to 69,NA,3243041
1975,White,Male,70 to 74,NA,2218978
1975,White,Male,75 to 79,NA,1497923
1975,White,Male,80 to 84,NA,894349
1975,White,Male,85 years and over,NA,540196
1975,White,Male,Under 5,NA,6857535
1976,Black,Female,10 to 14,NA,1428719
1976,Black,Female,15 to 19,NA,1468298
1976,Black,Female,20 to 24,NA,1275037
1976,Black,Female,25 to 29,NA,1064461
1976,Black,Female,30 to 34,NA,832203
1976,Black,Female,35 to 39,NA,706288
1976,Black,Female,40 to 44,NA,654505
1976,Black,Female,45 to 49,NA,622423
1976,Black,Female,5 to 9,NA,1272434
1976,Black,Female,50 to 54,NA,605749
1976,Black,Female,55 to 59,NA,521401
1976,Black,Female,60 to 64,NA,450710
1976,Black,Female,65 to 69,NA,436845
1976,Black,Female,70 to 74,NA,249062
1976,Black,Female,75 to 79,NA,220044
1976,Black,Female,80 to 84,NA,129000
1976,Black,Female,85 years and over,NA,89190
1976,Black,Female,Under 5,NA,1154754
1976,Black,Male,10 to 14,NA,1447059
1976,Black,Male,15 to 19,NA,1465444
1976,Black,Male,20 to 24,NA,1194508
1976,Black,Male,25 to 29,NA,943039
1976,Black,Male,30 to 34,NA,714225
1976,Black,Male,35 to 39,NA,587374
1976,Black,Male,40 to 44,NA,549391
1976,Black,Male,45 to 49,NA,524860
1976,Black,Male,5 to 9,NA,1278945
1976,Black,Male,50 to 54,NA,499109
1976,Black,Male,55 to 59,NA,435949
1976,Black,Male,60 to 64,NA,364668
1976,Black,Male,65 to 69,NA,326645
1976,Black,Male,70 to 74,NA,191224
1976,Black,Male,75 to 79,NA,149122
1976,Black,Male,80 to 84,NA,85034
1976,Black,Male,85 years and over,NA,46930
1976,Black,Male,Under 5,NA,1172380
1976,Other,Female,10 to 14,NA,180090
1976,Other,Female,15 to 19,NA,188142
1976,Other,Female,20 to 24,NA,191959
1976,Other,Female,25 to 29,NA,207586
1976,Other,Female,30 to 34,NA,168903
1976,Other,Female,35 to 39,NA,126273
1976,Other,Female,40 to 44,NA,119892
1976,Other,Female,45 to 49,NA,104290
1976,Other,Female,5 to 9,NA,173392
1976,Other,Female,50 to 54,NA,85211
1976,Other,Female,55 to 59,NA,62334
1976,Other,Female,60 to 64,NA,47685
1976,Other,Female,65 to 69,NA,34988
1976,Other,Female,70 to 74,NA,30048
1976,Other,Female,75 to 79,NA,16906
1976,Other,Female,80 to 84,NA,9946
1976,Other,Female,85 years and over,NA,8873
1976,Other,Female,Under 5,NA,180867
1976,Other,Male,10 to 14,NA,187968
1976,Other,Male,15 to 19,NA,198086
1976,Other,Male,20 to 24,NA,190725
1976,Other,Male,25 to 29,NA,177591
1976,Other,Male,30 to 34,NA,149985
1976,Other,Male,35 to 39,NA,112544
1976,Other,Male,40 to 44,NA,106829
1976,Other,Male,45 to 49,NA,87355
1976,Other,Male,5 to 9,NA,176982
1976,Other,Male,50 to 54,NA,77053
1976,Other,Male,55 to 59,NA,59979
1976,Other,Male,60 to 64,NA,48800
1976,Other,Male,65 to 69,NA,42126
1976,Other,Male,70 to 74,NA,33699
1976,Other,Male,75 to 79,NA,16822
1976,Other,Male,80 to 84,NA,6318
1976,Other,Male,85 years and over,NA,7748
1976,Other,Male,Under 5,NA,185836
1976,White,Female,10 to 14,NA,8227830
1976,White,Female,15 to 19,NA,8928358
1976,White,Female,20 to 24,NA,8447968
1976,White,Female,25 to 29,NA,7889730
1976,White,Female,30 to 34,NA,6316704
1976,White,Female,35 to 39,NA,5242335
1976,White,Female,40 to 44,NA,4914528
1976,White,Female,45 to 49,NA,5267047
1976,White,Female,5 to 9,NA,7208861
1976,White,Female,50 to 54,NA,5550893
1976,White,Female,55 to 59,NA,5141500
1976,White,Female,60 to 64,NA,4588984
1976,White,Female,65 to 69,NA,4170790
1976,White,Female,70 to 74,NA,3139925
1976,White,Female,75 to 79,NA,2426079
1976,White,Female,80 to 84,NA,1653386
1976,White,Female,85 years and over,NA,1192413
1976,White,Female,Under 5,NA,6300721
1976,White,Male,10 to 14,NA,8615923
1976,White,Male,15 to 19,NA,9285813
1976,White,Male,20 to 24,NA,8685952
1976,White,Male,25 to 29,NA,7991878
1976,White,Male,30 to 34,NA,6302551
1976,White,Male,35 to 39,NA,5152679
1976,White,Male,40 to 44,NA,4821213
1976,White,Male,45 to 49,NA,5046080
1976,White,Male,5 to 9,NA,7560659
1976,White,Male,50 to 54,NA,5152026
1976,White,Male,55 to 59,NA,4662950
1976,White,Male,60 to 64,NA,4001033
1976,White,Male,65 to 69,NA,3306587
1976,White,Male,70 to 74,NA,2274654
1976,White,Male,75 to 79,NA,1516201
1976,White,Male,80 to 84,NA,916355
1976,White,Male,85 years and over,NA,551141
1976,White,Male,Under 5,NA,6622557
1977,Black,Female,10 to 14,NA,1400156
1977,Black,Female,15 to 19,NA,1482366
1977,Black,Female,20 to 24,NA,1326371
1977,Black,Female,25 to 29,NA,1106642
1977,Black,Female,30 to 34,NA,876963
1977,Black,Female,35 to 39,NA,728387
1977,Black,Female,40 to 44,NA,662838
1977,Black,Female,45 to 49,NA,623019
1977,Black,Female,5 to 9,NA,1274697
1977,Black,Female,50 to 54,NA,609310
1977,Black,Female,55 to 59,NA,541424
1977,Black,Female,60 to 64,NA,454074
1977,Black,Female,65 to 69,NA,445630
1977,Black,Female,70 to 74,NA,268251
1977,Black,Female,75 to 79,NA,223440
1977,Black,Female,80 to 84,NA,130619
1977,Black,Female,85 years and over,NA,94135
1977,Black,Female,Under 5,NA,1152510
1977,Black,Male,10 to 14,NA,1418015
1977,Black,Male,15 to 19,NA,1481083
1977,Black,Male,20 to 24,NA,1247259
1977,Black,Male,25 to 29,NA,981501
1977,Black,Male,30 to 34,NA,754824
1977,Black,Male,35 to 39,NA,607963
1977,Black,Male,40 to 44,NA,555421
1977,Black,Male,45 to 49,NA,522767
1977,Black,Male,5 to 9,NA,1284297
1977,Black,Male,50 to 54,NA,498191
1977,Black,Male,55 to 59,NA,452001
1977,Black,Male,60 to 64,NA,363460
1977,Black,Male,65 to 69,NA,333583
1977,Black,Male,70 to 74,NA,202429
1977,Black,Male,75 to 79,NA,149076
1977,Black,Male,80 to 84,NA,85994
1977,Black,Male,85 years and over,NA,48549
1977,Black,Male,Under 5,NA,1171948
1977,Other,Female,10 to 14,NA,186387
1977,Other,Female,15 to 19,NA,196346
1977,Other,Female,20 to 24,NA,204040
1977,Other,Female,25 to 29,NA,220788
1977,Other,Female,30 to 34,NA,185993
1977,Other,Female,35 to 39,NA,136936
1977,Other,Female,40 to 44,NA,124157
1977,Other,Female,45 to 49,NA,110348
1977,Other,Female,5 to 9,NA,183642
1977,Other,Female,50 to 54,NA,91975
1977,Other,Female,55 to 59,NA,69359
1977,Other,Female,60 to 64,NA,52208
1977,Other,Female,65 to 69,NA,39298
1977,Other,Female,70 to 74,NA,31234
1977,Other,Female,75 to 79,NA,18309
1977,Other,Female,80 to 84,NA,10631
1977,Other,Female,85 years and over,NA,9445
1977,Other,Female,Under 5,NA,186290
1977,Other,Male,10 to 14,NA,194672
1977,Other,Male,15 to 19,NA,207793
1977,Other,Male,20 to 24,NA,204815
1977,Other,Male,25 to 29,NA,190270
1977,Other,Male,30 to 34,NA,162713
1977,Other,Male,35 to 39,NA,122121
1977,Other,Male,40 to 44,NA,110887
1977,Other,Male,45 to 49,NA,91726
1977,Other,Male,5 to 9,NA,187307
1977,Other,Male,50 to 54,NA,80381
1977,Other,Male,55 to 59,NA,65849
1977,Other,Male,60 to 64,NA,50647
1977,Other,Male,65 to 69,NA,44840
1977,Other,Male,70 to 74,NA,35234
1977,Other,Male,75 to 79,NA,18593
1977,Other,Male,80 to 84,NA,6842
1977,Other,Male,85 years and over,NA,7480
1977,Other,Male,Under 5,NA,191730
1977,White,Female,10 to 14,NA,7963718
1977,White,Female,15 to 19,NA,8905793
1977,White,Female,20 to 24,NA,8636537
1977,White,Female,25 to 29,NA,7834725
1977,White,Female,30 to 34,NA,6866326
1977,White,Female,35 to 39,NA,5417847
1977,White,Female,40 to 44,NA,4926231
1977,White,Female,45 to 49,NA,5176894
1977,White,Female,5 to 9,NA,7122389
1977,White,Female,50 to 54,NA,5489378
1977,White,Female,55 to 59,NA,5279785
1977,White,Female,60 to 64,NA,4631028
1977,White,Female,65 to 69,NA,4251402
1977,White,Female,70 to 74,NA,3257161
1977,White,Female,75 to 79,NA,2471166
1977,White,Female,80 to 84,NA,1689113
1977,White,Female,85 years and over,NA,1260982
1977,White,Female,Under 5,NA,6266184
1977,White,Male,10 to 14,NA,8340984
1977,White,Male,15 to 19,NA,9266938
1977,White,Male,20 to 24,NA,8880200
1977,White,Male,25 to 29,NA,7943567
1977,White,Male,30 to 34,NA,6873914
1977,White,Male,35 to 39,NA,5340470
1977,White,Male,40 to 44,NA,4829213
1977,White,Male,45 to 49,NA,4976393
1977,White,Male,5 to 9,NA,7477403
1977,White,Male,50 to 54,NA,5099973
1977,White,Male,55 to 59,NA,4783182
1977,White,Male,60 to 64,NA,4036644
1977,White,Male,65 to 69,NA,3375843
1977,White,Male,70 to 74,NA,2353187
1977,White,Male,75 to 79,NA,1534427
1977,White,Male,80 to 84,NA,923863
1977,White,Male,85 years and over,NA,571089
1977,White,Male,Under 5,NA,6594997
1978,Black,Female,10 to 14,NA,1370143
1978,Black,Female,15 to 19,NA,1497105
1978,Black,Female,20 to 24,NA,1371499
1978,Black,Female,25 to 29,NA,1155524
1978,Black,Female,30 to 34,NA,918417
1978,Black,Female,35 to 39,NA,755324
1978,Black,Female,40 to 44,NA,669172
1978,Black,Female,45 to 49,NA,630647
1978,Black,Female,5 to 9,NA,1272771
1978,Black,Female,50 to 54,NA,610557
1978,Black,Female,55 to 59,NA,565224
1978,Black,Female,60 to 64,NA,454147
1978,Black,Female,65 to 69,NA,451588
1978,Black,Female,70 to 74,NA,290767
1978,Black,Female,75 to 79,NA,230469
1978,Black,Female,80 to 84,NA,127729
1978,Black,Female,85 years and over,NA,99404
1978,Black,Female,Under 5,NA,1161766
1978,Black,Male,10 to 14,NA,1386536
1978,Black,Male,15 to 19,NA,1497540
1978,Black,Male,20 to 24,NA,1292513
1978,Black,Male,25 to 29,NA,1027516
1978,Black,Male,30 to 34,NA,792798
1978,Black,Male,35 to 39,NA,632645
1978,Black,Male,40 to 44,NA,558748
1978,Black,Male,45 to 49,NA,525975
1978,Black,Male,5 to 9,NA,1285547
1978,Black,Male,50 to 54,NA,497205
1978,Black,Male,55 to 59,NA,468750
1978,Black,Male,60 to 64,NA,363263
1978,Black,Male,65 to 69,NA,336836
1978,Black,Male,70 to 74,NA,213949
1978,Black,Male,75 to 79,NA,156853
1978,Black,Male,80 to 84,NA,81836
1978,Black,Male,85 years and over,NA,50806
1978,Black,Male,Under 5,NA,1182111
1978,Other,Female,10 to 14,NA,192704
1978,Other,Female,15 to 19,NA,205094
1978,Other,Female,20 to 24,NA,213894
1978,Other,Female,25 to 29,NA,231299
1978,Other,Female,30 to 34,NA,203416
1978,Other,Female,35 to 39,NA,149730
1978,Other,Female,40 to 44,NA,129081
1978,Other,Female,45 to 49,NA,117084
1978,Other,Female,5 to 9,NA,193770
1978,Other,Female,50 to 54,NA,98634
1978,Other,Female,55 to 59,NA,77130
1978,Other,Female,60 to 64,NA,56919
1978,Other,Female,65 to 69,NA,44170
1978,Other,Female,70 to 74,NA,32234
1978,Other,Female,75 to 79,NA,20000
1978,Other,Female,80 to 84,NA,11610
1978,Other,Female,85 years and over,NA,10082
1978,Other,Female,Under 5,NA,192933
1978,Other,Male,10 to 14,NA,201305
1978,Other,Male,15 to 19,NA,217980
1978,Other,Male,20 to 24,NA,217020
1978,Other,Male,25 to 29,NA,203043
1978,Other,Male,30 to 34,NA,175987
1978,Other,Male,35 to 39,NA,133367
1978,Other,Male,40 to 44,NA,115921
1978,Other,Male,45 to 49,NA,97072
1978,Other,Male,5 to 9,NA,198739
1978,Other,Male,50 to 54,NA,83986
1978,Other,Male,55 to 59,NA,72216
1978,Other,Male,60 to 64,NA,52944
1978,Other,Male,65 to 69,NA,47340
1978,Other,Male,70 to 74,NA,36498
1978,Other,Male,75 to 79,NA,19528
1978,Other,Male,80 to 84,NA,7773
1978,Other,Male,85 years and over,NA,7399
1978,Other,Male,Under 5,NA,198263
1978,White,Female,10 to 14,NA,7699510
1978,White,Female,15 to 19,NA,8855691
1978,White,Female,20 to 24,NA,8803585
1978,White,Female,25 to 29,NA,7977432
1978,White,Female,30 to 34,NA,7085256
1978,White,Female,35 to 39,NA,5745968
1978,White,Female,40 to 44,NA,4981756
1978,White,Female,45 to 49,NA,5090716
1978,White,Female,5 to 9,NA,6998958
1978,White,Female,50 to 54,NA,5447032
1978,White,Female,55 to 59,NA,5380512
1978,White,Female,60 to 64,NA,4681085
1978,White,Female,65 to 69,NA,4311720
1978,White,Female,70 to 74,NA,3369074
1978,White,Female,75 to 79,NA,2557640
1978,White,Female,80 to 84,NA,1698190
1978,White,Female,85 years and over,NA,1333335
1978,White,Female,Under 5,NA,6331468
1978,White,Male,10 to 14,NA,8069364
1978,White,Male,15 to 19,NA,9222716
1978,White,Male,20 to 24,NA,9047449
1978,White,Male,25 to 29,NA,8088192
1978,White,Male,30 to 34,NA,7104223
1978,White,Male,35 to 39,NA,5679831
1978,White,Male,40 to 44,NA,4885278
1978,White,Male,45 to 49,NA,4896435
1978,White,Male,5 to 9,NA,7350242
1978,White,Male,50 to 54,NA,5078258
1978,White,Male,55 to 59,NA,4861609
1978,White,Male,60 to 64,NA,4078491
1978,White,Male,65 to 69,NA,3433856
1978,White,Male,70 to 74,NA,2427245
1978,White,Male,75 to 79,NA,1586685
1978,White,Male,80 to 84,NA,913503
1978,White,Male,85 years and over,NA,593932
1978,White,Male,Under 5,NA,6668463
1979,Black,Female,10 to 14,NA,1347072
1979,Black,Female,15 to 19,NA,1502843
1979,Black,Female,20 to 24,NA,1412238
1979,Black,Female,25 to 29,NA,1204786
1979,Black,Female,30 to 34,NA,974479
1979,Black,Female,35 to 39,NA,779562
1979,Black,Female,40 to 44,NA,679200
1979,Black,Female,45 to 49,NA,634726
1979,Black,Female,5 to 9,NA,1255549
1979,Black,Female,50 to 54,NA,615823
1979,Black,Female,55 to 59,NA,575647
1979,Black,Female,60 to 64,NA,467746
1979,Black,Female,65 to 69,NA,451958
1979,Black,Female,70 to 74,NA,313707
1979,Black,Female,75 to 79,NA,235784
1979,Black,Female,80 to 84,NA,124330
1979,Black,Female,85 years and over,NA,103596
1979,Black,Female,Under 5,NA,1191445
1979,Black,Male,10 to 14,NA,1361766
1979,Black,Male,15 to 19,NA,1507000
1979,Black,Male,20 to 24,NA,1333289
1979,Black,Male,25 to 29,NA,1073753
1979,Black,Male,30 to 34,NA,842795
1979,Black,Male,35 to 39,NA,654763
1979,Black,Male,40 to 44,NA,566368
1979,Black,Male,45 to 49,NA,525076
1979,Black,Male,5 to 9,NA,1273058
1979,Black,Male,50 to 54,NA,499649
1979,Black,Male,55 to 59,NA,473342
1979,Black,Male,60 to 64,NA,371828
1979,Black,Male,65 to 69,NA,337601
1979,Black,Male,70 to 74,NA,226294
1979,Black,Male,75 to 79,NA,160519
1979,Black,Male,80 to 84,NA,76748
1979,Black,Male,85 years and over,NA,52080
1979,Black,Male,Under 5,NA,1210944
1979,Other,Female,10 to 14,NA,201903
1979,Other,Female,15 to 19,NA,215351
1979,Other,Female,20 to 24,NA,224965
1979,Other,Female,25 to 29,NA,241122
1979,Other,Female,30 to 34,NA,223525
1979,Other,Female,35 to 39,NA,164588
1979,Other,Female,40 to 44,NA,136450
1979,Other,Female,45 to 49,NA,122926
1979,Other,Female,5 to 9,NA,205977
1979,Other,Female,50 to 54,NA,106156
1979,Other,Female,55 to 59,NA,84958
1979,Other,Female,60 to 64,NA,62659
1979,Other,Female,65 to 69,NA,49264
1979,Other,Female,70 to 74,NA,33678
1979,Other,Female,75 to 79,NA,22082
1979,Other,Female,80 to 84,NA,13114
1979,Other,Female,85 years and over,NA,10719
1979,Other,Female,Under 5,NA,201771
1979,Other,Male,10 to 14,NA,210914
1979,Other,Male,15 to 19,NA,229608
1979,Other,Male,20 to 24,NA,230627
1979,Other,Male,25 to 29,NA,216865
1979,Other,Male,30 to 34,NA,192101
1979,Other,Male,35 to 39,NA,145705
1979,Other,Male,40 to 44,NA,123201
1979,Other,Male,45 to 49,NA,102073
1979,Other,Male,5 to 9,NA,211629
1979,Other,Male,50 to 54,NA,88590
1979,Other,Male,55 to 59,NA,78010
1979,Other,Male,60 to 64,NA,56691
1979,Other,Male,65 to 69,NA,49677
1979,Other,Male,70 to 74,NA,37716
1979,Other,Male,75 to 79,NA,21282
1979,Other,Male,80 to 84,NA,9607
1979,Other,Male,85 years and over,NA,7333
1979,Other,Male,Under 5,NA,207730
1979,White,Female,10 to 14,NA,7482484
1979,White,Female,15 to 19,NA,8783586
1979,White,Female,20 to 24,NA,8922964
1979,White,Female,25 to 29,NA,8160447
1979,White,Female,30 to 34,NA,7383409
1979,White,Female,35 to 39,NA,5974398
1979,White,Female,40 to 44,NA,5067938
1979,White,Female,45 to 49,NA,5008669
1979,White,Female,5 to 9,NA,6824342
1979,White,Female,50 to 54,NA,5379965
1979,White,Female,55 to 59,NA,5449188
1979,White,Female,60 to 64,NA,4766790
1979,White,Female,65 to 69,NA,4361946
1979,White,Female,70 to 74,NA,3479455
1979,White,Female,75 to 79,NA,2640207
1979,White,Female,80 to 84,NA,1733459
1979,White,Female,85 years and over,NA,1406643
1979,White,Female,Under 5,NA,6453937
1979,White,Male,10 to 14,NA,7841010
1979,White,Male,15 to 19,NA,9163522
1979,White,Male,20 to 24,NA,9172490
1979,White,Male,25 to 29,NA,8280720
1979,White,Male,30 to 34,NA,7408622
1979,White,Male,35 to 39,NA,5916489
1979,White,Male,40 to 44,NA,4967337
1979,White,Male,45 to 49,NA,4823615
1979,White,Male,5 to 9,NA,7176070
1979,White,Male,50 to 54,NA,5034757
1979,White,Male,55 to 59,NA,4920646
1979,White,Male,60 to 64,NA,4140451
1979,White,Male,65 to 69,NA,3494681
1979,White,Male,70 to 74,NA,2502075
1979,White,Male,75 to 79,NA,1643697
1979,White,Male,80 to 84,NA,917942
1979,White,Male,85 years and over,NA,616550
1979,White,Male,Under 5,NA,6797055
1980,Black,Female,10 to 14,Hispanic,28363
1980,Black,Female,15 to 19,Hispanic,31733
1980,Black,Female,20 to 24,Hispanic,31085
1980,Black,Female,25 to 29,Hispanic,26432
1980,Black,Female,30 to 34,Hispanic,21673
1980,Black,Female,35 to 39,Hispanic,17351
1980,Black,Female,40 to 44,Hispanic,15094
1980,Black,Female,45 to 49,Hispanic,12707
1980,Black,Female,5 to 9,Hispanic,26846
1980,Black,Female,50 to 54,Hispanic,11799
1980,Black,Female,55 to 59,Hispanic,9778
1980,Black,Female,60 to 64,Hispanic,7715
1980,Black,Female,65 to 69,Hispanic,6560
1980,Black,Female,70 to 74,Hispanic,4366
1980,Black,Female,75 to 79,Hispanic,2816
1980,Black,Female,80 to 84,Hispanic,1386
1980,Black,Female,85 years and over,Hispanic,1171
1980,Black,Female,Under 5,Hispanic,30162
1980,Black,Female,10 to 14,NonHispanic,1304848
1980,Black,Female,15 to 19,NonHispanic,1473863
1980,Black,Female,20 to 24,NonHispanic,1409244
1980,Black,Female,25 to 29,NonHispanic,1231430
1980,Black,Female,30 to 34,NonHispanic,1016196
1980,Black,Female,35 to 39,NonHispanic,789119
1980,Black,Female,40 to 44,NonHispanic,677368
1980,Black,Female,45 to 49,NonHispanic,618142
1980,Black,Female,5 to 9,NonHispanic,1214211
1980,Black,Female,50 to 54,NonHispanic,615726
1980,Black,Female,55 to 59,NonHispanic,564692
1980,Black,Female,60 to 64,NonHispanic,481844
1980,Black,Female,65 to 69,NonHispanic,441212
1980,Black,Female,70 to 74,NonHispanic,328393
1980,Black,Female,75 to 79,NonHispanic,234385
1980,Black,Female,80 to 84,NonHispanic,125425
1980,Black,Female,85 years and over,NonHispanic,106796
1980,Black,Female,Under 5,NonHispanic,1197464
1980,Black,Male,10 to 14,Hispanic,28601
1980,Black,Male,15 to 19,Hispanic,32703
1980,Black,Male,20 to 24,Hispanic,31363
1980,Black,Male,25 to 29,Hispanic,25201
1980,Black,Male,30 to 34,Hispanic,19218
1980,Black,Male,35 to 39,Hispanic,14423
1980,Black,Male,40 to 44,Hispanic,12706
1980,Black,Male,45 to 49,Hispanic,10868
1980,Black,Male,5 to 9,Hispanic,27980
1980,Black,Male,50 to 54,Hispanic,9446
1980,Black,Male,55 to 59,Hispanic,7707
1980,Black,Male,60 to 64,Hispanic,5881
1980,Black,Male,65 to 69,Hispanic,4573
1980,Black,Male,70 to 74,Hispanic,2886
1980,Black,Male,75 to 79,Hispanic,1935
1980,Black,Male,80 to 84,Hispanic,903
1980,Black,Male,85 years and over,Hispanic,763
1980,Black,Male,Under 5,Hispanic,31273
1980,Black,Male,10 to 14,NonHispanic,1320213
1980,Black,Male,15 to 19,NonHispanic,1469038
1980,Black,Male,20 to 24,NonHispanic,1286179
1980,Black,Male,25 to 29,NonHispanic,1080409
1980,Black,Male,30 to 34,NonHispanic,870943
1980,Black,Male,35 to 39,NonHispanic,657504
1980,Black,Male,40 to 44,NonHispanic,560735
1980,Black,Male,45 to 49,NonHispanic,508050
1980,Black,Male,5 to 9,NonHispanic,1233998
1980,Black,Male,50 to 54,NonHispanic,497930
1980,Black,Male,55 to 59,NonHispanic,461703
1980,Black,Male,60 to 64,NonHispanic,381624
1980,Black,Male,65 to 69,NonHispanic,328281
1980,Black,Male,70 to 74,NonHispanic,232980
1980,Black,Male,75 to 79,NonHispanic,152148
1980,Black,Male,80 to 84,NonHispanic,74754
1980,Black,Male,85 years and over,NonHispanic,53071
1980,Black,Male,Under 5,NonHispanic,1215507
1980,Other,Female,10 to 14,Hispanic,13590
1980,Other,Female,15 to 19,Hispanic,14180
1980,Other,Female,20 to 24,Hispanic,14381
1980,Other,Female,25 to 29,Hispanic,14536
1980,Other,Female,30 to 34,Hispanic,12799
1980,Other,Female,35 to 39,Hispanic,9175
1980,Other,Female,40 to 44,Hispanic,6881
1980,Other,Female,45 to 49,Hispanic,5025
1980,Other,Female,5 to 9,Hispanic,13957
1980,Other,Female,50 to 54,Hispanic,4465
1980,Other,Female,55 to 59,Hispanic,3518
1980,Other,Female,60 to 64,Hispanic,2625
1980,Other,Female,65 to 69,Hispanic,2206
1980,Other,Female,70 to 74,Hispanic,1369
1980,Other,Female,75 to 79,Hispanic,832
1980,Other,Female,80 to 84,Hispanic,379
1980,Other,Female,85 years and over,Hispanic,285
1980,Other,Female,Under 5,Hispanic,15415
1980,Other,Female,10 to 14,NonHispanic,215191
1980,Other,Female,15 to 19,NonHispanic,224244
1980,Other,Female,20 to 24,NonHispanic,240431
1980,Other,Female,25 to 29,NonHispanic,266068
1980,Other,Female,30 to 34,NonHispanic,260365
1980,Other,Female,35 to 39,NonHispanic,190947
1980,Other,Female,40 to 44,NonHispanic,149483
1980,Other,Female,45 to 49,NonHispanic,128405
1980,Other,Female,5 to 9,NonHispanic,222825
1980,Other,Female,50 to 54,NonHispanic,115035
1980,Other,Female,55 to 59,NonHispanic,93563
1980,Other,Female,60 to 64,NonHispanic,71829
1980,Other,Female,65 to 69,NonHispanic,57096
1980,Other,Female,70 to 74,NonHispanic,39042
1980,Other,Female,75 to 79,NonHispanic,27836
1980,Other,Female,80 to 84,NonHispanic,16716
1980,Other,Female,85 years and over,NonHispanic,12603
1980,Other,Female,Under 5,NonHispanic,225432
1980,Other,Male,10 to 14,Hispanic,13961
1980,Other,Male,15 to 19,Hispanic,14271
1980,Other,Male,20 to 24,Hispanic,14572
1980,Other,Male,25 to 29,Hispanic,13269
1980,Other,Male,30 to 34,Hispanic,11227
1980,Other,Male,35 to 39,Hispanic,8062
1980,Other,Male,40 to 44,Hispanic,6418
1980,Other,Male,45 to 49,Hispanic,4674
1980,Other,Male,5 to 9,Hispanic,14817
1980,Other,Male,50 to 54,Hispanic,3784
1980,Other,Male,55 to 59,Hispanic,2899
1980,Other,Male,60 to 64,Hispanic,2166
1980,Other,Male,65 to 69,Hispanic,2306
1980,Other,Male,70 to 74,Hispanic,2190
1980,Other,Male,75 to 79,Hispanic,1407
1980,Other,Male,80 to 84,Hispanic,584
1980,Other,Male,85 years and over,Hispanic,338
1980,Other,Male,Under 5,Hispanic,16035
1980,Other,Male,10 to 14,NonHispanic,225304
1980,Other,Male,15 to 19,NonHispanic,239147
1980,Other,Male,20 to 24,NonHispanic,239736
1980,Other,Male,25 to 29,NonHispanic,240183
1980,Other,Male,30 to 34,NonHispanic,228426
1980,Other,Male,35 to 39,NonHispanic,176744
1980,Other,Male,40 to 44,NonHispanic,143646
1980,Other,Male,45 to 49,NonHispanic,112151
1980,Other,Male,5 to 9,NonHispanic,229848
1980,Other,Male,50 to 54,NonHispanic,95481
1980,Other,Male,55 to 59,NonHispanic,83577
1980,Other,Male,60 to 64,NonHispanic,62248
1980,Other,Male,65 to 69,NonHispanic,51852
1980,Other,Male,70 to 74,NonHispanic,39108
1980,Other,Male,75 to 79,NonHispanic,25361
1980,Other,Male,80 to 84,NonHispanic,11892
1980,Other,Male,85 years and over,NonHispanic,7605
1980,Other,Male,Under 5,NonHispanic,231276
1980,White,Female,10 to 14,Hispanic,695093
1980,White,Female,15 to 19,Hispanic,741492
1980,White,Female,20 to 24,Hispanic,735709
1980,White,Female,25 to 29,Hispanic,652807
1980,White,Female,30 to 34,Hispanic,550488
1980,White,Female,35 to 39,Hispanic,421002
1980,White,Female,40 to 44,Hispanic,352318
1980,White,Female,45 to 49,Hispanic,307707
1980,White,Female,5 to 9,Hispanic,720713
1980,White,Female,50 to 54,Hispanic,283497
1980,White,Female,55 to 59,Hispanic,228946
1980,White,Female,60 to 64,Hispanic,167867
1980,White,Female,65 to 69,Hispanic,142008
1980,White,Female,70 to 74,Hispanic,105665
1980,White,Female,75 to 79,Hispanic,75201
1980,White,Female,80 to 84,Hispanic,38705
1980,White,Female,85 years and over,Hispanic,29396
1980,White,Female,Under 5,Hispanic,775878
1980,White,Female,10 to 14,NonHispanic,6666038
1980,White,Female,15 to 19,NonHispanic,7895863
1980,White,Female,20 to 24,NonHispanic,8252511
1980,White,Female,25 to 29,NonHispanic,7702119
1980,White,Female,30 to 34,NonHispanic,7109690
1980,White,Female,35 to 39,NonHispanic,5731452
1980,White,Female,40 to 44,NonHispanic,4788222
1980,White,Female,45 to 49,NonHispanic,4604839
1980,White,Female,5 to 9,NonHispanic,5912387
1980,White,Female,50 to 54,NonHispanic,5047879
1980,White,Female,55 to 59,NonHispanic,5232972
1980,White,Female,60 to 64,NonHispanic,4713434
1980,White,Female,65 to 69,NonHispanic,4244609
1980,White,Female,70 to 74,NonHispanic,3490819
1980,White,Female,75 to 79,NonHispanic,2626692
1980,White,Female,80 to 84,NonHispanic,1746463
1980,White,Female,85 years and over,NonHispanic,1432728
1980,White,Female,Under 5,NonHispanic,5792618
1980,White,Male,10 to 14,Hispanic,714325
1980,White,Male,15 to 19,Hispanic,786904
1980,White,Male,20 to 24,Hispanic,794354
1980,White,Male,25 to 29,Hispanic,680362
1980,White,Male,30 to 34,Hispanic,547016
1980,White,Male,35 to 39,Hispanic,405438
1980,White,Male,40 to 44,Hispanic,334829
1980,White,Male,45 to 49,Hispanic,290107
1980,White,Male,5 to 9,Hispanic,748088
1980,White,Male,50 to 54,Hispanic,262734
1980,White,Male,55 to 59,Hispanic,211410
1980,White,Male,60 to 64,Hispanic,143416
1980,White,Male,65 to 69,Hispanic,110579
1980,White,Male,70 to 74,Hispanic,81184
1980,White,Male,75 to 79,Hispanic,56564
1980,White,Male,80 to 84,Hispanic,26795
1980,White,Male,85 years and over,Hispanic,17815
1980,White,Male,Under 5,Hispanic,808259
1980,White,Male,10 to 14,NonHispanic,7010808
1980,White,Male,15 to 19,NonHispanic,8187502
1980,White,Male,20 to 24,NonHispanic,8336140
1980,White,Male,25 to 29,NonHispanic,7753150
1980,White,Male,30 to 34,NonHispanic,7094665
1980,White,Male,35 to 39,NonHispanic,5655517
1980,White,Male,40 to 44,NonHispanic,4680797
1980,White,Male,45 to 49,NonHispanic,4445365
1980,White,Male,5 to 9,NonHispanic,6236683
1980,White,Male,50 to 54,NonHispanic,4746939
1980,White,Male,55 to 59,NonHispanic,4710617
1980,White,Male,60 to 64,NonHispanic,4102019
1980,White,Male,65 to 69,NonHispanic,3418197
1980,White,Male,70 to 74,NonHispanic,2513233
1980,White,Male,75 to 79,NonHispanic,1624655
1980,White,Male,80 to 84,NonHispanic,911277
1980,White,Male,85 years and over,NonHispanic,609060
1980,White,Male,Under 5,NonHispanic,6111865
1981,Black,Female,10 to 14,Hispanic,29500
1981,Black,Female,15 to 19,Hispanic,33451
1981,Black,Female,20 to 24,Hispanic,34346
1981,Black,Female,25 to 29,Hispanic,29532
1981,Black,Female,30 to 34,Hispanic,23956
1981,Black,Female,35 to 39,Hispanic,18912
1981,Black,Female,40 to 44,Hispanic,16235
1981,Black,Female,45 to 49,Hispanic,13696
1981,Black,Female,5 to 9,Hispanic,28250
1981,Black,Female,50 to 54,Hispanic,12592
1981,Black,Female,55 to 59,Hispanic,10461
1981,Black,Female,60 to 64,Hispanic,8326
1981,Black,Female,65 to 69,Hispanic,6999
1981,Black,Female,70 to 74,Hispanic,4671
1981,Black,Female,75 to 79,Hispanic,2943
1981,Black,Female,80 to 84,Hispanic,1614
1981,Black,Female,85 years and over,Hispanic,1237
1981,Black,Female,Under 5,Hispanic,32249
1981,Black,Female,10 to 14,NonHispanic,1304773
1981,Black,Female,15 to 19,NonHispanic,1451571
1981,Black,Female,20 to 24,NonHispanic,1426621
1981,Black,Female,25 to 29,NonHispanic,1267168
1981,Black,Female,30 to 34,NonHispanic,1091813
1981,Black,Female,35 to 39,NonHispanic,801031
1981,Black,Female,40 to 44,NonHispanic,694012
1981,Black,Female,45 to 49,NonHispanic,621091
1981,Black,Female,5 to 9,NonHispanic,1178053
1981,Black,Female,50 to 54,NonHispanic,613668
1981,Black,Female,55 to 59,NonHispanic,569294
1981,Black,Female,60 to 64,NonHispanic,488782
1981,Black,Female,65 to 69,NonHispanic,444384
1981,Black,Female,70 to 74,NonHispanic,337246
1981,Black,Female,75 to 79,NonHispanic,241254
1981,Black,Female,80 to 84,NonHispanic,130403
1981,Black,Female,85 years and over,NonHispanic,111394
1981,Black,Female,Under 5,NonHispanic,1227119
1981,Black,Male,10 to 14,Hispanic,29967
1981,Black,Male,15 to 19,Hispanic,34421
1981,Black,Male,20 to 24,Hispanic,35201
1981,Black,Male,25 to 29,Hispanic,28955
1981,Black,Male,30 to 34,Hispanic,21884
1981,Black,Male,35 to 39,Hispanic,15960
1981,Black,Male,40 to 44,Hispanic,14011
1981,Black,Male,45 to 49,Hispanic,11870
1981,Black,Male,5 to 9,Hispanic,29727
1981,Black,Male,50 to 54,Hispanic,10244
1981,Black,Male,55 to 59,Hispanic,8310
1981,Black,Male,60 to 64,Hispanic,6260
1981,Black,Male,65 to 69,Hispanic,4836
1981,Black,Male,70 to 74,Hispanic,3195
1981,Black,Male,75 to 79,Hispanic,2136
1981,Black,Male,80 to 84,Hispanic,1089
1981,Black,Male,85 years and over,Hispanic,1016
1981,Black,Male,Under 5,Hispanic,33185
1981,Black,Male,10 to 14,NonHispanic,1322826
1981,Black,Male,15 to 19,NonHispanic,1452543
1981,Black,Male,20 to 24,NonHispanic,1306267
1981,Black,Male,25 to 29,NonHispanic,1117044
1981,Black,Male,30 to 34,NonHispanic,937190
1981,Black,Male,35 to 39,NonHispanic,668366
1981,Black,Male,40 to 44,NonHispanic,575811
1981,Black,Male,45 to 49,NonHispanic,511713
1981,Black,Male,5 to 9,NonHispanic,1196813
1981,Black,Male,50 to 54,NonHispanic,496897
1981,Black,Male,55 to 59,NonHispanic,464075
1981,Black,Male,60 to 64,NonHispanic,385277
1981,Black,Male,65 to 69,NonHispanic,328498
1981,Black,Male,70 to 74,NonHispanic,235644
1981,Black,Male,75 to 79,NonHispanic,155503
1981,Black,Male,80 to 84,NonHispanic,76262
1981,Black,Male,85 years and over,NonHispanic,54531
1981,Black,Male,Under 5,NonHispanic,1247288
1981,Other,Female,10 to 14,Hispanic,15046
1981,Other,Female,15 to 19,Hispanic,15290
1981,Other,Female,20 to 24,Hispanic,16339
1981,Other,Female,25 to 29,Hispanic,16247
1981,Other,Female,30 to 34,Hispanic,14337
1981,Other,Female,35 to 39,Hispanic,10361
1981,Other,Female,40 to 44,Hispanic,7758
1981,Other,Female,45 to 49,Hispanic,5586
1981,Other,Female,5 to 9,Hispanic,15208
1981,Other,Female,50 to 54,Hispanic,4849
1981,Other,Female,55 to 59,Hispanic,4077
1981,Other,Female,60 to 64,Hispanic,3048
1981,Other,Female,65 to 69,Hispanic,2466
1981,Other,Female,70 to 74,Hispanic,1621
1981,Other,Female,75 to 79,Hispanic,976
1981,Other,Female,80 to 84,Hispanic,465
1981,Other,Female,85 years and over,Hispanic,334
1981,Other,Female,Under 5,Hispanic,16603
1981,Other,Female,10 to 14,NonHispanic,234074
1981,Other,Female,15 to 19,NonHispanic,236744
1981,Other,Female,20 to 24,NonHispanic,256780
1981,Other,Female,25 to 29,NonHispanic,284849
1981,Other,Female,30 to 34,NonHispanic,289372
1981,Other,Female,35 to 39,NonHispanic,208923
1981,Other,Female,40 to 44,NonHispanic,163136
1981,Other,Female,45 to 49,NonHispanic,135415
1981,Other,Female,5 to 9,NonHispanic,232332
1981,Other,Female,50 to 54,NonHispanic,122583
1981,Other,Female,55 to 59,NonHispanic,101653
1981,Other,Female,60 to 64,NonHispanic,79060
1981,Other,Female,65 to 69,NonHispanic,63026
1981,Other,Female,70 to 74,NonHispanic,43147
1981,Other,Female,75 to 79,NonHispanic,29940
1981,Other,Female,80 to 84,NonHispanic,17475
1981,Other,Female,85 years and over,NonHispanic,13245
1981,Other,Female,Under 5,NonHispanic,247090
1981,Other,Male,10 to 14,Hispanic,15467
1981,Other,Male,15 to 19,Hispanic,15723
1981,Other,Male,20 to 24,Hispanic,16738
1981,Other,Male,25 to 29,Hispanic,15210
1981,Other,Male,30 to 34,Hispanic,12618
1981,Other,Male,35 to 39,Hispanic,9194
1981,Other,Male,40 to 44,Hispanic,7227
1981,Other,Male,45 to 49,Hispanic,5275
1981,Other,Male,5 to 9,Hispanic,15946
1981,Other,Male,50 to 54,Hispanic,4162
1981,Other,Male,55 to 59,Hispanic,3321
1981,Other,Male,60 to 64,Hispanic,2453
1981,Other,Male,65 to 69,Hispanic,2293
1981,Other,Male,70 to 74,Hispanic,2399
1981,Other,Male,75 to 79,Hispanic,1499
1981,Other,Male,80 to 84,Hispanic,677
1981,Other,Male,85 years and over,Hispanic,398
1981,Other,Male,Under 5,Hispanic,17323
1981,Other,Male,10 to 14,NonHispanic,245637
1981,Other,Male,15 to 19,NonHispanic,256900
1981,Other,Male,20 to 24,NonHispanic,258656
1981,Other,Male,25 to 29,NonHispanic,258560
1981,Other,Male,30 to 34,NonHispanic,255632
1981,Other,Male,35 to 39,NonHispanic,190700
1981,Other,Male,40 to 44,NonHispanic,156794
1981,Other,Male,45 to 49,NonHispanic,121865
1981,Other,Male,5 to 9,NonHispanic,239675
1981,Other,Male,50 to 54,NonHispanic,101406
1981,Other,Male,55 to 59,NonHispanic,88413
1981,Other,Male,60 to 64,NonHispanic,68221
1981,Other,Male,65 to 69,NonHispanic,55256
1981,Other,Male,70 to 74,NonHispanic,41424
1981,Other,Male,75 to 79,NonHispanic,27062
1981,Other,Male,80 to 84,NonHispanic,12737
1981,Other,Male,85 years and over,NonHispanic,7872
1981,Other,Male,Under 5,NonHispanic,253089
1981,White,Female,10 to 14,Hispanic,719905
1981,White,Female,15 to 19,Hispanic,752182
1981,White,Female,20 to 24,Hispanic,772000
1981,White,Female,25 to 29,Hispanic,697075
1981,White,Female,30 to 34,Hispanic,588818
1981,White,Female,35 to 39,Hispanic,447399
1981,White,Female,40 to 44,Hispanic,366279
1981,White,Female,45 to 49,Hispanic,315204
1981,White,Female,5 to 9,Hispanic,739153
1981,White,Female,50 to 54,Hispanic,293261
1981,White,Female,55 to 59,Hispanic,240157
1981,White,Female,60 to 64,Hispanic,178753
1981,White,Female,65 to 69,Hispanic,144412
1981,White,Female,70 to 74,Hispanic,111807
1981,White,Female,75 to 79,Hispanic,77903
1981,White,Female,80 to 84,Hispanic,43633
1981,White,Female,85 years and over,Hispanic,31297
1981,White,Female,Under 5,Hispanic,796379
1981,White,Female,10 to 14,NonHispanic,6645449
1981,White,Female,15 to 19,NonHispanic,7606630
1981,White,Female,20 to 24,NonHispanic,8298863
1981,White,Female,25 to 29,NonHispanic,7824816
1981,White,Female,30 to 34,NonHispanic,7454363
1981,White,Female,35 to 39,NonHispanic,5818013
1981,White,Female,40 to 44,NonHispanic,4890828
1981,White,Female,45 to 49,NonHispanic,4545922
1981,White,Female,5 to 9,NonHispanic,5652660
1981,White,Female,50 to 54,NonHispanic,4969357
1981,White,Female,55 to 59,NonHispanic,5185294
1981,White,Female,60 to 64,NonHispanic,4794834
1981,White,Female,65 to 69,NonHispanic,4280511
1981,White,Female,70 to 74,NonHispanic,3560356
1981,White,Female,75 to 79,NonHispanic,2694353
1981,White,Female,80 to 84,NonHispanic,1782490
1981,White,Female,85 years and over,NonHispanic,1491136
1981,White,Female,Under 5,NonHispanic,5933188
1981,White,Male,10 to 14,Hispanic,740741
1981,White,Male,15 to 19,Hispanic,795635
1981,White,Male,20 to 24,Hispanic,852317
1981,White,Male,25 to 29,Hispanic,737345
1981,White,Male,30 to 34,Hispanic,590352
1981,White,Male,35 to 39,Hispanic,431767
1981,White,Male,40 to 44,Hispanic,350755
1981,White,Male,45 to 49,Hispanic,297462
1981,White,Male,5 to 9,Hispanic,767265
1981,White,Male,50 to 54,Hispanic,272563
1981,White,Male,55 to 59,Hispanic,220853
1981,White,Male,60 to 64,Hispanic,154441
1981,White,Male,65 to 69,Hispanic,112499
1981,White,Male,70 to 74,Hispanic,83754
1981,White,Male,75 to 79,Hispanic,58001
1981,White,Male,80 to 84,Hispanic,29970
1981,White,Male,85 years and over,Hispanic,18532
1981,White,Male,Under 5,Hispanic,830705
1981,White,Male,10 to 14,NonHispanic,6997022
1981,White,Male,15 to 19,NonHispanic,7889467
1981,White,Male,20 to 24,NonHispanic,8388716
1981,White,Male,25 to 29,NonHispanic,7892255
1981,White,Male,30 to 34,NonHispanic,7451130
1981,White,Male,35 to 39,NonHispanic,5745483
1981,White,Male,40 to 44,NonHispanic,4785435
1981,White,Male,45 to 49,NonHispanic,4399805
1981,White,Male,5 to 9,NonHispanic,5965039
1981,White,Male,50 to 54,NonHispanic,4693049
1981,White,Male,55 to 59,NonHispanic,4658523
1981,White,Male,60 to 64,NonHispanic,4189937
1981,White,Male,65 to 69,NonHispanic,3452803
1981,White,Male,70 to 74,NonHispanic,2566623
1981,White,Male,75 to 79,NonHispanic,1666601
1981,White,Male,80 to 84,NonHispanic,926766
1981,White,Male,85 years and over,NonHispanic,618183
1981,White,Male,Under 5,NonHispanic,6258501
1982,Black,Female,10 to 14,Hispanic,30490
1982,Black,Female,15 to 19,Hispanic,35250
1982,Black,Female,20 to 24,Hispanic,37919
1982,Black,Female,25 to 29,Hispanic,33198
1982,Black,Female,30 to 34,Hispanic,26334
1982,Black,Female,35 to 39,Hispanic,20652
1982,Black,Female,40 to 44,Hispanic,17711
1982,Black,Female,45 to 49,Hispanic,14773
1982,Black,Female,5 to 9,Hispanic,30735
1982,Black,Female,50 to 54,Hispanic,13091
1982,Black,Female,55 to 59,Hispanic,11165
1982,Black,Female,60 to 64,Hispanic,8967
1982,Black,Female,65 to 69,Hispanic,7362
1982,Black,Female,70 to 74,Hispanic,5111
1982,Black,Female,75 to 79,Hispanic,3213
1982,Black,Female,80 to 84,Hispanic,1706
1982,Black,Female,85 years and over,Hispanic,1328
1982,Black,Female,Under 5,Hispanic,34573
1982,Black,Female,10 to 14,NonHispanic,1300770
1982,Black,Female,15 to 19,NonHispanic,1422450
1982,Black,Female,20 to 24,NonHispanic,1431060
1982,Black,Female,25 to 29,NonHispanic,1311400
1982,Black,Female,30 to 34,NonHispanic,1126896
1982,Black,Female,35 to 39,NonHispanic,845898
1982,Black,Female,40 to 44,NonHispanic,716318
1982,Black,Female,45 to 49,NonHispanic,625681
1982,Black,Female,5 to 9,NonHispanic,1169852
1982,Black,Female,50 to 54,NonHispanic,610942
1982,Black,Female,55 to 59,NonHispanic,572296
1982,Black,Female,60 to 64,NonHispanic,497945
1982,Black,Female,65 to 69,NonHispanic,446016
1982,Black,Female,70 to 74,NonHispanic,346673
1982,Black,Female,75 to 79,NonHispanic,248250
1982,Black,Female,80 to 84,NonHispanic,136686
1982,Black,Female,85 years and over,NonHispanic,116935
1982,Black,Female,Under 5,NonHispanic,1248857
1982,Black,Male,10 to 14,Hispanic,31148
1982,Black,Male,15 to 19,Hispanic,36109
1982,Black,Male,20 to 24,Hispanic,39676
1982,Black,Male,25 to 29,Hispanic,33343
1982,Black,Male,30 to 34,Hispanic,24580
1982,Black,Male,35 to 39,Hispanic,17686
1982,Black,Male,40 to 44,Hispanic,15299
1982,Black,Male,45 to 49,Hispanic,12964
1982,Black,Male,5 to 9,Hispanic,32400
1982,Black,Male,50 to 54,Hispanic,10846
1982,Black,Male,55 to 59,Hispanic,8944
1982,Black,Male,60 to 64,Hispanic,6661
1982,Black,Male,65 to 69,Hispanic,5157
1982,Black,Male,70 to 74,Hispanic,3455
1982,Black,Male,75 to 79,Hispanic,2361
1982,Black,Male,80 to 84,Hispanic,1189
1982,Black,Male,85 years and over,Hispanic,1216
1982,Black,Male,Under 5,Hispanic,35618
1982,Black,Male,10 to 14,NonHispanic,1321422
1982,Black,Male,15 to 19,NonHispanic,1424826
1982,Black,Male,20 to 24,NonHispanic,1315223
1982,Black,Male,25 to 29,NonHispanic,1161182
1982,Black,Male,30 to 34,NonHispanic,966532
1982,Black,Male,35 to 39,NonHispanic,706947
1982,Black,Male,40 to 44,NonHispanic,596753
1982,Black,Male,45 to 49,NonHispanic,516509
1982,Black,Male,5 to 9,NonHispanic,1190587
1982,Black,Male,50 to 54,NonHispanic,494970
1982,Black,Male,55 to 59,NonHispanic,465566
1982,Black,Male,60 to 64,NonHispanic,390349
1982,Black,Male,65 to 69,NonHispanic,328690
1982,Black,Male,70 to 74,NonHispanic,238569
1982,Black,Male,75 to 79,NonHispanic,158871
1982,Black,Male,80 to 84,NonHispanic,78481
1982,Black,Male,85 years and over,NonHispanic,56516
1982,Black,Male,Under 5,NonHispanic,1269227
1982,Other,Female,10 to 14,Hispanic,16577
1982,Other,Female,15 to 19,Hispanic,16544
1982,Other,Female,20 to 24,Hispanic,18298
1982,Other,Female,25 to 29,Hispanic,18261
1982,Other,Female,30 to 34,Hispanic,15713
1982,Other,Female,35 to 39,Hispanic,11874
1982,Other,Female,40 to 44,Hispanic,8774
1982,Other,Female,45 to 49,Hispanic,6320
1982,Other,Female,5 to 9,Hispanic,16655
1982,Other,Female,50 to 54,Hispanic,5211
1982,Other,Female,55 to 59,Hispanic,4676
1982,Other,Female,60 to 64,Hispanic,3382
1982,Other,Female,65 to 69,Hispanic,2762
1982,Other,Female,70 to 74,Hispanic,1928
1982,Other,Female,75 to 79,Hispanic,1124
1982,Other,Female,80 to 84,Hispanic,519
1982,Other,Female,85 years and over,Hispanic,386
1982,Other,Female,Under 5,Hispanic,18098
1982,Other,Female,10 to 14,NonHispanic,252341
1982,Other,Female,15 to 19,NonHispanic,247631
1982,Other,Female,20 to 24,NonHispanic,271070
1982,Other,Female,25 to 29,NonHispanic,304814
1982,Other,Female,30 to 34,NonHispanic,309119
1982,Other,Female,35 to 39,NonHispanic,233547
1982,Other,Female,40 to 44,NonHispanic,178377
1982,Other,Female,45 to 49,NonHispanic,142663
1982,Other,Female,5 to 9,NonHispanic,240756
1982,Other,Female,50 to 54,NonHispanic,129602
1982,Other,Female,55 to 59,NonHispanic,109649
1982,Other,Female,60 to 64,NonHispanic,86890
1982,Other,Female,65 to 69,NonHispanic,68790
1982,Other,Female,70 to 74,NonHispanic,47586
1982,Other,Female,75 to 79,NonHispanic,32126
1982,Other,Female,80 to 84,NonHispanic,18400
1982,Other,Female,85 years and over,NonHispanic,13997
1982,Other,Female,Under 5,NonHispanic,268666
1982,Other,Male,10 to 14,Hispanic,17150
1982,Other,Male,15 to 19,Hispanic,17085
1982,Other,Male,20 to 24,Hispanic,19202
1982,Other,Male,25 to 29,Hispanic,17241
1982,Other,Male,30 to 34,Hispanic,14109
1982,Other,Male,35 to 39,Hispanic,10600
1982,Other,Male,40 to 44,Hispanic,8006
1982,Other,Male,45 to 49,Hispanic,6034
1982,Other,Male,5 to 9,Hispanic,17470
1982,Other,Male,50 to 54,Hispanic,4518
1982,Other,Male,55 to 59,Hispanic,3779
1982,Other,Male,60 to 64,Hispanic,2741
1982,Other,Male,65 to 69,Hispanic,2378
1982,Other,Male,70 to 74,Hispanic,2506
1982,Other,Male,75 to 79,Hispanic,1653
1982,Other,Male,80 to 84,Hispanic,742
1982,Other,Male,85 years and over,Hispanic,474
1982,Other,Male,Under 5,Hispanic,18760
1982,Other,Male,10 to 14,NonHispanic,264931
1982,Other,Male,15 to 19,NonHispanic,270390
1982,Other,Male,20 to 24,NonHispanic,275873
1982,Other,Male,25 to 29,NonHispanic,278163
1982,Other,Male,30 to 34,NonHispanic,276229
1982,Other,Male,35 to 39,NonHispanic,210211
1982,Other,Male,40 to 44,NonHispanic,169809
1982,Other,Male,45 to 49,NonHispanic,132480
1982,Other,Male,5 to 9,NonHispanic,248828
1982,Other,Male,50 to 54,NonHispanic,107621
1982,Other,Male,55 to 59,NonHispanic,92778
1982,Other,Male,60 to 64,NonHispanic,75040
1982,Other,Male,65 to 69,NonHispanic,58380
1982,Other,Male,70 to 74,NonHispanic,43986
1982,Other,Male,75 to 79,NonHispanic,28886
1982,Other,Male,80 to 84,NonHispanic,13593
1982,Other,Male,85 years and over,NonHispanic,8475
1982,Other,Male,Under 5,NonHispanic,275387
1982,White,Female,10 to 14,Hispanic,737579
1982,White,Female,15 to 19,Hispanic,759190
1982,White,Female,20 to 24,Hispanic,806008
1982,White,Female,25 to 29,Hispanic,741588
1982,White,Female,30 to 34,Hispanic,616079
1982,White,Female,35 to 39,Hispanic,480369
1982,White,Female,40 to 44,Hispanic,380809
1982,White,Female,45 to 49,Hispanic,324974
1982,White,Female,5 to 9,Hispanic,764603
1982,White,Female,50 to 54,Hispanic,297956
1982,White,Female,55 to 59,Hispanic,250102
1982,White,Female,60 to 64,Hispanic,189949
1982,White,Female,65 to 69,Hispanic,147654
1982,White,Female,70 to 74,Hispanic,116992
1982,White,Female,75 to 79,Hispanic,82527
1982,White,Female,80 to 84,Hispanic,46993
1982,White,Female,85 years and over,Hispanic,32933
1982,White,Female,Under 5,Hispanic,819315
1982,White,Female,10 to 14,NonHispanic,6529481
1982,White,Female,15 to 19,NonHispanic,7327467
1982,White,Female,20 to 24,NonHispanic,8240399
1982,White,Female,25 to 29,NonHispanic,7965708
1982,White,Female,30 to 34,NonHispanic,7353086
1982,White,Female,35 to 39,NonHispanic,6315201
1982,White,Female,40 to 44,NonHispanic,5054763
1982,White,Female,45 to 49,NonHispanic,4528742
1982,White,Female,5 to 9,NonHispanic,5568603
1982,White,Female,50 to 54,NonHispanic,4856619
1982,White,Female,55 to 59,NonHispanic,5115999
1982,White,Female,60 to 64,NonHispanic,4871310
1982,White,Female,65 to 69,NonHispanic,4325665
1982,White,Female,70 to 74,NonHispanic,3628606
1982,White,Female,75 to 79,NonHispanic,2765559
1982,White,Female,80 to 84,NonHispanic,1827173
1982,White,Female,85 years and over,NonHispanic,1554514
1982,White,Female,Under 5,NonHispanic,6028905
1982,White,Male,10 to 14,Hispanic,761832
1982,White,Male,15 to 19,Hispanic,799938
1982,White,Male,20 to 24,Hispanic,907915
1982,White,Male,25 to 29,Hispanic,798588
1982,White,Male,30 to 34,Hispanic,622159
1982,White,Male,35 to 39,Hispanic,464953
1982,White,Male,40 to 44,Hispanic,365694
1982,White,Male,45 to 49,Hispanic,305778
1982,White,Male,5 to 9,Hispanic,793595
1982,White,Male,50 to 54,Hispanic,278344
1982,White,Male,55 to 59,Hispanic,227357
1982,White,Male,60 to 64,Hispanic,166626
1982,White,Male,65 to 69,Hispanic,114401
1982,White,Male,70 to 74,Hispanic,86009
1982,White,Male,75 to 79,Hispanic,60013
1982,White,Male,80 to 84,Hispanic,32285
1982,White,Male,85 years and over,Hispanic,19097
1982,White,Male,Under 5,Hispanic,855522
1982,White,Male,10 to 14,NonHispanic,6880857
1982,White,Male,15 to 19,NonHispanic,7604804
1982,White,Male,20 to 24,NonHispanic,8319490
1982,White,Male,25 to 29,NonHispanic,8040215
1982,White,Male,30 to 34,NonHispanic,7362719
1982,White,Male,35 to 39,NonHispanic,6248178
1982,White,Male,40 to 44,NonHispanic,4951921
1982,White,Male,45 to 49,NonHispanic,4394561
1982,White,Male,5 to 9,NonHispanic,5883861
1982,White,Male,50 to 54,NonHispanic,4604110
1982,White,Male,55 to 59,NonHispanic,4600266
1982,White,Male,60 to 64,NonHispanic,4267456
1982,White,Male,65 to 69,NonHispanic,3496218
1982,White,Male,70 to 74,NonHispanic,2623006
1982,White,Male,75 to 79,NonHispanic,1712543
1982,White,Male,80 to 84,NonHispanic,947981
1982,White,Male,85 years and over,NonHispanic,630836
1982,White,Male,Under 5,NonHispanic,6354901
1983,Black,Female,10 to 14,Hispanic,31950
1983,Black,Female,15 to 19,Hispanic,36950
1983,Black,Female,20 to 24,Hispanic,41533
1983,Black,Female,25 to 29,Hispanic,37280
1983,Black,Female,30 to 34,Hispanic,29142
1983,Black,Female,35 to 39,Hispanic,22634
1983,Black,Female,40 to 44,Hispanic,19213
1983,Black,Female,45 to 49,Hispanic,16016
1983,Black,Female,5 to 9,Hispanic,33383
1983,Black,Female,50 to 54,Hispanic,13781
1983,Black,Female,55 to 59,Hispanic,11918
1983,Black,Female,60 to 64,Hispanic,9664
1983,Black,Female,65 to 69,Hispanic,7689
1983,Black,Female,70 to 74,Hispanic,5597
1983,Black,Female,75 to 79,Hispanic,3386
1983,Black,Female,80 to 84,Hispanic,1895
1983,Black,Female,85 years and over,Hispanic,1446
1983,Black,Female,Under 5,Hispanic,37230
1983,Black,Female,10 to 14,NonHispanic,1290457
1983,Black,Female,15 to 19,NonHispanic,1389985
1983,Black,Female,20 to 24,NonHispanic,1435471
1983,Black,Female,25 to 29,NonHispanic,1346592
1983,Black,Female,30 to 34,NonHispanic,1162782
1983,Black,Female,35 to 39,NonHispanic,888042
1983,Black,Female,40 to 44,NonHispanic,737573
1983,Black,Female,45 to 49,NonHispanic,637785
1983,Black,Female,5 to 9,NonHispanic,1170681
1983,Black,Female,50 to 54,NonHispanic,605824
1983,Black,Female,55 to 59,NonHispanic,573556
1983,Black,Female,60 to 64,NonHispanic,507813
1983,Black,Female,65 to 69,NonHispanic,447231
1983,Black,Female,70 to 74,NonHispanic,354858
1983,Black,Female,75 to 79,NonHispanic,255305
1983,Black,Female,80 to 84,NonHispanic,143059
1983,Black,Female,85 years and over,NonHispanic,122331
1983,Black,Female,Under 5,NonHispanic,1267243
1983,Black,Male,10 to 14,Hispanic,32780
1983,Black,Male,15 to 19,Hispanic,37884
1983,Black,Male,20 to 24,Hispanic,44511
1983,Black,Male,25 to 29,Hispanic,38223
1983,Black,Male,30 to 34,Hispanic,27516
1983,Black,Male,35 to 39,Hispanic,19989
1983,Black,Male,40 to 44,Hispanic,16449
1983,Black,Male,45 to 49,Hispanic,13973
1983,Black,Male,5 to 9,Hispanic,35356
1983,Black,Male,50 to 54,Hispanic,11663
1983,Black,Male,55 to 59,Hispanic,9584
1983,Black,Male,60 to 64,Hispanic,7170
1983,Black,Male,65 to 69,Hispanic,5446
1983,Black,Male,70 to 74,Hispanic,3695
1983,Black,Male,75 to 79,Hispanic,2509
1983,Black,Male,80 to 84,Hispanic,1382
1983,Black,Male,85 years and over,Hispanic,1298
1983,Black,Male,Under 5,Hispanic,38388
1983,Black,Male,10 to 14,NonHispanic,1312971
1983,Black,Male,15 to 19,NonHispanic,1394424
1983,Black,Male,20 to 24,NonHispanic,1325115
1983,Black,Male,25 to 29,NonHispanic,1195494
1983,Black,Male,30 to 34,NonHispanic,998424
1983,Black,Male,35 to 39,NonHispanic,744334
1983,Black,Male,40 to 44,NonHispanic,616635
1983,Black,Male,45 to 49,NonHispanic,527137
1983,Black,Male,5 to 9,NonHispanic,1192650
1983,Black,Male,50 to 54,NonHispanic,492327
1983,Black,Male,55 to 59,NonHispanic,466070
1983,Black,Male,60 to 64,NonHispanic,395863
1983,Black,Male,65 to 69,NonHispanic,329305
1983,Black,Male,70 to 74,NonHispanic,240773
1983,Black,Male,75 to 79,NonHispanic,162125
1983,Black,Male,80 to 84,NonHispanic,80521
1983,Black,Male,85 years and over,NonHispanic,58587
1983,Black,Male,Under 5,NonHispanic,1289521
1983,Other,Female,10 to 14,Hispanic,18275
1983,Other,Female,15 to 19,Hispanic,17692
1983,Other,Female,20 to 24,Hispanic,20448
1983,Other,Female,25 to 29,Hispanic,20207
1983,Other,Female,30 to 34,Hispanic,17684
1983,Other,Female,35 to 39,Hispanic,13443
1983,Other,Female,40 to 44,Hispanic,9841
1983,Other,Female,45 to 49,Hispanic,7059
1983,Other,Female,5 to 9,Hispanic,18481
1983,Other,Female,50 to 54,Hispanic,5698
1983,Other,Female,55 to 59,Hispanic,5107
1983,Other,Female,60 to 64,Hispanic,3933
1983,Other,Female,65 to 69,Hispanic,2999
1983,Other,Female,70 to 74,Hispanic,2154
1983,Other,Female,75 to 79,Hispanic,1283
1983,Other,Female,80 to 84,Hispanic,630
1983,Other,Female,85 years and over,Hispanic,429
1983,Other,Female,Under 5,Hispanic,19692
1983,Other,Female,10 to 14,NonHispanic,266295
1983,Other,Female,15 to 19,NonHispanic,255443
1983,Other,Female,20 to 24,NonHispanic,283364
1983,Other,Female,25 to 29,NonHispanic,319420
1983,Other,Female,30 to 34,NonHispanic,327412
1983,Other,Female,35 to 39,NonHispanic,257613
1983,Other,Female,40 to 44,NonHispanic,194928
1983,Other,Female,45 to 49,NonHispanic,150885
1983,Other,Female,5 to 9,NonHispanic,249200
1983,Other,Female,50 to 54,NonHispanic,135741
1983,Other,Female,55 to 59,NonHispanic,116891
1983,Other,Female,60 to 64,NonHispanic,94374
1983,Other,Female,65 to 69,NonHispanic,73344
1983,Other,Female,70 to 74,NonHispanic,51877
1983,Other,Female,75 to 79,NonHispanic,34219
1983,Other,Female,80 to 84,NonHispanic,19216
1983,Other,Female,85 years and over,NonHispanic,14752
1983,Other,Female,Under 5,NonHispanic,289259
1983,Other,Male,10 to 14,Hispanic,19001
1983,Other,Male,15 to 19,Hispanic,18542
1983,Other,Male,20 to 24,Hispanic,21818
1983,Other,Male,25 to 29,Hispanic,19598
1983,Other,Male,30 to 34,Hispanic,15979
1983,Other,Male,35 to 39,Hispanic,12008
1983,Other,Male,40 to 44,Hispanic,8901
1983,Other,Male,45 to 49,Hispanic,6840
1983,Other,Male,5 to 9,Hispanic,19400
1983,Other,Male,50 to 54,Hispanic,5019
1983,Other,Male,55 to 59,Hispanic,4196
1983,Other,Male,60 to 64,Hispanic,3093
1983,Other,Male,65 to 69,Hispanic,2433
1983,Other,Male,70 to 74,Hispanic,2570
1983,Other,Male,75 to 79,Hispanic,1780
1983,Other,Male,80 to 84,Hispanic,842
1983,Other,Male,85 years and over,Hispanic,517
1983,Other,Male,Under 5,Hispanic,20323
1983,Other,Male,10 to 14,NonHispanic,279346
1983,Other,Male,15 to 19,NonHispanic,278679
1983,Other,Male,20 to 24,NonHispanic,292559
1983,Other,Male,25 to 29,NonHispanic,292675
1983,Other,Male,30 to 34,NonHispanic,296508
1983,Other,Male,35 to 39,NonHispanic,229365
1983,Other,Male,40 to 44,NonHispanic,183408
1983,Other,Male,45 to 49,NonHispanic,143700
1983,Other,Male,5 to 9,NonHispanic,256840
1983,Other,Male,50 to 54,NonHispanic,113448
1983,Other,Male,55 to 59,NonHispanic,96184
1983,Other,Male,60 to 64,NonHispanic,81496
1983,Other,Male,65 to 69,NonHispanic,61231
1983,Other,Male,70 to 74,NonHispanic,46119
1983,Other,Male,75 to 79,NonHispanic,30728
1983,Other,Male,80 to 84,NonHispanic,14467
1983,Other,Male,85 years and over,NonHispanic,9172
1983,Other,Male,Under 5,NonHispanic,296612
1983,White,Female,10 to 14,Hispanic,753727
1983,White,Female,15 to 19,Hispanic,760596
1983,White,Female,20 to 24,Hispanic,841964
1983,White,Female,25 to 29,Hispanic,784043
1983,White,Female,30 to 34,Hispanic,646640
1983,White,Female,35 to 39,Hispanic,510139
1983,White,Female,40 to 44,Hispanic,399030
1983,White,Female,45 to 49,Hispanic,336049
1983,White,Female,5 to 9,Hispanic,791958
1983,White,Female,50 to 54,Hispanic,301834
1983,White,Female,55 to 59,Hispanic,260846
1983,White,Female,60 to 64,Hispanic,199919
1983,White,Female,65 to 69,Hispanic,151632
1983,White,Female,70 to 74,Hispanic,122610
1983,White,Female,75 to 79,Hispanic,86648
1983,White,Female,80 to 84,Hispanic,51060
1983,White,Female,85 years and over,Hispanic,34478
1983,White,Female,Under 5,Hispanic,844359
1983,White,Female,10 to 14,NonHispanic,6369200
1983,White,Female,15 to 19,NonHispanic,7054237
1983,White,Female,20 to 24,NonHispanic,8139327
1983,White,Female,25 to 29,NonHispanic,8071013
1983,White,Female,30 to 34,NonHispanic,7434429
1983,White,Female,35 to 39,NonHispanic,6492523
1983,White,Female,40 to 44,NonHispanic,5340269
1983,White,Female,45 to 49,NonHispanic,4585857
1983,White,Female,5 to 9,NonHispanic,5571483
1983,White,Female,50 to 54,NonHispanic,4710519
1983,White,Female,55 to 59,NonHispanic,5083289
1983,White,Female,60 to 64,NonHispanic,4891950
1983,White,Female,65 to 69,NonHispanic,4376067
1983,White,Female,70 to 74,NonHispanic,3691263
1983,White,Female,75 to 79,NonHispanic,2837242
1983,White,Female,80 to 84,NonHispanic,1873921
1983,White,Female,85 years and over,NonHispanic,1612672
1983,White,Female,Under 5,NonHispanic,6115622
1983,White,Male,10 to 14,Hispanic,781112
1983,White,Male,15 to 19,Hispanic,804534
1983,White,Male,20 to 24,Hispanic,960626
1983,White,Male,25 to 29,Hispanic,860628
1983,White,Male,30 to 34,Hispanic,659077
1983,White,Male,35 to 39,Hispanic,496405
1983,White,Male,40 to 44,Hispanic,382436
1983,White,Male,45 to 49,Hispanic,317713
1983,White,Male,5 to 9,Hispanic,821052
1983,White,Male,50 to 54,Hispanic,280241
1983,White,Male,55 to 59,Hispanic,235783
1983,White,Male,60 to 64,Hispanic,177072
1983,White,Male,65 to 69,Hispanic,117969
1983,White,Male,70 to 74,Hispanic,88311
1983,White,Male,75 to 79,Hispanic,61632
1983,White,Male,80 to 84,Hispanic,34928
1983,White,Male,85 years and over,Hispanic,19726
1983,White,Male,Under 5,Hispanic,882079
1983,White,Male,10 to 14,NonHispanic,6713412
1983,White,Male,15 to 19,NonHispanic,7338995
1983,White,Male,20 to 24,NonHispanic,8225547
1983,White,Male,25 to 29,NonHispanic,8155443
1983,White,Male,30 to 34,NonHispanic,7451548
1983,White,Male,35 to 39,NonHispanic,6430590
1983,White,Male,40 to 44,NonHispanic,5241539
1983,White,Male,45 to 49,NonHispanic,4457884
1983,White,Male,5 to 9,NonHispanic,5892767
1983,White,Male,50 to 54,NonHispanic,4478478
1983,White,Male,55 to 59,NonHispanic,4593523
1983,White,Male,60 to 64,NonHispanic,4282588
1983,White,Male,65 to 69,NonHispanic,3551403
1983,White,Male,70 to 74,NonHispanic,2676860
1983,White,Male,75 to 79,NonHispanic,1760311
1983,White,Male,80 to 84,NonHispanic,969713
1983,White,Male,85 years and over,NonHispanic,643027
1983,White,Male,Under 5,NonHispanic,6446555
1984,Black,Female,10 to 14,Hispanic,33560
1984,Black,Female,15 to 19,Hispanic,38340
1984,Black,Female,20 to 24,Hispanic,45085
1984,Black,Female,25 to 29,Hispanic,41425
1984,Black,Female,30 to 34,Hispanic,32168
1984,Black,Female,35 to 39,Hispanic,25000
1984,Black,Female,40 to 44,Hispanic,20745
1984,Black,Female,45 to 49,Hispanic,17440
1984,Black,Female,5 to 9,Hispanic,36724
1984,Black,Female,50 to 54,Hispanic,14384
1984,Black,Female,55 to 59,Hispanic,12830
1984,Black,Female,60 to 64,Hispanic,10398
1984,Black,Female,65 to 69,Hispanic,8070
1984,Black,Female,70 to 74,Hispanic,6015
1984,Black,Female,75 to 79,Hispanic,3736
1984,Black,Female,80 to 84,Hispanic,2032
1984,Black,Female,85 years and over,Hispanic,1516
1984,Black,Female,Under 5,Hispanic,39691
1984,Black,Female,10 to 14,NonHispanic,1267895
1984,Black,Female,15 to 19,NonHispanic,1359617
1984,Black,Female,20 to 24,NonHispanic,1431917
1984,Black,Female,25 to 29,NonHispanic,1375266
1984,Black,Female,30 to 34,NonHispanic,1198385
1984,Black,Female,35 to 39,NonHispanic,945286
1984,Black,Female,40 to 44,NonHispanic,755815
1984,Black,Female,45 to 49,NonHispanic,651733
1984,Black,Female,5 to 9,NonHispanic,1193555
1984,Black,Female,50 to 54,NonHispanic,600170
1984,Black,Female,55 to 59,NonHispanic,573028
1984,Black,Female,60 to 64,NonHispanic,516662
1984,Black,Female,65 to 69,NonHispanic,449347
1984,Black,Female,70 to 74,NonHispanic,360983
1984,Black,Female,75 to 79,NonHispanic,262193
1984,Black,Female,80 to 84,NonHispanic,149513
1984,Black,Female,85 years and over,NonHispanic,127494
1984,Black,Female,Under 5,NonHispanic,1269912
1984,Black,Male,10 to 14,Hispanic,34579
1984,Black,Male,15 to 19,Hispanic,39576
1984,Black,Male,20 to 24,Hispanic,48931
1984,Black,Male,25 to 29,Hispanic,43606
1984,Black,Male,30 to 34,Hispanic,30853
1984,Black,Male,35 to 39,Hispanic,22658
1984,Black,Male,40 to 44,Hispanic,17900
1984,Black,Male,45 to 49,Hispanic,15145
1984,Black,Male,5 to 9,Hispanic,38898
1984,Black,Male,50 to 54,Hispanic,12520
1984,Black,Male,55 to 59,Hispanic,10297
1984,Black,Male,60 to 64,Hispanic,7705
1984,Black,Male,65 to 69,Hispanic,5850
1984,Black,Male,70 to 74,Hispanic,3920
1984,Black,Male,75 to 79,Hispanic,2635
1984,Black,Male,80 to 84,Hispanic,1483
1984,Black,Male,85 years and over,Hispanic,1343
1984,Black,Male,Under 5,Hispanic,40918
1984,Black,Male,10 to 14,NonHispanic,1293460
1984,Black,Male,15 to 19,NonHispanic,1364091
1984,Black,Male,20 to 24,NonHispanic,1331517
1984,Black,Male,25 to 29,NonHispanic,1224104
1984,Black,Male,30 to 34,NonHispanic,1030811
1984,Black,Male,35 to 39,NonHispanic,794823
1984,Black,Male,40 to 44,NonHispanic,633913
1984,Black,Male,45 to 49,NonHispanic,538055
1984,Black,Male,5 to 9,NonHispanic,1215440
1984,Black,Male,50 to 54,NonHispanic,490018
1984,Black,Male,55 to 59,NonHispanic,465228
1984,Black,Male,60 to 64,NonHispanic,400732
1984,Black,Male,65 to 69,NonHispanic,330961
1984,Black,Male,70 to 74,NonHispanic,241337
1984,Black,Male,75 to 79,NonHispanic,164542
1984,Black,Male,80 to 84,NonHispanic,82715
1984,Black,Male,85 years and over,NonHispanic,59859
1984,Black,Male,Under 5,NonHispanic,1294113
1984,Other,Female,10 to 14,Hispanic,19824
1984,Other,Female,15 to 19,Hispanic,19268
1984,Other,Female,20 to 24,Hispanic,22622
1984,Other,Female,25 to 29,Hispanic,22129
1984,Other,Female,30 to 34,Hispanic,19692
1984,Other,Female,35 to 39,Hispanic,15063
1984,Other,Female,40 to 44,Hispanic,11083
1984,Other,Female,45 to 49,Hispanic,7961
1984,Other,Female,5 to 9,Hispanic,20831
1984,Other,Female,50 to 54,Hispanic,6218
1984,Other,Female,55 to 59,Hispanic,5669
1984,Other,Female,60 to 64,Hispanic,4411
1984,Other,Female,65 to 69,Hispanic,3229
1984,Other,Female,70 to 74,Hispanic,2407
1984,Other,Female,75 to 79,Hispanic,1449
1984,Other,Female,80 to 84,Hispanic,727
1984,Other,Female,85 years and over,Hispanic,473
1984,Other,Female,Under 5,Hispanic,21264
1984,Other,Female,10 to 14,NonHispanic,278404
1984,Other,Female,15 to 19,NonHispanic,267079
1984,Other,Female,20 to 24,NonHispanic,295507
1984,Other,Female,25 to 29,NonHispanic,333571
1984,Other,Female,30 to 34,NonHispanic,344497
1984,Other,Female,35 to 39,NonHispanic,284076
1984,Other,Female,40 to 44,NonHispanic,212083
1984,Other,Female,45 to 49,NonHispanic,160539
1984,Other,Female,5 to 9,NonHispanic,261219
1984,Other,Female,50 to 54,NonHispanic,141593
1984,Other,Female,55 to 59,NonHispanic,124081
1984,Other,Female,60 to 64,NonHispanic,102331
1984,Other,Female,65 to 69,NonHispanic,77960
1984,Other,Female,70 to 74,NonHispanic,56298
1984,Other,Female,75 to 79,NonHispanic,36555
1984,Other,Female,80 to 84,NonHispanic,20231
1984,Other,Female,85 years and over,NonHispanic,15490
1984,Other,Female,Under 5,NonHispanic,305863
1984,Other,Male,10 to 14,Hispanic,20817
1984,Other,Male,15 to 19,Hispanic,20100
1984,Other,Male,20 to 24,Hispanic,24697
1984,Other,Male,25 to 29,Hispanic,22138
1984,Other,Male,30 to 34,Hispanic,17962
1984,Other,Male,35 to 39,Hispanic,13596
1984,Other,Male,40 to 44,Hispanic,9890
1984,Other,Male,45 to 49,Hispanic,7778
1984,Other,Male,5 to 9,Hispanic,21792
1984,Other,Male,50 to 54,Hispanic,5533
1984,Other,Male,55 to 59,Hispanic,4639
1984,Other,Male,60 to 64,Hispanic,3499
1984,Other,Male,65 to 69,Hispanic,2494
1984,Other,Male,70 to 74,Hispanic,2619
1984,Other,Male,75 to 79,Hispanic,1896
1984,Other,Male,80 to 84,Hispanic,915
1984,Other,Male,85 years and over,Hispanic,577
1984,Other,Male,Under 5,Hispanic,21885
1984,Other,Male,10 to 14,NonHispanic,291310
1984,Other,Male,15 to 19,NonHispanic,290372
1984,Other,Male,20 to 24,NonHispanic,309253
1984,Other,Male,25 to 29,NonHispanic,307510
1984,Other,Male,30 to 34,NonHispanic,315642
1984,Other,Male,35 to 39,NonHispanic,251055
1984,Other,Male,40 to 44,NonHispanic,197756
1984,Other,Male,45 to 49,NonHispanic,155253
1984,Other,Male,5 to 9,NonHispanic,269676
1984,Other,Male,50 to 54,NonHispanic,120549
1984,Other,Male,55 to 59,NonHispanic,100065
1984,Other,Male,60 to 64,NonHispanic,87538
1984,Other,Male,65 to 69,NonHispanic,64423
1984,Other,Male,70 to 74,NonHispanic,48657
1984,Other,Male,75 to 79,NonHispanic,32517
1984,Other,Male,80 to 84,NonHispanic,15486
1984,Other,Male,85 years and over,NonHispanic,9878
1984,Other,Male,Under 5,NonHispanic,313287
1984,White,Female,10 to 14,Hispanic,766890
1984,White,Female,15 to 19,Hispanic,768927
1984,White,Female,20 to 24,Hispanic,873387
1984,White,Female,25 to 29,Hispanic,823645
1984,White,Female,30 to 34,Hispanic,680432
1984,White,Female,35 to 39,Hispanic,540284
1984,White,Female,40 to 44,Hispanic,418075
1984,White,Female,45 to 49,Hispanic,348526
1984,White,Female,5 to 9,Hispanic,823160
1984,White,Female,50 to 54,Hispanic,304608
1984,White,Female,55 to 59,Hispanic,271620
1984,White,Female,60 to 64,Hispanic,211480
1984,White,Female,65 to 69,Hispanic,156037
1984,White,Female,70 to 74,Hispanic,127884
1984,White,Female,75 to 79,Hispanic,90521
1984,White,Female,80 to 84,Hispanic,55405
1984,White,Female,85 years and over,Hispanic,36311
1984,White,Female,Under 5,Hispanic,862090
1984,White,Female,10 to 14,NonHispanic,6153559
1984,White,Female,15 to 19,NonHispanic,6833913
1984,White,Female,20 to 24,NonHispanic,8018211
1984,White,Female,25 to 29,NonHispanic,8128454
1984,White,Female,30 to 34,NonHispanic,7552201
1984,White,Female,35 to 39,NonHispanic,6750489
1984,White,Female,40 to 44,NonHispanic,5527541
1984,White,Female,45 to 49,NonHispanic,4660100
1984,White,Female,5 to 9,NonHispanic,5639181
1984,White,Female,50 to 54,NonHispanic,4597098
1984,White,Female,55 to 59,NonHispanic,4996676
1984,White,Female,60 to 64,NonHispanic,4943005
1984,White,Female,65 to 69,NonHispanic,4406558
1984,White,Female,70 to 74,NonHispanic,3746456
1984,White,Female,75 to 79,NonHispanic,2906547
1984,White,Female,80 to 84,NonHispanic,1923440
1984,White,Female,85 years and over,NonHispanic,1666515
1984,White,Female,Under 5,NonHispanic,6145788
1984,White,Male,10 to 14,Hispanic,795803
1984,White,Male,15 to 19,Hispanic,818330
1984,White,Male,20 to 24,Hispanic,1005368
1984,White,Male,25 to 29,Hispanic,920840
1984,White,Male,30 to 34,Hispanic,700637
1984,White,Male,35 to 39,Hispanic,529854
1984,White,Male,40 to 44,Hispanic,400599
1984,White,Male,45 to 49,Hispanic,330034
1984,White,Male,5 to 9,Hispanic,854280
1984,White,Male,50 to 54,Hispanic,282626
1984,White,Male,55 to 59,Hispanic,243690
1984,White,Male,60 to 64,Hispanic,188911
1984,White,Male,65 to 69,Hispanic,121993
1984,White,Male,70 to 74,Hispanic,90843
1984,White,Male,75 to 79,Hispanic,63130
1984,White,Male,80 to 84,Hispanic,37226
1984,White,Male,85 years and over,Hispanic,20646
1984,White,Male,Under 5,Hispanic,900721
1984,White,Male,10 to 14,NonHispanic,6494174
1984,White,Male,15 to 19,NonHispanic,7111018
1984,White,Male,20 to 24,NonHispanic,8122888
1984,White,Male,25 to 29,NonHispanic,8215975
1984,White,Male,30 to 34,NonHispanic,7579810
1984,White,Male,35 to 39,NonHispanic,6695175
1984,White,Male,40 to 44,NonHispanic,5430174
1984,White,Male,45 to 49,NonHispanic,4536219
1984,White,Male,5 to 9,NonHispanic,5963169
1984,White,Male,50 to 54,NonHispanic,4381323
1984,White,Male,55 to 59,NonHispanic,4543718
1984,White,Male,60 to 64,NonHispanic,4325954
1984,White,Male,65 to 69,NonHispanic,3587464
1984,White,Male,70 to 74,NonHispanic,2724784
1984,White,Male,75 to 79,NonHispanic,1808292
1984,White,Male,80 to 84,NonHispanic,993091
1984,White,Male,85 years and over,NonHispanic,654539
1984,White,Male,Under 5,NonHispanic,6479373
1985,Black,Female,10 to 14,Hispanic,35209
1985,Black,Female,15 to 19,Hispanic,39816
1985,Black,Female,20 to 24,Hispanic,48039
1985,Black,Female,25 to 29,Hispanic,45524
1985,Black,Female,30 to 34,Hispanic,35447
1985,Black,Female,35 to 39,Hispanic,27876
1985,Black,Female,40 to 44,Hispanic,22369
1985,Black,Female,45 to 49,Hispanic,18926
1985,Black,Female,5 to 9,Hispanic,40236
1985,Black,Female,50 to 54,Hispanic,15121
1985,Black,Female,55 to 59,Hispanic,13717
1985,Black,Female,60 to 64,Hispanic,10956
1985,Black,Female,65 to 69,Hispanic,8610
1985,Black,Female,70 to 74,Hispanic,6351
1985,Black,Female,75 to 79,Hispanic,4123
1985,Black,Female,80 to 84,Hispanic,2167
1985,Black,Female,85 years and over,Hispanic,1642
1985,Black,Female,Under 5,Hispanic,42748
1985,Black,Female,10 to 14,NonHispanic,1250718
1985,Black,Female,15 to 19,NonHispanic,1331420
1985,Black,Female,20 to 24,NonHispanic,1425804
1985,Black,Female,25 to 29,NonHispanic,1392809
1985,Black,Female,30 to 34,NonHispanic,1237698
1985,Black,Female,35 to 39,NonHispanic,1001275
1985,Black,Female,40 to 44,NonHispanic,776114
1985,Black,Female,45 to 49,NonHispanic,666088
1985,Black,Female,5 to 9,NonHispanic,1220712
1985,Black,Female,50 to 54,NonHispanic,597881
1985,Black,Female,55 to 59,NonHispanic,572287
1985,Black,Female,60 to 64,NonHispanic,524456
1985,Black,Female,65 to 69,NonHispanic,452919
1985,Black,Female,70 to 74,NonHispanic,365382
1985,Black,Female,75 to 79,NonHispanic,268981
1985,Black,Female,80 to 84,NonHispanic,155881
1985,Black,Female,85 years and over,NonHispanic,131740
1985,Black,Female,Under 5,NonHispanic,1272918
1985,Black,Male,10 to 14,Hispanic,36684
1985,Black,Male,15 to 19,Hispanic,41502
1985,Black,Male,20 to 24,Hispanic,52899
1985,Black,Male,25 to 29,Hispanic,48589
1985,Black,Male,30 to 34,Hispanic,35065
1985,Black,Male,35 to 39,Hispanic,25845
1985,Black,Male,40 to 44,Hispanic,19414
1985,Black,Male,45 to 49,Hispanic,16518
1985,Black,Male,5 to 9,Hispanic,42273
1985,Black,Male,50 to 54,Hispanic,13439
1985,Black,Male,55 to 59,Hispanic,11091
1985,Black,Male,60 to 64,Hispanic,8291
1985,Black,Male,65 to 69,Hispanic,6275
1985,Black,Male,70 to 74,Hispanic,4149
1985,Black,Male,75 to 79,Hispanic,2771
1985,Black,Male,80 to 84,Hispanic,1563
1985,Black,Male,85 years and over,Hispanic,1369
1985,Black,Male,Under 5,Hispanic,44100
1985,Black,Male,10 to 14,NonHispanic,1277067
1985,Black,Male,15 to 19,NonHispanic,1340398
1985,Black,Male,20 to 24,NonHispanic,1332821
1985,Black,Male,25 to 29,NonHispanic,1241678
1985,Black,Male,30 to 34,NonHispanic,1066141
1985,Black,Male,35 to 39,NonHispanic,846151
1985,Black,Male,40 to 44,NonHispanic,651541
1985,Black,Male,45 to 49,NonHispanic,551056
1985,Black,Male,5 to 9,NonHispanic,1242965
1985,Black,Male,50 to 54,NonHispanic,487979
1985,Black,Male,55 to 59,NonHispanic,463556
1985,Black,Male,60 to 64,NonHispanic,404273
1985,Black,Male,65 to 69,NonHispanic,333151
1985,Black,Male,70 to 74,NonHispanic,242286
1985,Black,Male,75 to 79,NonHispanic,166999
1985,Black,Male,80 to 84,NonHispanic,85525
1985,Black,Male,85 years and over,NonHispanic,60597
1985,Black,Male,Under 5,NonHispanic,1298678
1985,Other,Female,10 to 14,Hispanic,21159
1985,Other,Female,15 to 19,Hispanic,21150
1985,Other,Female,20 to 24,Hispanic,24715
1985,Other,Female,25 to 29,Hispanic,24460
1985,Other,Female,30 to 34,Hispanic,21764
1985,Other,Female,35 to 39,Hispanic,16880
1985,Other,Female,40 to 44,Hispanic,12418
1985,Other,Female,45 to 49,Hispanic,8994
1985,Other,Female,5 to 9,Hispanic,23606
1985,Other,Female,50 to 54,Hispanic,6800
1985,Other,Female,55 to 59,Hispanic,6258
1985,Other,Female,60 to 64,Hispanic,4873
1985,Other,Female,65 to 69,Hispanic,3601
1985,Other,Female,70 to 74,Hispanic,2664
1985,Other,Female,75 to 79,Hispanic,1603
1985,Other,Female,80 to 84,Hispanic,848
1985,Other,Female,85 years and over,Hispanic,595
1985,Other,Female,Under 5,Hispanic,23301
1985,Other,Female,10 to 14,NonHispanic,288088
1985,Other,Female,15 to 19,NonHispanic,281026
1985,Other,Female,20 to 24,NonHispanic,307959
1985,Other,Female,25 to 29,NonHispanic,349154
1985,Other,Female,30 to 34,NonHispanic,362066
1985,Other,Female,35 to 39,NonHispanic,309876
1985,Other,Female,40 to 44,NonHispanic,231121
1985,Other,Female,45 to 49,NonHispanic,171792
1985,Other,Female,5 to 9,NonHispanic,277826
1985,Other,Female,50 to 54,NonHispanic,147870
1985,Other,Female,55 to 59,NonHispanic,130985
1985,Other,Female,60 to 64,NonHispanic,109946
1985,Other,Female,65 to 69,NonHispanic,83631
1985,Other,Female,70 to 74,NonHispanic,60393
1985,Other,Female,75 to 79,NonHispanic,39171
1985,Other,Female,80 to 84,NonHispanic,21294
1985,Other,Female,85 years and over,NonHispanic,16390
1985,Other,Female,Under 5,NonHispanic,320314
1985,Other,Male,10 to 14,Hispanic,22358
1985,Other,Male,15 to 19,Hispanic,22457
1985,Other,Male,20 to 24,Hispanic,27045
1985,Other,Male,25 to 29,Hispanic,25146
1985,Other,Male,30 to 34,Hispanic,20300
1985,Other,Male,35 to 39,Hispanic,15269
1985,Other,Male,40 to 44,Hispanic,11246
1985,Other,Male,45 to 49,Hispanic,8712
1985,Other,Male,5 to 9,Hispanic,24482
1985,Other,Male,50 to 54,Hispanic,6090
1985,Other,Male,55 to 59,Hispanic,5119
1985,Other,Male,60 to 64,Hispanic,3945
1985,Other,Male,65 to 69,Hispanic,2785
1985,Other,Male,70 to 74,Hispanic,2556
1985,Other,Male,75 to 79,Hispanic,1971
1985,Other,Male,80 to 84,Hispanic,1040
1985,Other,Male,85 years and over,Hispanic,661
1985,Other,Male,Under 5,Hispanic,23961
1985,Other,Male,10 to 14,NonHispanic,301793
1985,Other,Male,15 to 19,NonHispanic,305101
1985,Other,Male,20 to 24,NonHispanic,325815
1985,Other,Male,25 to 29,NonHispanic,323770
1985,Other,Male,30 to 34,NonHispanic,333824
1985,Other,Male,35 to 39,NonHispanic,272717
1985,Other,Male,40 to 44,NonHispanic,213393
1985,Other,Male,45 to 49,NonHispanic,167074
1985,Other,Male,5 to 9,NonHispanic,285834
1985,Other,Male,50 to 54,NonHispanic,128152
1985,Other,Male,55 to 59,NonHispanic,104994
1985,Other,Male,60 to 64,NonHispanic,92697
1985,Other,Male,65 to 69,NonHispanic,68728
1985,Other,Male,70 to 74,NonHispanic,50997
1985,Other,Male,75 to 79,NonHispanic,34187
1985,Other,Male,80 to 84,NonHispanic,16461
1985,Other,Male,85 years and over,NonHispanic,10587
1985,Other,Male,Under 5,NonHispanic,328128
1985,White,Female,10 to 14,Hispanic,778680
1985,White,Female,15 to 19,Hispanic,785292
1985,White,Female,20 to 24,Hispanic,894967
1985,White,Female,25 to 29,Hispanic,861365
1985,White,Female,30 to 34,Hispanic,715794
1985,White,Female,35 to 39,Hispanic,575299
1985,White,Female,40 to 44,Hispanic,437115
1985,White,Female,45 to 49,Hispanic,359221
1985,White,Female,5 to 9,Hispanic,855623
1985,White,Female,50 to 54,Hispanic,309620
1985,White,Female,55 to 59,Hispanic,281435
1985,White,Female,60 to 64,Hispanic,222621
1985,White,Female,65 to 69,Hispanic,164239
1985,White,Female,70 to 74,Hispanic,131853
1985,White,Female,75 to 79,Hispanic,94922
1985,White,Female,80 to 84,Hispanic,59056
1985,White,Female,85 years and over,Hispanic,39302
1985,White,Female,Under 5,Hispanic,881616
1985,White,Female,10 to 14,NonHispanic,5935010
1985,White,Female,15 to 19,NonHispanic,6715502
1985,White,Female,20 to 24,NonHispanic,7840012
1985,White,Female,25 to 29,NonHispanic,8149268
1985,White,Female,30 to 34,NonHispanic,7708119
1985,White,Female,35 to 39,NonHispanic,6994864
1985,White,Female,40 to 44,NonHispanic,5691831
1985,White,Female,45 to 49,NonHispanic,4708494
1985,White,Female,5 to 9,NonHispanic,5718714
1985,White,Female,50 to 54,NonHispanic,4531955
1985,White,Female,55 to 59,NonHispanic,4897176
1985,White,Female,60 to 64,NonHispanic,4976448
1985,White,Female,65 to 69,NonHispanic,4449825
1985,White,Female,70 to 74,NonHispanic,3790365
1985,White,Female,75 to 79,NonHispanic,2973125
1985,White,Female,80 to 84,NonHispanic,1976957
1985,White,Female,85 years and over,NonHispanic,1716259
1985,White,Female,Under 5,NonHispanic,6173766
1985,White,Male,10 to 14,Hispanic,809936
1985,White,Male,15 to 19,Hispanic,842650
1985,White,Male,20 to 24,Hispanic,1035649
1985,White,Male,25 to 29,Hispanic,977706
1985,White,Male,30 to 34,Hispanic,745496
1985,White,Male,35 to 39,Hispanic,567834
1985,White,Male,40 to 44,Hispanic,420633
1985,White,Male,45 to 49,Hispanic,341329
1985,White,Male,5 to 9,Hispanic,887379
1985,White,Male,50 to 54,Hispanic,287573
1985,White,Male,55 to 59,Hispanic,253078
1985,White,Male,60 to 64,Hispanic,197485
1985,White,Male,65 to 69,Hispanic,130033
1985,White,Male,70 to 74,Hispanic,92918
1985,White,Male,75 to 79,Hispanic,65038
1985,White,Male,80 to 84,Hispanic,38793
1985,White,Male,85 years and over,Hispanic,22227
1985,White,Male,Under 5,Hispanic,922539
1985,White,Male,10 to 14,NonHispanic,6270731
1985,White,Male,15 to 19,NonHispanic,7000924
1985,White,Male,20 to 24,NonHispanic,7948880
1985,White,Male,25 to 29,NonHispanic,8231596
1985,White,Male,30 to 34,NonHispanic,7743644
1985,White,Male,35 to 39,NonHispanic,6949731
1985,White,Male,40 to 44,NonHispanic,5600202
1985,White,Male,45 to 49,NonHispanic,4587432
1985,White,Male,5 to 9,NonHispanic,6045207
1985,White,Male,50 to 54,NonHispanic,4321188
1985,White,Male,55 to 59,NonHispanic,4488956
1985,White,Male,60 to 64,NonHispanic,4350478
1985,White,Male,65 to 69,NonHispanic,3639408
1985,White,Male,70 to 74,NonHispanic,2765541
1985,White,Male,75 to 79,NonHispanic,1857970
1985,White,Male,80 to 84,NonHispanic,1019801
1985,White,Male,85 years and over,NonHispanic,665903
1985,White,Male,Under 5,NonHispanic,6509552
1986,Black,Female,10 to 14,Hispanic,37077
1986,Black,Female,15 to 19,Hispanic,42020
1986,Black,Female,20 to 24,Hispanic,51074
1986,Black,Female,25 to 29,Hispanic,49647
1986,Black,Female,30 to 34,Hispanic,39429
1986,Black,Female,35 to 39,Hispanic,31048
1986,Black,Female,40 to 44,Hispanic,24554
1986,Black,Female,45 to 49,Hispanic,20102
1986,Black,Female,5 to 9,Hispanic,43468
1986,Black,Female,50 to 54,Hispanic,16081
1986,Black,Female,55 to 59,Hispanic,14709
1986,Black,Female,60 to 64,Hispanic,11638
1986,Black,Female,65 to 69,Hispanic,9211
1986,Black,Female,70 to 74,Hispanic,6737
1986,Black,Female,75 to 79,Hispanic,4412
1986,Black,Female,80 to 84,Hispanic,2308
1986,Black,Female,85 years and over,Hispanic,1820
1986,Black,Female,Under 5,Hispanic,47120
1986,Black,Female,10 to 14,NonHispanic,1212687
1986,Black,Female,15 to 19,NonHispanic,1331875
1986,Black,Female,20 to 24,NonHispanic,1404920
1986,Black,Female,25 to 29,NonHispanic,1406901
1986,Black,Female,30 to 34,NonHispanic,1271156
1986,Black,Female,35 to 39,NonHispanic,1077121
1986,Black,Female,40 to 44,NonHispanic,788114
1986,Black,Female,45 to 49,NonHispanic,679122
1986,Black,Female,5 to 9,NonHispanic,1248081
1986,Black,Female,50 to 54,NonHispanic,597662
1986,Black,Female,55 to 59,NonHispanic,571918
1986,Black,Female,60 to 64,NonHispanic,529764
1986,Black,Female,65 to 69,NonHispanic,458689
1986,Black,Female,70 to 74,NonHispanic,368953
1986,Black,Female,75 to 79,NonHispanic,276479
1986,Black,Female,80 to 84,NonHispanic,162534
1986,Black,Female,85 years and over,NonHispanic,136586
1986,Black,Female,Under 5,NonHispanic,1280305
1986,Black,Male,10 to 14,Hispanic,38966
1986,Black,Male,15 to 19,Hispanic,44505
1986,Black,Male,20 to 24,Hispanic,57126
1986,Black,Male,25 to 29,Hispanic,53738
1986,Black,Male,30 to 34,Hispanic,39814
1986,Black,Male,35 to 39,Hispanic,29657
1986,Black,Male,40 to 44,Hispanic,21476
1986,Black,Male,45 to 49,Hispanic,17840
1986,Black,Male,5 to 9,Hispanic,45249
1986,Black,Male,50 to 54,Hispanic,14213
1986,Black,Male,55 to 59,Hispanic,11921
1986,Black,Male,60 to 64,Hispanic,8938
1986,Black,Male,65 to 69,Hispanic,6585
1986,Black,Male,70 to 74,Hispanic,4292
1986,Black,Male,75 to 79,Hispanic,2957
1986,Black,Male,80 to 84,Hispanic,1614
1986,Black,Male,85 years and over,Hispanic,1373
1986,Black,Male,Under 5,Hispanic,48763
1986,Black,Male,10 to 14,NonHispanic,1237007
1986,Black,Male,15 to 19,NonHispanic,1344362
1986,Black,Male,20 to 24,NonHispanic,1322629
1986,Black,Male,25 to 29,NonHispanic,1258073
1986,Black,Male,30 to 34,NonHispanic,1100231
1986,Black,Male,35 to 39,NonHispanic,914223
1986,Black,Male,40 to 44,NonHispanic,663989
1986,Black,Male,45 to 49,NonHispanic,562248
1986,Black,Male,5 to 9,NonHispanic,1272631
1986,Black,Male,50 to 54,NonHispanic,488082
1986,Black,Male,55 to 59,NonHispanic,461570
1986,Black,Male,60 to 64,NonHispanic,406298
1986,Black,Male,65 to 69,NonHispanic,336266
1986,Black,Male,70 to 74,NonHispanic,243449
1986,Black,Male,75 to 79,NonHispanic,169374
1986,Black,Male,80 to 84,NonHispanic,88085
1986,Black,Male,85 years and over,NonHispanic,61544
1986,Black,Male,Under 5,NonHispanic,1307368
1986,Other,Female,10 to 14,Hispanic,22904
1986,Other,Female,15 to 19,Hispanic,23558
1986,Other,Female,20 to 24,Hispanic,26712
1986,Other,Female,25 to 29,Hispanic,27065
1986,Other,Female,30 to 34,Hispanic,24150
1986,Other,Female,35 to 39,Hispanic,18954
1986,Other,Female,40 to 44,Hispanic,14043
1986,Other,Female,45 to 49,Hispanic,10116
1986,Other,Female,5 to 9,Hispanic,25956
1986,Other,Female,50 to 54,Hispanic,7535
1986,Other,Female,55 to 59,Hispanic,6800
1986,Other,Female,60 to 64,Hispanic,5527
1986,Other,Female,65 to 69,Hispanic,4039
1986,Other,Female,70 to 74,Hispanic,2921
1986,Other,Female,75 to 79,Hispanic,1808
1986,Other,Female,80 to 84,Hispanic,935
1986,Other,Female,85 years and over,Hispanic,717
1986,Other,Female,Under 5,Hispanic,26343
1986,Other,Female,10 to 14,NonHispanic,295536
1986,Other,Female,15 to 19,NonHispanic,299236
1986,Other,Female,20 to 24,NonHispanic,319334
1986,Other,Female,25 to 29,NonHispanic,363735
1986,Other,Female,30 to 34,NonHispanic,379684
1986,Other,Female,35 to 39,NonHispanic,338853
1986,Other,Female,40 to 44,NonHispanic,248768
1986,Other,Female,45 to 49,NonHispanic,184367
1986,Other,Female,5 to 9,NonHispanic,297599
1986,Other,Female,50 to 54,NonHispanic,154772
1986,Other,Female,55 to 59,NonHispanic,138337
1986,Other,Female,60 to 64,NonHispanic,118039
1986,Other,Female,65 to 69,NonHispanic,89897
1986,Other,Female,70 to 74,NonHispanic,64711
1986,Other,Female,75 to 79,NonHispanic,41972
1986,Other,Female,80 to 84,NonHispanic,22398
1986,Other,Female,85 years and over,NonHispanic,17264
1986,Other,Female,Under 5,NonHispanic,331733
1986,Other,Male,10 to 14,Hispanic,23967
1986,Other,Male,15 to 19,Hispanic,25139
1986,Other,Male,20 to 24,Hispanic,29975
1986,Other,Male,25 to 29,Hispanic,28199
1986,Other,Male,30 to 34,Hispanic,22949
1986,Other,Male,35 to 39,Hispanic,17278
1986,Other,Male,40 to 44,Hispanic,12807
1986,Other,Male,45 to 49,Hispanic,9690
1986,Other,Male,5 to 9,Hispanic,27117
1986,Other,Male,50 to 54,Hispanic,6850
1986,Other,Male,55 to 59,Hispanic,5640
1986,Other,Male,60 to 64,Hispanic,4455
1986,Other,Male,65 to 69,Hispanic,3073
1986,Other,Male,70 to 74,Hispanic,2539
1986,Other,Male,75 to 79,Hispanic,2146
1986,Other,Male,80 to 84,Hispanic,1103
1986,Other,Male,85 years and over,Hispanic,753
1986,Other,Male,Under 5,Hispanic,27145
1986,Other,Male,10 to 14,NonHispanic,308916
1986,Other,Male,15 to 19,NonHispanic,323922
1986,Other,Male,20 to 24,NonHispanic,339589
1986,Other,Male,25 to 29,NonHispanic,341291
1986,Other,Male,30 to 34,NonHispanic,351268
1986,Other,Male,35 to 39,NonHispanic,298482
1986,Other,Male,40 to 44,NonHispanic,227106
1986,Other,Male,45 to 49,NonHispanic,179146
1986,Other,Male,5 to 9,NonHispanic,305686
1986,Other,Male,50 to 54,NonHispanic,137561
1986,Other,Male,55 to 59,NonHispanic,110426
1986,Other,Male,60 to 64,NonHispanic,97201
1986,Other,Male,65 to 69,NonHispanic,73852
1986,Other,Male,70 to 74,NonHispanic,53482
1986,Other,Male,75 to 79,NonHispanic,35885
1986,Other,Male,80 to 84,NonHispanic,17683
1986,Other,Male,85 years and over,NonHispanic,11391
1986,Other,Male,Under 5,NonHispanic,341352
1986,White,Female,10 to 14,Hispanic,790802
1986,White,Female,15 to 19,Hispanic,811983
1986,White,Female,20 to 24,Hispanic,912042
1986,White,Female,25 to 29,Hispanic,897794
1986,White,Female,30 to 34,Hispanic,755718
1986,White,Female,35 to 39,Hispanic,610109
1986,White,Female,40 to 44,Hispanic,461006
1986,White,Female,45 to 49,Hispanic,370838
1986,White,Female,5 to 9,Hispanic,880291
1986,White,Female,50 to 54,Hispanic,315592
1986,White,Female,55 to 59,Hispanic,290281
1986,White,Female,60 to 64,Hispanic,233139
1986,White,Female,65 to 69,Hispanic,174883
1986,White,Female,70 to 74,Hispanic,133997
1986,White,Female,75 to 79,Hispanic,100662
1986,White,Female,80 to 84,Hispanic,61430
1986,White,Female,85 years and over,Hispanic,43359
1986,White,Female,Under 5,Hispanic,915714
1986,White,Female,10 to 14,NonHispanic,5680039
1986,White,Female,15 to 19,NonHispanic,6697115
1986,White,Female,20 to 24,NonHispanic,7544334
1986,White,Female,25 to 29,NonHispanic,8174966
1986,White,Female,30 to 34,NonHispanic,7827375
1986,White,Female,35 to 39,NonHispanic,7350209
1986,White,Female,40 to 44,NonHispanic,5785678
1986,White,Female,45 to 49,NonHispanic,4803603
1986,White,Female,5 to 9,NonHispanic,5852442
1986,White,Female,50 to 54,NonHispanic,4473016
1986,White,Female,55 to 59,NonHispanic,4819871
1986,White,Female,60 to 64,NonHispanic,4934284
1986,White,Female,65 to 69,NonHispanic,4528247
1986,White,Female,70 to 74,NonHispanic,3820092
1986,White,Female,75 to 79,NonHispanic,3034997
1986,White,Female,80 to 84,NonHispanic,2034950
1986,White,Female,85 years and over,NonHispanic,1763533
1986,White,Female,Under 5,NonHispanic,6171697
1986,White,Male,10 to 14,Hispanic,823903
1986,White,Male,15 to 19,Hispanic,880053
1986,White,Male,20 to 24,Hispanic,1061851
1986,White,Male,25 to 29,Hispanic,1031052
1986,White,Male,30 to 34,Hispanic,793383
1986,White,Male,35 to 39,Hispanic,608388
1986,White,Male,40 to 44,Hispanic,444243
1986,White,Male,45 to 49,Hispanic,354073
1986,White,Male,5 to 9,Hispanic,914185
1986,White,Male,50 to 54,Hispanic,292313
1986,White,Male,55 to 59,Hispanic,261149
1986,White,Male,60 to 64,Hispanic,205302
1986,White,Male,65 to 69,Hispanic,139451
1986,White,Male,70 to 74,Hispanic,94227
1986,White,Male,75 to 79,Hispanic,67316
1986,White,Male,80 to 84,Hispanic,39903
1986,White,Male,85 years and over,Hispanic,24256
1986,White,Male,Under 5,Hispanic,957372
1986,White,Male,10 to 14,NonHispanic,6002430
1986,White,Male,15 to 19,NonHispanic,6988807
1986,White,Male,20 to 24,NonHispanic,7674473
1986,White,Male,25 to 29,NonHispanic,8260553
1986,White,Male,30 to 34,NonHispanic,7873539
1986,White,Male,35 to 39,NonHispanic,7316714
1986,White,Male,40 to 44,NonHispanic,5706175
1986,White,Male,45 to 49,NonHispanic,4686609
1986,White,Male,5 to 9,NonHispanic,6185693
1986,White,Male,50 to 54,NonHispanic,4277496
1986,White,Male,55 to 59,NonHispanic,4442436
1986,White,Male,60 to 64,NonHispanic,4304248
1986,White,Male,65 to 69,NonHispanic,3719729
1986,White,Male,70 to 74,NonHispanic,2797937
1986,White,Male,75 to 79,NonHispanic,1907673
1986,White,Male,80 to 84,NonHispanic,1049666
1986,White,Male,85 years and over,NonHispanic,679452
1986,White,Male,Under 5,NonHispanic,6507589
1987,Black,Female,10 to 14,Hispanic,40277
1987,Black,Female,15 to 19,Hispanic,43914
1987,Black,Female,20 to 24,Hispanic,53090
1987,Black,Female,25 to 29,Hispanic,53011
1987,Black,Female,30 to 34,Hispanic,43654
1987,Black,Female,35 to 39,Hispanic,34543
1987,Black,Female,40 to 44,Hispanic,26964
1987,Black,Female,45 to 49,Hispanic,21757
1987,Black,Female,5 to 9,Hispanic,46717
1987,Black,Female,50 to 54,Hispanic,17200
1987,Black,Female,55 to 59,Hispanic,15318
1987,Black,Female,60 to 64,Hispanic,12435
1987,Black,Female,65 to 69,Hispanic,9852
1987,Black,Female,70 to 74,Hispanic,7062
1987,Black,Female,75 to 79,Hispanic,4799
1987,Black,Female,80 to 84,Hispanic,2523
1987,Black,Female,85 years and over,Hispanic,1920
1987,Black,Female,Under 5,Hispanic,51499
1987,Black,Female,10 to 14,NonHispanic,1203651
1987,Black,Female,15 to 19,NonHispanic,1329589
1987,Black,Female,20 to 24,NonHispanic,1376695
1987,Black,Female,25 to 29,NonHispanic,1408414
1987,Black,Female,30 to 34,NonHispanic,1314446
1987,Black,Female,35 to 39,NonHispanic,1113122
1987,Black,Female,40 to 44,NonHispanic,832582
1987,Black,Female,45 to 49,NonHispanic,698060
1987,Black,Female,5 to 9,NonHispanic,1266742
1987,Black,Female,50 to 54,NonHispanic,598643
1987,Black,Female,55 to 59,NonHispanic,571017
1987,Black,Female,60 to 64,NonHispanic,533791
1987,Black,Female,65 to 69,NonHispanic,465880
1987,Black,Female,70 to 74,NonHispanic,370722
1987,Black,Female,75 to 79,NonHispanic,284121
1987,Black,Female,80 to 84,NonHispanic,168674
1987,Black,Female,85 years and over,NonHispanic,141865
1987,Black,Female,Under 5,NonHispanic,1291436
1987,Black,Male,10 to 14,Hispanic,42279
1987,Black,Male,15 to 19,Hispanic,47089
1987,Black,Male,20 to 24,Hispanic,60037
1987,Black,Male,25 to 29,Hispanic,58234
1987,Black,Male,30 to 34,Hispanic,45047
1987,Black,Male,35 to 39,Hispanic,33804
1987,Black,Male,40 to 44,Hispanic,24192
1987,Black,Male,45 to 49,Hispanic,19384
1987,Black,Male,5 to 9,Hispanic,48499
1987,Black,Male,50 to 54,Hispanic,15227
1987,Black,Male,55 to 59,Hispanic,12571
1987,Black,Male,60 to 64,Hispanic,9705
1987,Black,Male,65 to 69,Hispanic,6950
1987,Black,Male,70 to 74,Hispanic,4541
1987,Black,Male,75 to 79,Hispanic,3092
1987,Black,Male,80 to 84,Hispanic,1658
1987,Black,Male,85 years and over,Hispanic,1306
1987,Black,Male,Under 5,Hispanic,53450
1987,Black,Male,10 to 14,NonHispanic,1228963
1987,Black,Male,15 to 19,NonHispanic,1344804
1987,Black,Male,20 to 24,NonHispanic,1298247
1987,Black,Male,25 to 29,NonHispanic,1261841
1987,Black,Male,30 to 34,NonHispanic,1141692
1987,Black,Male,35 to 39,NonHispanic,946690
1987,Black,Male,40 to 44,NonHispanic,702212
1987,Black,Male,45 to 49,NonHispanic,580579
1987,Black,Male,5 to 9,NonHispanic,1291774
1987,Black,Male,50 to 54,NonHispanic,490022
1987,Black,Male,55 to 59,NonHispanic,457840
1987,Black,Male,60 to 64,NonHispanic,407517
1987,Black,Male,65 to 69,NonHispanic,340477
1987,Black,Male,70 to 74,NonHispanic,244107
1987,Black,Male,75 to 79,NonHispanic,172093
1987,Black,Male,80 to 84,NonHispanic,90325
1987,Black,Male,85 years and over,NonHispanic,63085
1987,Black,Male,Under 5,NonHispanic,1319197
1987,Other,Female,10 to 14,Hispanic,24905
1987,Other,Female,15 to 19,Hispanic,26037
1987,Other,Female,20 to 24,Hispanic,28657
1987,Other,Female,25 to 29,Hispanic,29511
1987,Other,Female,30 to 34,Hispanic,26858
1987,Other,Female,35 to 39,Hispanic,20867
1987,Other,Female,40 to 44,Hispanic,16107
1987,Other,Female,45 to 49,Hispanic,11368
1987,Other,Female,5 to 9,Hispanic,28790
1987,Other,Female,50 to 54,Hispanic,8542
1987,Other,Female,55 to 59,Hispanic,7348
1987,Other,Female,60 to 64,Hispanic,6197
1987,Other,Female,65 to 69,Hispanic,4410
1987,Other,Female,70 to 74,Hispanic,3162
1987,Other,Female,75 to 79,Hispanic,2073
1987,Other,Female,80 to 84,Hispanic,1028
1987,Other,Female,85 years and over,Hispanic,759
1987,Other,Female,Under 5,Hispanic,29674
1987,Other,Female,10 to 14,NonHispanic,302048
1987,Other,Female,15 to 19,NonHispanic,317965
1987,Other,Female,20 to 24,NonHispanic,329744
1987,Other,Female,25 to 29,NonHispanic,377647
1987,Other,Female,30 to 34,NonHispanic,397827
1987,Other,Female,35 to 39,NonHispanic,357464
1987,Other,Female,40 to 44,NonHispanic,273958
1987,Other,Female,45 to 49,NonHispanic,198475
1987,Other,Female,5 to 9,NonHispanic,317278
1987,Other,Female,50 to 54,NonHispanic,161953
1987,Other,Female,55 to 59,NonHispanic,144768
1987,Other,Female,60 to 64,NonHispanic,125445
1987,Other,Female,65 to 69,NonHispanic,96783
1987,Other,Female,70 to 74,NonHispanic,68775
1987,Other,Female,75 to 79,NonHispanic,44982
1987,Other,Female,80 to 84,NonHispanic,23681
1987,Other,Female,85 years and over,NonHispanic,18317
1987,Other,Female,Under 5,NonHispanic,341827
1987,Other,Male,10 to 14,Hispanic,26124
1987,Other,Male,15 to 19,Hispanic,28116
1987,Other,Male,20 to 24,Hispanic,32480
1987,Other,Male,25 to 29,Hispanic,31533
1987,Other,Male,30 to 34,Hispanic,25712
1987,Other,Male,35 to 39,Hispanic,19614
1987,Other,Male,40 to 44,Hispanic,14837
1987,Other,Male,45 to 49,Hispanic,10631
1987,Other,Male,5 to 9,Hispanic,29871
1987,Other,Male,50 to 54,Hispanic,7783
1987,Other,Male,55 to 59,Hispanic,6212
1987,Other,Male,60 to 64,Hispanic,5019
1987,Other,Male,65 to 69,Hispanic,3378
1987,Other,Male,70 to 74,Hispanic,2635
1987,Other,Male,75 to 79,Hispanic,2184
1987,Other,Male,80 to 84,Hispanic,1235
1987,Other,Male,85 years and over,Hispanic,827
1987,Other,Male,Under 5,Hispanic,30673
1987,Other,Male,10 to 14,NonHispanic,315954
1987,Other,Male,15 to 19,NonHispanic,342593
1987,Other,Male,20 to 24,NonHispanic,350176
1987,Other,Male,25 to 29,NonHispanic,358677
1987,Other,Male,30 to 34,NonHispanic,369789
1987,Other,Male,35 to 39,NonHispanic,316654
1987,Other,Male,40 to 44,NonHispanic,247356
1987,Other,Male,45 to 49,NonHispanic,190763
1987,Other,Male,5 to 9,NonHispanic,326029
1987,Other,Male,50 to 54,NonHispanic,147339
1987,Other,Male,55 to 59,NonHispanic,116325
1987,Other,Male,60 to 64,NonHispanic,101255
1987,Other,Male,65 to 69,NonHispanic,79636
1987,Other,Male,70 to 74,NonHispanic,55700
1987,Other,Male,75 to 79,NonHispanic,37838
1987,Other,Male,80 to 84,NonHispanic,19170
1987,Other,Male,85 years and over,NonHispanic,12112
1987,Other,Male,Under 5,NonHispanic,352838
1987,White,Female,10 to 14,Hispanic,812259
1987,White,Female,15 to 19,Hispanic,834487
1987,White,Female,20 to 24,Hispanic,922034
1987,White,Female,25 to 29,Hispanic,927503
1987,White,Female,30 to 34,Hispanic,796209
1987,White,Female,35 to 39,Hispanic,638465
1987,White,Female,40 to 44,Hispanic,493831
1987,White,Female,45 to 49,Hispanic,385194
1987,White,Female,5 to 9,Hispanic,907170
1987,White,Female,50 to 54,Hispanic,324917
1987,White,Female,55 to 59,Hispanic,295655
1987,White,Female,60 to 64,Hispanic,243452
1987,White,Female,65 to 69,Hispanic,186795
1987,White,Female,70 to 74,Hispanic,137259
1987,White,Female,75 to 79,Hispanic,105874
1987,White,Female,80 to 84,Hispanic,65190
1987,White,Female,85 years and over,Hispanic,46104
1987,White,Female,Under 5,Hispanic,948795
1987,White,Female,10 to 14,NonHispanic,5604204
1987,White,Female,15 to 19,NonHispanic,6586910
1987,White,Female,20 to 24,NonHispanic,7260998
1987,White,Female,25 to 29,NonHispanic,8100168
1987,White,Female,30 to 34,NonHispanic,7966430
1987,White,Female,35 to 39,NonHispanic,7254124
1987,White,Female,40 to 44,NonHispanic,6287501
1987,White,Female,45 to 49,NonHispanic,4961180
1987,White,Female,5 to 9,NonHispanic,5945199
1987,White,Female,50 to 54,NonHispanic,4456236
1987,White,Female,55 to 59,NonHispanic,4710078
1987,White,Female,60 to 64,NonHispanic,4871480
1987,White,Female,65 to 69,NonHispanic,4601051
1987,White,Female,70 to 74,NonHispanic,3860253
1987,White,Female,75 to 79,NonHispanic,3095757
1987,White,Female,80 to 84,NonHispanic,2095861
1987,White,Female,85 years and over,NonHispanic,1815844
1987,White,Female,Under 5,NonHispanic,6152427
1987,White,Male,10 to 14,Hispanic,847241
1987,White,Male,15 to 19,Hispanic,915386
1987,White,Male,20 to 24,Hispanic,1078226
1987,White,Male,25 to 29,Hispanic,1073209
1987,White,Male,30 to 34,Hispanic,845250
1987,White,Male,35 to 39,Hispanic,642137
1987,White,Male,40 to 44,Hispanic,478953
1987,White,Male,45 to 49,Hispanic,368551
1987,White,Male,5 to 9,Hispanic,942633
1987,White,Male,50 to 54,Hispanic,300028
1987,White,Male,55 to 59,Hispanic,266793
1987,White,Male,60 to 64,Hispanic,211733
1987,White,Male,65 to 69,Hispanic,151179
1987,White,Male,70 to 74,Hispanic,96457
1987,White,Male,75 to 79,Hispanic,69524
1987,White,Male,80 to 84,Hispanic,41393
1987,White,Male,85 years and over,Hispanic,25740
1987,White,Male,Under 5,Hispanic,991688
1987,White,Male,10 to 14,NonHispanic,5928941
1987,White,Male,15 to 19,NonHispanic,6881416
1987,White,Male,20 to 24,NonHispanic,7401164
1987,White,Male,25 to 29,NonHispanic,8176843
1987,White,Male,30 to 34,NonHispanic,8011107
1987,White,Male,35 to 39,NonHispanic,7241309
1987,White,Male,40 to 44,NonHispanic,6209123
1987,White,Male,45 to 49,NonHispanic,4848214
1987,White,Male,5 to 9,NonHispanic,6279556
1987,White,Male,50 to 54,NonHispanic,4273834
1987,White,Male,55 to 59,NonHispanic,4364183
1987,White,Male,60 to 64,NonHispanic,4254551
1987,White,Male,65 to 69,NonHispanic,3788805
1987,White,Male,70 to 74,NonHispanic,2840811
1987,White,Male,75 to 79,NonHispanic,1959736
1987,White,Male,80 to 84,NonHispanic,1083645
1987,White,Male,85 years and over,NonHispanic,695151
1987,White,Male,Under 5,NonHispanic,6488701
1988,Black,Female,10 to 14,Hispanic,43533
1988,Black,Female,15 to 19,Hispanic,46565
1988,Black,Female,20 to 24,Hispanic,55502
1988,Black,Female,25 to 29,Hispanic,56197
1988,Black,Female,30 to 34,Hispanic,48176
1988,Black,Female,35 to 39,Hispanic,38499
1988,Black,Female,40 to 44,Hispanic,29641
1988,Black,Female,45 to 49,Hispanic,23392
1988,Black,Female,5 to 9,Hispanic,50296
1988,Black,Female,50 to 54,Hispanic,18468
1988,Black,Female,55 to 59,Hispanic,16135
1988,Black,Female,60 to 64,Hispanic,13240
1988,Black,Female,65 to 69,Hispanic,10586
1988,Black,Female,70 to 74,Hispanic,7383
1988,Black,Female,75 to 79,Hispanic,5233
1988,Black,Female,80 to 84,Hispanic,2686
1988,Black,Female,85 years and over,Hispanic,2112
1988,Black,Female,Under 5,Hispanic,56725
1988,Black,Female,10 to 14,NonHispanic,1205370
1988,Black,Female,15 to 19,NonHispanic,1322307
1988,Black,Female,20 to 24,NonHispanic,1346178
1988,Black,Female,25 to 29,NonHispanic,1410161
1988,Black,Female,30 to 34,NonHispanic,1348912
1988,Black,Female,35 to 39,NonHispanic,1151062
1988,Black,Female,40 to 44,NonHispanic,875190
1988,Black,Female,45 to 49,NonHispanic,716056
1988,Black,Female,5 to 9,NonHispanic,1283376
1988,Black,Female,50 to 54,NonHispanic,608155
1988,Black,Female,55 to 59,NonHispanic,567429
1988,Black,Female,60 to 64,NonHispanic,536585
1988,Black,Female,65 to 69,NonHispanic,474148
1988,Black,Female,70 to 74,NonHispanic,372200
1988,Black,Female,75 to 79,NonHispanic,290750
1988,Black,Female,80 to 84,NonHispanic,175076
1988,Black,Female,85 years and over,NonHispanic,146567
1988,Black,Female,Under 5,NonHispanic,1312734
1988,Black,Male,10 to 14,Hispanic,45782
1988,Black,Male,15 to 19,Hispanic,50550
1988,Black,Male,20 to 24,Hispanic,63600
1988,Black,Male,25 to 29,Hispanic,62806
1988,Black,Male,30 to 34,Hispanic,50588
1988,Black,Male,35 to 39,Hispanic,38200
1988,Black,Male,40 to 44,Hispanic,27616
1988,Black,Male,45 to 49,Hispanic,20993
1988,Black,Male,5 to 9,Hispanic,52194
1988,Black,Male,50 to 54,Hispanic,16313
1988,Black,Male,55 to 59,Hispanic,13313
1988,Black,Male,60 to 64,Hispanic,10288
1988,Black,Male,65 to 69,Hispanic,7343
1988,Black,Male,70 to 74,Hispanic,4728
1988,Black,Male,75 to 79,Hispanic,3205
1988,Black,Male,80 to 84,Hispanic,1676
1988,Black,Male,85 years and over,Hispanic,1286
1988,Black,Male,Under 5,Hispanic,58975
1988,Black,Male,10 to 14,NonHispanic,1230976
1988,Black,Male,15 to 19,NonHispanic,1340614
1988,Black,Male,20 to 24,NonHispanic,1268225
1988,Black,Male,25 to 29,NonHispanic,1263529
1988,Black,Male,30 to 34,NonHispanic,1172898
1988,Black,Male,35 to 39,NonHispanic,982325
1988,Black,Male,40 to 44,NonHispanic,740988
1988,Black,Male,45 to 49,NonHispanic,596959
1988,Black,Male,5 to 9,NonHispanic,1310706
1988,Black,Male,50 to 54,NonHispanic,497244
1988,Black,Male,55 to 59,NonHispanic,453089
1988,Black,Male,60 to 64,NonHispanic,408070
1988,Black,Male,65 to 69,NonHispanic,344620
1988,Black,Male,70 to 74,NonHispanic,245174
1988,Black,Male,75 to 79,NonHispanic,173779
1988,Black,Male,80 to 84,NonHispanic,92719
1988,Black,Male,85 years and over,NonHispanic,64096
1988,Black,Male,Under 5,NonHispanic,1340867
1988,Other,Female,10 to 14,Hispanic,27417
1988,Other,Female,15 to 19,Hispanic,28808
1988,Other,Female,20 to 24,Hispanic,30507
1988,Other,Female,25 to 29,Hispanic,32066
1988,Other,Female,30 to 34,Hispanic,29425
1988,Other,Female,35 to 39,Hispanic,23526
1988,Other,Female,40 to 44,Hispanic,18199
1988,Other,Female,45 to 49,Hispanic,12677
1988,Other,Female,5 to 9,Hispanic,31847
1988,Other,Female,50 to 54,Hispanic,9505
1988,Other,Female,55 to 59,Hispanic,8082
1988,Other,Female,60 to 64,Hispanic,6685
1988,Other,Female,65 to 69,Hispanic,5116
1988,Other,Female,70 to 74,Hispanic,3440
1988,Other,Female,75 to 79,Hispanic,2280
1988,Other,Female,80 to 84,Hispanic,1158
1988,Other,Female,85 years and over,Hispanic,965
1988,Other,Female,Under 5,Hispanic,33493
1988,Other,Female,10 to 14,NonHispanic,311269
1988,Other,Female,15 to 19,NonHispanic,334626
1988,Other,Female,20 to 24,NonHispanic,340194
1988,Other,Female,25 to 29,NonHispanic,393467
1988,Other,Female,30 to 34,NonHispanic,414492
1988,Other,Female,35 to 39,NonHispanic,376911
1988,Other,Female,40 to 44,NonHispanic,300241
1988,Other,Female,45 to 49,NonHispanic,214174
1988,Other,Female,5 to 9,NonHispanic,338796
1988,Other,Female,50 to 54,NonHispanic,170633
1988,Other,Female,55 to 59,NonHispanic,150992
1988,Other,Female,60 to 64,NonHispanic,132636
1988,Other,Female,65 to 69,NonHispanic,103770
1988,Other,Female,70 to 74,NonHispanic,72408
1988,Other,Female,75 to 79,NonHispanic,48058
1988,Other,Female,80 to 84,NonHispanic,24977
1988,Other,Female,85 years and over,NonHispanic,19421
1988,Other,Female,Under 5,NonHispanic,351743
1988,Other,Male,10 to 14,Hispanic,28799
1988,Other,Male,15 to 19,Hispanic,31582
1988,Other,Male,20 to 24,Hispanic,35286
1988,Other,Male,25 to 29,Hispanic,34754
1988,Other,Male,30 to 34,Hispanic,28723
1988,Other,Male,35 to 39,Hispanic,22360
1988,Other,Male,40 to 44,Hispanic,16911
1988,Other,Male,45 to 49,Hispanic,11803
1988,Other,Male,5 to 9,Hispanic,33010
1988,Other,Male,50 to 54,Hispanic,8754
1988,Other,Male,55 to 59,Hispanic,6951
1988,Other,Male,60 to 64,Hispanic,5523
1988,Other,Male,65 to 69,Hispanic,3844
1988,Other,Male,70 to 74,Hispanic,2730
1988,Other,Male,75 to 79,Hispanic,2233
1988,Other,Male,80 to 84,Hispanic,1380
1988,Other,Male,85 years and over,Hispanic,903
1988,Other,Male,Under 5,Hispanic,34630
1988,Other,Male,10 to 14,NonHispanic,324725
1988,Other,Male,15 to 19,NonHispanic,360037
1988,Other,Male,20 to 24,NonHispanic,361042
1988,Other,Male,25 to 29,NonHispanic,378300
1988,Other,Male,30 to 34,NonHispanic,385314
1988,Other,Male,35 to 39,NonHispanic,336176
1988,Other,Male,40 to 44,NonHispanic,268570
1988,Other,Male,45 to 49,NonHispanic,203630
1988,Other,Male,5 to 9,NonHispanic,348381
1988,Other,Male,50 to 54,NonHispanic,158607
1988,Other,Male,55 to 59,NonHispanic,122422
1988,Other,Male,60 to 64,NonHispanic,104722
1988,Other,Male,65 to 69,NonHispanic,85672
1988,Other,Male,70 to 74,NonHispanic,57856
1988,Other,Male,75 to 79,NonHispanic,39640
1988,Other,Male,80 to 84,NonHispanic,20799
1988,Other,Male,85 years and over,NonHispanic,12875
1988,Other,Male,Under 5,NonHispanic,364036
1988,White,Female,10 to 14,Hispanic,836056
1988,White,Female,15 to 19,Hispanic,858091
1988,White,Female,20 to 24,Hispanic,929678
1988,White,Female,25 to 29,Hispanic,957924
1988,White,Female,30 to 34,Hispanic,833914
1988,White,Female,35 to 39,Hispanic,669889
1988,White,Female,40 to 44,Hispanic,524561
1988,White,Female,45 to 49,Hispanic,403119
1988,White,Female,5 to 9,Hispanic,936356
1988,White,Female,50 to 54,Hispanic,336232
1988,White,Female,55 to 59,Hispanic,299715
1988,White,Female,60 to 64,Hispanic,254997
1988,White,Female,65 to 69,Hispanic,197789
1988,White,Female,70 to 74,Hispanic,141788
1988,White,Female,75 to 79,Hispanic,111563
1988,White,Female,80 to 84,Hispanic,68757
1988,White,Female,85 years and over,Hispanic,49318
1988,White,Female,Under 5,Hispanic,989045
1988,White,Female,10 to 14,NonHispanic,5619828
1988,White,Female,15 to 19,NonHispanic,6438615
1988,White,Female,20 to 24,NonHispanic,6987421
1988,White,Female,25 to 29,NonHispanic,7986820
1988,White,Female,30 to 34,NonHispanic,8071420
1988,White,Female,35 to 39,NonHispanic,7340347
1988,White,Female,40 to 44,NonHispanic,6469991
1988,White,Female,45 to 49,NonHispanic,5238124
1988,White,Female,5 to 9,NonHispanic,6030152
1988,White,Female,50 to 54,NonHispanic,4517663
1988,White,Female,55 to 59,NonHispanic,4566963
1988,White,Female,60 to 64,NonHispanic,4846190
1988,White,Female,65 to 69,NonHispanic,4623866
1988,White,Female,70 to 74,NonHispanic,3903921
1988,White,Female,75 to 79,NonHispanic,3149814
1988,White,Female,80 to 84,NonHispanic,2153938
1988,White,Female,85 years and over,NonHispanic,1856658
1988,White,Female,Under 5,NonHispanic,6142292
1988,White,Male,10 to 14,Hispanic,872446
1988,White,Male,15 to 19,Hispanic,952803
1988,White,Male,20 to 24,Hispanic,1100180
1988,White,Male,25 to 29,Hispanic,1108783
1988,White,Male,30 to 34,Hispanic,893817
1988,White,Male,35 to 39,Hispanic,681175
1988,White,Male,40 to 44,Hispanic,513265
1988,White,Male,45 to 49,Hispanic,385274
1988,White,Male,5 to 9,Hispanic,973860
1988,White,Male,50 to 54,Hispanic,311586
1988,White,Male,55 to 59,Hispanic,268750
1988,White,Male,60 to 64,Hispanic,219820
1988,White,Male,65 to 69,Hispanic,161476
1988,White,Male,70 to 74,Hispanic,100300
1988,White,Male,75 to 79,Hispanic,72074
1988,White,Male,80 to 84,Hispanic,42703
1988,White,Male,85 years and over,Hispanic,27424
1988,White,Male,Under 5,Hispanic,1032734
1988,White,Male,10 to 14,NonHispanic,5950036
1988,White,Male,15 to 19,NonHispanic,6731743
1988,White,Male,20 to 24,NonHispanic,7136724
1988,White,Male,25 to 29,NonHispanic,8054415
1988,White,Male,30 to 34,NonHispanic,8113232
1988,White,Male,35 to 39,NonHispanic,7332355
1988,White,Male,40 to 44,NonHispanic,6402438
1988,White,Male,45 to 49,NonHispanic,5128284
1988,White,Male,5 to 9,NonHispanic,6370328
1988,White,Male,50 to 54,NonHispanic,4341603
1988,White,Male,55 to 59,NonHispanic,4248601
1988,White,Male,60 to 64,NonHispanic,4252523
1988,White,Male,65 to 69,NonHispanic,3802955
1988,White,Male,70 to 74,NonHispanic,2893192
1988,White,Male,75 to 79,NonHispanic,2009255
1988,White,Male,80 to 84,NonHispanic,1118289
1988,White,Male,85 years and over,NonHispanic,703635
1988,White,Male,Under 5,NonHispanic,6478146
1989,Black,Female,10 to 14,Hispanic,47627
1989,Black,Female,15 to 19,Hispanic,49291
1989,Black,Female,20 to 24,Hispanic,56458
1989,Black,Female,25 to 29,Hispanic,58877
1989,Black,Female,30 to 34,Hispanic,52672
1989,Black,Female,35 to 39,Hispanic,42758
1989,Black,Female,40 to 44,Hispanic,32939
1989,Black,Female,45 to 49,Hispanic,25002
1989,Black,Female,5 to 9,Hispanic,53628
1989,Black,Female,50 to 54,Hispanic,19889
1989,Black,Female,55 to 59,Hispanic,16969
1989,Black,Female,60 to 64,Hispanic,14195
1989,Black,Female,65 to 69,Hispanic,11380
1989,Black,Female,70 to 74,Hispanic,7784
1989,Black,Female,75 to 79,Hispanic,5565
1989,Black,Female,80 to 84,Hispanic,2975
1989,Black,Female,85 years and over,Hispanic,2229
1989,Black,Female,Under 5,Hispanic,63454
1989,Black,Female,10 to 14,NonHispanic,1228055
1989,Black,Female,15 to 19,NonHispanic,1301638
1989,Black,Female,20 to 24,NonHispanic,1318451
1989,Black,Female,25 to 29,NonHispanic,1403158
1989,Black,Female,30 to 34,NonHispanic,1376841
1989,Black,Female,35 to 39,NonHispanic,1188138
1989,Black,Female,40 to 44,NonHispanic,930776
1989,Black,Female,45 to 49,NonHispanic,731163
1989,Black,Female,5 to 9,NonHispanic,1283198
1989,Black,Female,50 to 54,NonHispanic,619236
1989,Black,Female,55 to 59,NonHispanic,563119
1989,Black,Female,60 to 64,NonHispanic,537884
1989,Black,Female,65 to 69,NonHispanic,481896
1989,Black,Female,70 to 74,NonHispanic,374708
1989,Black,Female,75 to 79,NonHispanic,295831
1989,Black,Female,80 to 84,NonHispanic,181717
1989,Black,Female,85 years and over,NonHispanic,151208
1989,Black,Female,Under 5,NonHispanic,1355005
1989,Black,Male,10 to 14,Hispanic,49907
1989,Black,Male,15 to 19,Hispanic,54075
1989,Black,Male,20 to 24,Hispanic,65954
1989,Black,Male,25 to 29,Hispanic,66442
1989,Black,Male,30 to 34,Hispanic,56710
1989,Black,Male,35 to 39,Hispanic,43391
1989,Black,Male,40 to 44,Hispanic,31576
1989,Black,Male,45 to 49,Hispanic,22939
1989,Black,Male,5 to 9,Hispanic,55513
1989,Black,Male,50 to 54,Hispanic,17777
1989,Black,Male,55 to 59,Hispanic,14111
1989,Black,Male,60 to 64,Hispanic,11036
1989,Black,Male,65 to 69,Hispanic,7863
1989,Black,Male,70 to 74,Hispanic,5000
1989,Black,Male,75 to 79,Hispanic,3274
1989,Black,Male,80 to 84,Hispanic,1675
1989,Black,Male,85 years and over,Hispanic,1211
1989,Black,Male,Under 5,Hispanic,66051
1989,Black,Male,10 to 14,NonHispanic,1252816
1989,Black,Male,15 to 19,NonHispanic,1321532
1989,Black,Male,20 to 24,NonHispanic,1245154
1989,Black,Male,25 to 29,NonHispanic,1259621
1989,Black,Male,30 to 34,NonHispanic,1196572
1989,Black,Male,35 to 39,NonHispanic,1017610
1989,Black,Male,40 to 44,NonHispanic,789977
1989,Black,Male,45 to 49,NonHispanic,610962
1989,Black,Male,5 to 9,NonHispanic,1312474
1989,Black,Male,50 to 54,NonHispanic,505113
1989,Black,Male,55 to 59,NonHispanic,448258
1989,Black,Male,60 to 64,NonHispanic,407595
1989,Black,Male,65 to 69,NonHispanic,349246
1989,Black,Male,70 to 74,NonHispanic,247295
1989,Black,Male,75 to 79,NonHispanic,174787
1989,Black,Male,80 to 84,NonHispanic,95333
1989,Black,Male,85 years and over,NonHispanic,65152
1989,Black,Male,Under 5,NonHispanic,1383686
1989,Other,Female,10 to 14,Hispanic,30631
1989,Other,Female,15 to 19,Hispanic,31479
1989,Other,Female,20 to 24,Hispanic,32845
1989,Other,Female,25 to 29,Hispanic,34477
1989,Other,Female,30 to 34,Hispanic,31948
1989,Other,Female,35 to 39,Hispanic,26338
1989,Other,Female,40 to 44,Hispanic,20501
1989,Other,Female,45 to 49,Hispanic,14279
1989,Other,Female,5 to 9,Hispanic,35077
1989,Other,Female,50 to 54,Hispanic,10717
1989,Other,Female,55 to 59,Hispanic,8793
1989,Other,Female,60 to 64,Hispanic,7324
1989,Other,Female,65 to 69,Hispanic,5700
1989,Other,Female,70 to 74,Hispanic,3693
1989,Other,Female,75 to 79,Hispanic,2528
1989,Other,Female,80 to 84,Hispanic,1284
1989,Other,Female,85 years and over,Hispanic,1024
1989,Other,Female,Under 5,Hispanic,38462
1989,Other,Female,10 to 14,NonHispanic,324840
1989,Other,Female,15 to 19,NonHispanic,349580
1989,Other,Female,20 to 24,NonHispanic,356751
1989,Other,Female,25 to 29,NonHispanic,410374
1989,Other,Female,30 to 34,NonHispanic,431784
1989,Other,Female,35 to 39,NonHispanic,396113
1989,Other,Female,40 to 44,NonHispanic,328710
1989,Other,Female,45 to 49,NonHispanic,230745
1989,Other,Female,5 to 9,NonHispanic,355708
1989,Other,Female,50 to 54,NonHispanic,180459
1989,Other,Female,55 to 59,NonHispanic,156631
1989,Other,Female,60 to 64,NonHispanic,139775
1989,Other,Female,65 to 69,NonHispanic,111157
1989,Other,Female,70 to 74,NonHispanic,76135
1989,Other,Female,75 to 79,NonHispanic,51063
1989,Other,Female,80 to 84,NonHispanic,26422
1989,Other,Female,85 years and over,NonHispanic,20687
1989,Other,Female,Under 5,NonHispanic,366316
1989,Other,Male,10 to 14,Hispanic,32171
1989,Other,Male,15 to 19,Hispanic,35043
1989,Other,Male,20 to 24,Hispanic,38317
1989,Other,Male,25 to 29,Hispanic,38201
1989,Other,Male,30 to 34,Hispanic,31991
1989,Other,Male,35 to 39,Hispanic,25476
1989,Other,Male,40 to 44,Hispanic,19265
1989,Other,Male,45 to 49,Hispanic,13082
1989,Other,Male,5 to 9,Hispanic,36319
1989,Other,Male,50 to 54,Hispanic,9926
1989,Other,Male,55 to 59,Hispanic,7714
1989,Other,Male,60 to 64,Hispanic,6026
1989,Other,Male,65 to 69,Hispanic,4381
1989,Other,Male,70 to 74,Hispanic,2833
1989,Other,Male,75 to 79,Hispanic,2258
1989,Other,Male,80 to 84,Hispanic,1510
1989,Other,Male,85 years and over,Hispanic,1038
1989,Other,Male,Under 5,Hispanic,39784
1989,Other,Male,10 to 14,NonHispanic,339126
1989,Other,Male,15 to 19,NonHispanic,374974
1989,Other,Male,20 to 24,NonHispanic,377437
1989,Other,Male,25 to 29,NonHispanic,399793
1989,Other,Male,30 to 34,NonHispanic,401364
1989,Other,Male,35 to 39,NonHispanic,355191
1989,Other,Male,40 to 44,NonHispanic,292010
1989,Other,Male,45 to 49,NonHispanic,217113
1989,Other,Male,5 to 9,NonHispanic,365764
1989,Other,Male,50 to 54,NonHispanic,169779
1989,Other,Male,55 to 59,NonHispanic,129434
1989,Other,Male,60 to 64,NonHispanic,108758
1989,Other,Male,65 to 69,NonHispanic,91030
1989,Other,Male,70 to 74,NonHispanic,60528
1989,Other,Male,75 to 79,NonHispanic,41474
1989,Other,Male,80 to 84,NonHispanic,22335
1989,Other,Male,85 years and over,NonHispanic,13630
1989,Other,Male,Under 5,NonHispanic,380376
1989,White,Female,10 to 14,Hispanic,862675
1989,White,Female,15 to 19,Hispanic,876794
1989,White,Female,20 to 24,Hispanic,939028
1989,White,Female,25 to 29,Hispanic,980256
1989,White,Female,30 to 34,Hispanic,867051
1989,White,Female,35 to 39,Hispanic,704487
1989,White,Female,40 to 44,Hispanic,555426
1989,White,Female,45 to 49,Hispanic,422098
1989,White,Female,5 to 9,Hispanic,959090
1989,White,Female,50 to 54,Hispanic,348319
1989,White,Female,55 to 59,Hispanic,302999
1989,White,Female,60 to 64,Hispanic,266400
1989,White,Female,65 to 69,Hispanic,210627
1989,White,Female,70 to 74,Hispanic,146829
1989,White,Female,75 to 79,Hispanic,117034
1989,White,Female,80 to 84,Hispanic,72318
1989,White,Female,85 years and over,Hispanic,52833
1989,White,Female,Under 5,Hispanic,1047296
1989,White,Female,10 to 14,NonHispanic,5697183
1989,White,Female,15 to 19,NonHispanic,6231550
1989,White,Female,20 to 24,NonHispanic,6769849
1989,White,Female,25 to 29,NonHispanic,7853325
1989,White,Female,30 to 34,NonHispanic,8129202
1989,White,Female,35 to 39,NonHispanic,7464554
1989,White,Female,40 to 44,NonHispanic,6732298
1989,White,Female,45 to 49,NonHispanic,5419595
1989,White,Female,5 to 9,NonHispanic,6059687
1989,White,Female,50 to 54,NonHispanic,4590026
1989,White,Female,55 to 59,NonHispanic,4454658
1989,White,Female,60 to 64,NonHispanic,4769394
1989,White,Female,65 to 69,NonHispanic,4675500
1989,White,Female,70 to 74,NonHispanic,3934921
1989,White,Female,75 to 79,NonHispanic,3200307
1989,White,Female,80 to 84,NonHispanic,2214753
1989,White,Female,85 years and over,NonHispanic,1908625
1989,White,Female,Under 5,NonHispanic,6168664
1989,White,Male,10 to 14,Hispanic,902702
1989,White,Male,15 to 19,Hispanic,984380
1989,White,Male,20 to 24,Hispanic,1125929
1989,White,Male,25 to 29,Hispanic,1129473
1989,White,Male,30 to 34,Hispanic,936753
1989,White,Male,35 to 39,Hispanic,724679
1989,White,Male,40 to 44,Hispanic,549327
1989,White,Male,45 to 49,Hispanic,403712
1989,White,Male,5 to 9,Hispanic,997549
1989,White,Male,50 to 54,Hispanic,323080
1989,White,Male,55 to 59,Hispanic,271486
1989,White,Male,60 to 64,Hispanic,227858
1989,White,Male,65 to 69,Hispanic,173400
1989,White,Male,70 to 74,Hispanic,104847
1989,White,Male,75 to 79,Hispanic,74891
1989,White,Male,80 to 84,Hispanic,43999
1989,White,Male,85 years and over,Hispanic,29184
1989,White,Male,Under 5,Hispanic,1092687
1989,White,Male,10 to 14,NonHispanic,6029103
1989,White,Male,15 to 19,NonHispanic,6522767
1989,White,Male,20 to 24,NonHispanic,6931483
1989,White,Male,25 to 29,NonHispanic,7926209
1989,White,Male,30 to 34,NonHispanic,8163294
1989,White,Male,35 to 39,NonHispanic,7465864
1989,White,Male,40 to 44,NonHispanic,6677048
1989,White,Male,45 to 49,NonHispanic,5310551
1989,White,Male,5 to 9,NonHispanic,6402786
1989,White,Male,50 to 54,NonHispanic,4417628
1989,White,Male,55 to 59,NonHispanic,4159573
1989,White,Male,60 to 64,NonHispanic,4211008
1989,White,Male,65 to 69,NonHispanic,3840056
1989,White,Male,70 to 74,NonHispanic,2937293
1989,White,Male,75 to 79,NonHispanic,2058252
1989,White,Male,80 to 84,NonHispanic,1158325
1989,White,Male,85 years and over,NonHispanic,720923
1989,White,Male,Under 5,NonHispanic,6506277
1990,Black,Female,10 to 14,Hispanic,51437
1990,Black,Female,15 to 19,Hispanic,51646
1990,Black,Female,20 to 24,Hispanic,57958
1990,Black,Female,25 to 29,Hispanic,61212
1990,Black,Female,30 to 34,Hispanic,56483
1990,Black,Female,35 to 39,Hispanic,46567
1990,Black,Female,40 to 44,Hispanic,36324
1990,Black,Female,45 to 49,Hispanic,26296
1990,Black,Female,5 to 9,Hispanic,56885
1990,Black,Female,50 to 54,Hispanic,20916
1990,Black,Female,55 to 59,Hispanic,17384
1990,Black,Female,60 to 64,Hispanic,14714
1990,Black,Female,65 to 69,Hispanic,11531
1990,Black,Female,70 to 74,Hispanic,7943
1990,Black,Female,75 to 79,Hispanic,5642
1990,Black,Female,80 to 84,Hispanic,3068
1990,Black,Female,85 years and over,Hispanic,2089
1990,Black,Female,Under 5,Hispanic,69307
1990,Black,Female,10 to 14,NonHispanic,1263073
1990,Black,Female,15 to 19,NonHispanic,1291383
1990,Black,Female,20 to 24,NonHispanic,1298030
1990,Black,Female,25 to 29,NonHispanic,1394935
1990,Black,Female,30 to 34,NonHispanic,1398734
1990,Black,Female,35 to 39,NonHispanic,1229039
1990,Black,Female,40 to 44,NonHispanic,994330
1990,Black,Female,45 to 49,NonHispanic,746211
1990,Black,Female,5 to 9,NonHispanic,1288322
1990,Black,Female,50 to 54,NonHispanic,630590
1990,Black,Female,55 to 59,NonHispanic,564369
1990,Black,Female,60 to 64,NonHispanic,539731
1990,Black,Female,65 to 69,NonHispanic,487707
1990,Black,Female,70 to 74,NonHispanic,379542
1990,Black,Female,75 to 79,NonHispanic,300052
1990,Black,Female,80 to 84,NonHispanic,188321
1990,Black,Female,85 years and over,NonHispanic,156525
1990,Black,Female,Under 5,NonHispanic,1397163
1990,Black,Male,10 to 14,Hispanic,53551
1990,Black,Male,15 to 19,Hispanic,56792
1990,Black,Male,20 to 24,Hispanic,68776
1990,Black,Male,25 to 29,Hispanic,69390
1990,Black,Male,30 to 34,Hispanic,60975
1990,Black,Male,35 to 39,Hispanic,48351
1990,Black,Male,40 to 44,Hispanic,35251
1990,Black,Male,45 to 49,Hispanic,24552
1990,Black,Male,5 to 9,Hispanic,58652
1990,Black,Male,50 to 54,Hispanic,18836
1990,Black,Male,55 to 59,Hispanic,14472
1990,Black,Male,60 to 64,Hispanic,11325
1990,Black,Male,65 to 69,Hispanic,7926
1990,Black,Male,70 to 74,Hispanic,4915
1990,Black,Male,75 to 79,Hispanic,3146
1990,Black,Male,80 to 84,Hispanic,1519
1990,Black,Male,85 years and over,Hispanic,990
1990,Black,Male,Under 5,Hispanic,72332
1990,Black,Male,10 to 14,NonHispanic,1288405
1990,Black,Male,15 to 19,NonHispanic,1312672
1990,Black,Male,20 to 24,NonHispanic,1231578
1990,Black,Male,25 to 29,NonHispanic,1254327
1990,Black,Male,30 to 34,NonHispanic,1216718
1990,Black,Male,35 to 39,NonHispanic,1056519
1990,Black,Male,40 to 44,NonHispanic,847910
1990,Black,Male,45 to 49,NonHispanic,624253
1990,Black,Male,5 to 9,NonHispanic,1318813
1990,Black,Male,50 to 54,NonHispanic,515284
1990,Black,Male,55 to 59,NonHispanic,446810
1990,Black,Male,60 to 64,NonHispanic,408178
1990,Black,Male,65 to 69,NonHispanic,353219
1990,Black,Male,70 to 74,NonHispanic,249866
1990,Black,Male,75 to 79,NonHispanic,175940
1990,Black,Male,80 to 84,NonHispanic,97016
1990,Black,Male,85 years and over,NonHispanic,65691
1990,Black,Male,Under 5,NonHispanic,1427936
1990,Other,Female,10 to 14,Hispanic,33427
1990,Other,Female,15 to 19,Hispanic,32435
1990,Other,Female,20 to 24,Hispanic,34653
1990,Other,Female,25 to 29,Hispanic,35854
1990,Other,Female,30 to 34,Hispanic,33505
1990,Other,Female,35 to 39,Hispanic,28137
1990,Other,Female,40 to 44,Hispanic,21746
1990,Other,Female,45 to 49,Hispanic,15127
1990,Other,Female,5 to 9,Hispanic,37344
1990,Other,Female,50 to 54,Hispanic,11312
1990,Other,Female,55 to 59,Hispanic,8934
1990,Other,Female,60 to 64,Hispanic,7330
1990,Other,Female,65 to 69,Hispanic,5642
1990,Other,Female,70 to 74,Hispanic,3711
1990,Other,Female,75 to 79,Hispanic,2397
1990,Other,Female,80 to 84,Hispanic,1208
1990,Other,Female,85 years and over,Hispanic,832
1990,Other,Female,Under 5,Hispanic,41950
1990,Other,Female,10 to 14,NonHispanic,345234
1990,Other,Female,15 to 19,NonHispanic,361499
1990,Other,Female,20 to 24,NonHispanic,376455
1990,Other,Female,25 to 29,NonHispanic,425076
1990,Other,Female,30 to 34,NonHispanic,447956
1990,Other,Female,35 to 39,NonHispanic,414208
1990,Other,Female,40 to 44,NonHispanic,358883
1990,Other,Female,45 to 49,NonHispanic,249997
1990,Other,Female,5 to 9,NonHispanic,369167
1990,Other,Female,50 to 54,NonHispanic,192763
1990,Other,Female,55 to 59,NonHispanic,163520
1990,Other,Female,60 to 64,NonHispanic,147015
1990,Other,Female,65 to 69,NonHispanic,118219
1990,Other,Female,70 to 74,NonHispanic,81029
1990,Other,Female,75 to 79,NonHispanic,53720
1990,Other,Female,80 to 84,NonHispanic,27880
1990,Other,Female,85 years and over,NonHispanic,21724
1990,Other,Female,Under 5,NonHispanic,380319
1990,Other,Male,10 to 14,Hispanic,34751
1990,Other,Male,15 to 19,Hispanic,36388
1990,Other,Male,20 to 24,Hispanic,41489
1990,Other,Male,25 to 29,Hispanic,39734
1990,Other,Male,30 to 34,Hispanic,34359
1990,Other,Male,35 to 39,Hispanic,27836
1990,Other,Male,40 to 44,Hispanic,20722
1990,Other,Male,45 to 49,Hispanic,14048
1990,Other,Male,5 to 9,Hispanic,38712
1990,Other,Male,50 to 54,Hispanic,10380
1990,Other,Male,55 to 59,Hispanic,7842
1990,Other,Male,60 to 64,Hispanic,6049
1990,Other,Male,65 to 69,Hispanic,4379
1990,Other,Male,70 to 74,Hispanic,2673
1990,Other,Male,75 to 79,Hispanic,1897
1990,Other,Male,80 to 84,Hispanic,1257
1990,Other,Male,85 years and over,Hispanic,719
1990,Other,Male,Under 5,Hispanic,43617
1990,Other,Male,10 to 14,NonHispanic,358776
1990,Other,Male,15 to 19,NonHispanic,385922
1990,Other,Male,20 to 24,NonHispanic,397964
1990,Other,Male,25 to 29,NonHispanic,416822
1990,Other,Male,30 to 34,NonHispanic,417820
1990,Other,Male,35 to 39,NonHispanic,373496
1990,Other,Male,40 to 44,NonHispanic,316905
1990,Other,Male,45 to 49,NonHispanic,232496
1990,Other,Male,5 to 9,NonHispanic,379967
1990,Other,Male,50 to 54,NonHispanic,181559
1990,Other,Male,55 to 59,NonHispanic,137667
1990,Other,Male,60 to 64,NonHispanic,114024
1990,Other,Male,65 to 69,NonHispanic,95257
1990,Other,Male,70 to 74,NonHispanic,64259
1990,Other,Male,75 to 79,NonHispanic,43200
1990,Other,Male,80 to 84,NonHispanic,23623
1990,Other,Male,85 years and over,NonHispanic,14163
1990,Other,Male,Under 5,NonHispanic,396828
1990,White,Female,10 to 14,Hispanic,899685
1990,White,Female,15 to 19,Hispanic,898102
1990,White,Female,20 to 24,Hispanic,963018
1990,White,Female,25 to 29,Hispanic,1003482
1990,White,Female,30 to 34,Hispanic,904832
1990,White,Female,35 to 39,Hispanic,743278
1990,White,Female,40 to 44,Hispanic,593962
1990,White,Female,45 to 49,Hispanic,441625
1990,White,Female,5 to 9,Hispanic,980112
1990,White,Female,50 to 54,Hispanic,359861
1990,White,Female,55 to 59,Hispanic,309188
1990,White,Female,60 to 64,Hispanic,276908
1990,White,Female,65 to 69,Hispanic,222639
1990,White,Female,70 to 74,Hispanic,154893
1990,White,Female,75 to 79,Hispanic,121085
1990,White,Female,80 to 84,Hispanic,75785
1990,White,Female,85 years and over,Hispanic,56534
1990,White,Female,Under 5,Hispanic,1110917
1990,White,Female,10 to 14,NonHispanic,5802817
1990,White,Female,15 to 19,NonHispanic,6020444
1990,White,Female,20 to 24,NonHispanic,6666137
1990,White,Female,25 to 29,NonHispanic,7674231
1990,White,Female,30 to 34,NonHispanic,8175226
1990,White,Female,35 to 39,NonHispanic,7620198
1990,White,Female,40 to 44,NonHispanic,7008456
1990,White,Female,45 to 49,NonHispanic,5568018
1990,White,Female,5 to 9,NonHispanic,6091074
1990,White,Female,50 to 54,NonHispanic,4636183
1990,White,Female,55 to 59,NonHispanic,4407901
1990,White,Female,60 to 64,NonHispanic,4687413
1990,White,Female,65 to 69,NonHispanic,4719156
1990,White,Female,70 to 74,NonHispanic,3974056
1990,White,Female,75 to 79,NonHispanic,3253453
1990,White,Female,80 to 84,NonHispanic,2274691
1990,White,Female,85 years and over,NonHispanic,1970860
1990,White,Female,Under 5,NonHispanic,6207163
1990,White,Male,10 to 14,Hispanic,941881
1990,White,Male,15 to 19,Hispanic,1012163
1990,White,Male,20 to 24,Hispanic,1168142
1990,White,Male,25 to 29,Hispanic,1153600
1990,White,Male,30 to 34,Hispanic,985422
1990,White,Male,35 to 39,Hispanic,772913
1990,White,Male,40 to 44,Hispanic,591655
1990,White,Male,45 to 49,Hispanic,423957
1990,White,Male,5 to 9,Hispanic,1021171
1990,White,Male,50 to 54,Hispanic,334219
1990,White,Male,55 to 59,Hispanic,277297
1990,White,Male,60 to 64,Hispanic,237008
1990,White,Male,65 to 69,Hispanic,181996
1990,White,Male,70 to 74,Hispanic,112183
1990,White,Male,75 to 79,Hispanic,77313
1990,White,Male,80 to 84,Hispanic,45371
1990,White,Male,85 years and over,Hispanic,30467
1990,White,Male,Under 5,Hispanic,1158625
1990,White,Male,10 to 14,NonHispanic,6139850
1990,White,Male,15 to 19,NonHispanic,6312147
1990,White,Male,20 to 24,NonHispanic,6846186
1990,White,Male,25 to 29,NonHispanic,7748384
1990,White,Male,30 to 34,NonHispanic,8206743
1990,White,Male,35 to 39,NonHispanic,7629753
1990,White,Male,40 to 44,NonHispanic,6966798
1990,White,Male,45 to 49,NonHispanic,5462436
1990,White,Male,5 to 9,NonHispanic,6436527
1990,White,Male,50 to 54,NonHispanic,4465859
1990,White,Male,55 to 59,NonHispanic,4122775
1990,White,Male,60 to 64,NonHispanic,4173787
1990,White,Male,65 to 69,NonHispanic,3871252
1990,White,Male,70 to 74,NonHispanic,2989993
1990,White,Male,75 to 79,NonHispanic,2109151
1990,White,Male,80 to 84,NonHispanic,1196958
1990,White,Male,85 years and over,NonHispanic,739006
1990,White,Male,Under 5,NonHispanic,6550290
1991,Black,Female,10 to 14,Hispanic,53263
1991,Black,Female,15 to 19,Hispanic,51365
1991,Black,Female,20 to 24,Hispanic,58499
1991,Black,Female,25 to 29,Hispanic,62731
1991,Black,Female,30 to 34,Hispanic,57791
1991,Black,Female,35 to 39,Hispanic,48044
1991,Black,Female,40 to 44,Hispanic,37835
1991,Black,Female,45 to 49,Hispanic,27124
1991,Black,Female,5 to 9,Hispanic,59037
1991,Black,Female,50 to 54,Hispanic,21290
1991,Black,Female,55 to 59,Hispanic,17238
1991,Black,Female,60 to 64,Hispanic,14928
1991,Black,Female,65 to 69,Hispanic,11589
1991,Black,Female,70 to 74,Hispanic,8050
1991,Black,Female,75 to 79,Hispanic,5687
1991,Black,Female,80 to 84,Hispanic,3123
1991,Black,Female,85 years and over,Hispanic,2163
1991,Black,Female,Under 5,Hispanic,71974
1991,Black,Female,10 to 14,NonHispanic,1304254
1991,Black,Female,15 to 19,NonHispanic,1264130
1991,Black,Female,20 to 24,NonHispanic,1311914
1991,Black,Female,25 to 29,NonHispanic,1392575
1991,Black,Female,30 to 34,NonHispanic,1422267
1991,Black,Female,35 to 39,NonHispanic,1275422
1991,Black,Female,40 to 44,NonHispanic,1070455
1991,Black,Female,45 to 49,NonHispanic,764522
1991,Black,Female,5 to 9,NonHispanic,1317258
1991,Black,Female,50 to 54,NonHispanic,647293
1991,Black,Female,55 to 59,NonHispanic,568131
1991,Black,Female,60 to 64,NonHispanic,542475
1991,Black,Female,65 to 69,NonHispanic,489277
1991,Black,Female,70 to 74,NonHispanic,389670
1991,Black,Female,75 to 79,NonHispanic,301999
1991,Black,Female,80 to 84,NonHispanic,194477
1991,Black,Female,85 years and over,NonHispanic,165765
1991,Black,Female,Under 5,NonHispanic,1447389
1991,Black,Male,10 to 14,Hispanic,55619
1991,Black,Male,15 to 19,Hispanic,55084
1991,Black,Male,20 to 24,Hispanic,67536
1991,Black,Male,25 to 29,Hispanic,70027
1991,Black,Male,30 to 34,Hispanic,61813
1991,Black,Male,35 to 39,Hispanic,49648
1991,Black,Male,40 to 44,Hispanic,36759
1991,Black,Male,45 to 49,Hispanic,24929
1991,Black,Male,5 to 9,Hispanic,60595
1991,Black,Male,50 to 54,Hispanic,19189
1991,Black,Male,55 to 59,Hispanic,14374
1991,Black,Male,60 to 64,Hispanic,11631
1991,Black,Male,65 to 69,Hispanic,8046
1991,Black,Male,70 to 74,Hispanic,5033
1991,Black,Male,75 to 79,Hispanic,3123
1991,Black,Male,80 to 84,Hispanic,1526
1991,Black,Male,85 years and over,Hispanic,971
1991,Black,Male,Under 5,Hispanic,75449
1991,Black,Male,10 to 14,NonHispanic,1331855
1991,Black,Male,15 to 19,NonHispanic,1287143
1991,Black,Male,20 to 24,NonHispanic,1241868
1991,Black,Male,25 to 29,NonHispanic,1252605
1991,Black,Male,30 to 34,NonHispanic,1240018
1991,Black,Male,35 to 39,NonHispanic,1099816
1991,Black,Male,40 to 44,NonHispanic,914183
1991,Black,Male,45 to 49,NonHispanic,639868
1991,Black,Male,5 to 9,NonHispanic,1350601
1991,Black,Male,50 to 54,NonHispanic,530361
1991,Black,Male,55 to 59,NonHispanic,450808
1991,Black,Male,60 to 64,NonHispanic,413053
1991,Black,Male,65 to 69,NonHispanic,355899
1991,Black,Male,70 to 74,NonHispanic,257356
1991,Black,Male,75 to 79,NonHispanic,176321
1991,Black,Male,80 to 84,NonHispanic,98805
1991,Black,Male,85 years and over,NonHispanic,68013
1991,Black,Male,Under 5,NonHispanic,1479814
1991,Other,Female,10 to 14,Hispanic,35132
1991,Other,Female,15 to 19,Hispanic,31696
1991,Other,Female,20 to 24,Hispanic,35111
1991,Other,Female,25 to 29,Hispanic,35932
1991,Other,Female,30 to 34,Hispanic,34015
1991,Other,Female,35 to 39,Hispanic,28695
1991,Other,Female,40 to 44,Hispanic,22407
1991,Other,Female,45 to 49,Hispanic,15526
1991,Other,Female,5 to 9,Hispanic,38931
1991,Other,Female,50 to 54,Hispanic,11333
1991,Other,Female,55 to 59,Hispanic,8712
1991,Other,Female,60 to 64,Hispanic,7173
1991,Other,Female,65 to 69,Hispanic,5520
1991,Other,Female,70 to 74,Hispanic,3709
1991,Other,Female,75 to 79,Hispanic,2288
1991,Other,Female,80 to 84,Hispanic,1213
1991,Other,Female,85 years and over,Hispanic,833
1991,Other,Female,Under 5,Hispanic,42832
1991,Other,Female,10 to 14,NonHispanic,368003
1991,Other,Female,15 to 19,NonHispanic,363005
1991,Other,Female,20 to 24,NonHispanic,405366
1991,Other,Female,25 to 29,NonHispanic,444540
1991,Other,Female,30 to 34,NonHispanic,467766
1991,Other,Female,35 to 39,NonHispanic,435972
1991,Other,Female,40 to 44,NonHispanic,387180
1991,Other,Female,45 to 49,NonHispanic,270068
1991,Other,Female,5 to 9,NonHispanic,376505
1991,Other,Female,50 to 54,NonHispanic,206936
1991,Other,Female,55 to 59,NonHispanic,171249
1991,Other,Female,60 to 64,NonHispanic,154970
1991,Other,Female,65 to 69,NonHispanic,126227
1991,Other,Female,70 to 74,NonHispanic,87910
1991,Other,Female,75 to 79,NonHispanic,57886
1991,Other,Female,80 to 84,NonHispanic,30495
1991,Other,Female,85 years and over,NonHispanic,23597
1991,Other,Female,Under 5,NonHispanic,397005
1991,Other,Male,10 to 14,Hispanic,36276
1991,Other,Male,15 to 19,Hispanic,34647
1991,Other,Male,20 to 24,Hispanic,42289
1991,Other,Male,25 to 29,Hispanic,40074
1991,Other,Male,30 to 34,Hispanic,35145
1991,Other,Male,35 to 39,Hispanic,28611
1991,Other,Male,40 to 44,Hispanic,21326
1991,Other,Male,45 to 49,Hispanic,14532
1991,Other,Male,5 to 9,Hispanic,40263
1991,Other,Male,50 to 54,Hispanic,10420
1991,Other,Male,55 to 59,Hispanic,7710
1991,Other,Male,60 to 64,Hispanic,5955
1991,Other,Male,65 to 69,Hispanic,4282
1991,Other,Male,70 to 74,Hispanic,2649
1991,Other,Male,75 to 79,Hispanic,1733
1991,Other,Male,80 to 84,Hispanic,1145
1991,Other,Male,85 years and over,Hispanic,719
1991,Other,Male,Under 5,Hispanic,44826
1991,Other,Male,10 to 14,NonHispanic,381708
1991,Other,Male,15 to 19,NonHispanic,385048
1991,Other,Male,20 to 24,NonHispanic,426698
1991,Other,Male,25 to 29,NonHispanic,433415
1991,Other,Male,30 to 34,NonHispanic,442291
1991,Other,Male,35 to 39,NonHispanic,396420
1991,Other,Male,40 to 44,NonHispanic,340320
1991,Other,Male,45 to 49,NonHispanic,247528
1991,Other,Male,5 to 9,NonHispanic,389047
1991,Other,Male,50 to 54,NonHispanic,194528
1991,Other,Male,55 to 59,NonHispanic,146817
1991,Other,Male,60 to 64,NonHispanic,120631
1991,Other,Male,65 to 69,NonHispanic,99791
1991,Other,Male,70 to 74,NonHispanic,69715
1991,Other,Male,75 to 79,NonHispanic,46098
1991,Other,Male,80 to 84,NonHispanic,25295
1991,Other,Male,85 years and over,NonHispanic,15446
1991,Other,Male,Under 5,NonHispanic,415051
1991,White,Female,10 to 14,Hispanic,947723
1991,White,Female,15 to 19,Hispanic,917446
1991,White,Female,20 to 24,Hispanic,986469
1991,White,Female,25 to 29,Hispanic,1037616
1991,White,Female,30 to 34,Hispanic,958695
1991,White,Female,35 to 39,Hispanic,788937
1991,White,Female,40 to 44,Hispanic,636225
1991,White,Female,45 to 49,Hispanic,465321
1991,White,Female,5 to 9,Hispanic,1009086
1991,White,Female,50 to 54,Hispanic,374506
1991,White,Female,55 to 59,Hispanic,316319
1991,White,Female,60 to 64,Hispanic,286234
1991,White,Female,65 to 69,Hispanic,231625
1991,White,Female,70 to 74,Hispanic,164506
1991,White,Female,75 to 79,Hispanic,123346
1991,White,Female,80 to 84,Hispanic,79838
1991,White,Female,85 years and over,Hispanic,60226
1991,White,Female,Under 5,Hispanic,1181134
1991,White,Female,10 to 14,NonHispanic,5950541
1991,White,Female,15 to 19,NonHispanic,5779667
1991,White,Female,20 to 24,NonHispanic,6653985
1991,White,Female,25 to 29,NonHispanic,7437811
1991,White,Female,30 to 34,NonHispanic,8233371
1991,White,Female,35 to 39,NonHispanic,7791045
1991,White,Female,40 to 44,NonHispanic,7338995
1991,White,Female,45 to 49,NonHispanic,5658459
1991,White,Female,5 to 9,NonHispanic,6121234
1991,White,Female,50 to 54,NonHispanic,4746376
1991,White,Female,55 to 59,NonHispanic,4362462
1991,White,Female,60 to 64,NonHispanic,4639378
1991,White,Female,65 to 69,NonHispanic,4675546
1991,White,Female,70 to 74,NonHispanic,4059598
1991,White,Female,75 to 79,NonHispanic,3310414
1991,White,Female,80 to 84,NonHispanic,2330941
1991,White,Female,85 years and over,NonHispanic,2053551
1991,White,Female,Under 5,NonHispanic,6239338
1991,White,Male,10 to 14,Hispanic,994950
1991,White,Male,15 to 19,Hispanic,1019307
1991,White,Male,20 to 24,Hispanic,1196417
1991,White,Male,25 to 29,Hispanic,1208470
1991,White,Male,30 to 34,Hispanic,1058895
1991,White,Male,35 to 39,Hispanic,827497
1991,White,Male,40 to 44,Hispanic,638209
1991,White,Male,45 to 49,Hispanic,448460
1991,White,Male,5 to 9,Hispanic,1051564
1991,White,Male,50 to 54,Hispanic,349491
1991,White,Male,55 to 59,Hispanic,284371
1991,White,Male,60 to 64,Hispanic,246541
1991,White,Male,65 to 69,Hispanic,189171
1991,White,Male,70 to 74,Hispanic,120612
1991,White,Male,75 to 79,Hispanic,79153
1991,White,Male,80 to 84,Hispanic,46911
1991,White,Male,85 years and over,Hispanic,31991
1991,White,Male,Under 5,Hispanic,1230985
1991,White,Male,10 to 14,NonHispanic,6296631
1991,White,Male,15 to 19,NonHispanic,6081742
1991,White,Male,20 to 24,NonHispanic,6808273
1991,White,Male,25 to 29,NonHispanic,7507341
1991,White,Male,30 to 34,NonHispanic,8288798
1991,White,Male,35 to 39,NonHispanic,7807241
1991,White,Male,40 to 44,NonHispanic,7308224
1991,White,Male,45 to 49,NonHispanic,5552755
1991,White,Male,5 to 9,NonHispanic,6467009
1991,White,Male,50 to 54,NonHispanic,4579337
1991,White,Male,55 to 59,NonHispanic,4094598
1991,White,Male,60 to 64,NonHispanic,4160103
1991,White,Male,65 to 69,NonHispanic,3841393
1991,White,Male,70 to 74,NonHispanic,3086730
1991,White,Male,75 to 79,NonHispanic,2174020
1991,White,Male,80 to 84,NonHispanic,1232744
1991,White,Male,85 years and over,NonHispanic,765864
1991,White,Male,Under 5,NonHispanic,6582249
1992,Black,Female,10 to 14,Hispanic,55183
1992,Black,Female,15 to 19,Hispanic,52491
1992,Black,Female,20 to 24,Hispanic,58738
1992,Black,Female,25 to 29,Hispanic,64159
1992,Black,Female,30 to 34,Hispanic,59100
1992,Black,Female,35 to 39,Hispanic,49695
1992,Black,Female,40 to 44,Hispanic,38623
1992,Black,Female,45 to 49,Hispanic,28350
1992,Black,Female,5 to 9,Hispanic,61193
1992,Black,Female,50 to 54,Hispanic,21883
1992,Black,Female,55 to 59,Hispanic,17226
1992,Black,Female,60 to 64,Hispanic,14990
1992,Black,Female,65 to 69,Hispanic,11638
1992,Black,Female,70 to 74,Hispanic,8138
1992,Black,Female,75 to 79,Hispanic,5654
1992,Black,Female,80 to 84,Hispanic,3240
1992,Black,Female,85 years and over,Hispanic,2258
1992,Black,Female,Under 5,Hispanic,75203
1992,Black,Female,10 to 14,NonHispanic,1338533
1992,Black,Female,15 to 19,NonHispanic,1266110
1992,Black,Female,20 to 24,NonHispanic,1324744
1992,Black,Female,25 to 29,NonHispanic,1375519
1992,Black,Female,30 to 34,NonHispanic,1439487
1992,Black,Female,35 to 39,NonHispanic,1327014
1992,Black,Female,40 to 44,NonHispanic,1114635
1992,Black,Female,45 to 49,NonHispanic,813019
1992,Black,Female,5 to 9,NonHispanic,1347542
1992,Black,Female,50 to 54,NonHispanic,673929
1992,Black,Female,55 to 59,NonHispanic,574469
1992,Black,Female,60 to 64,NonHispanic,543691
1992,Black,Female,65 to 69,NonHispanic,491286
1992,Black,Female,70 to 74,NonHispanic,398716
1992,Black,Female,75 to 79,NonHispanic,307954
1992,Black,Female,80 to 84,NonHispanic,197585
1992,Black,Female,85 years and over,NonHispanic,174809
1992,Black,Female,Under 5,NonHispanic,1488867
1992,Black,Male,10 to 14,Hispanic,57650
1992,Black,Male,15 to 19,Hispanic,55381
1992,Black,Male,20 to 24,Hispanic,65696
1992,Black,Male,25 to 29,Hispanic,70198
1992,Black,Male,30 to 34,Hispanic,62572
1992,Black,Male,35 to 39,Hispanic,50927
1992,Black,Male,40 to 44,Hispanic,37306
1992,Black,Male,45 to 49,Hispanic,25900
1992,Black,Male,5 to 9,Hispanic,63101
1992,Black,Male,50 to 54,Hispanic,19705
1992,Black,Male,55 to 59,Hispanic,14348
1992,Black,Male,60 to 64,Hispanic,11668
1992,Black,Male,65 to 69,Hispanic,8301
1992,Black,Male,70 to 74,Hispanic,5098
1992,Black,Male,75 to 79,Hispanic,3165
1992,Black,Male,80 to 84,Hispanic,1536
1992,Black,Male,85 years and over,Hispanic,982
1992,Black,Male,Under 5,Hispanic,78717
1992,Black,Male,10 to 14,NonHispanic,1368909
1992,Black,Male,15 to 19,NonHispanic,1291789
1992,Black,Male,20 to 24,NonHispanic,1264073
1992,Black,Male,25 to 29,NonHispanic,1241199
1992,Black,Male,30 to 34,NonHispanic,1261070
1992,Black,Male,35 to 39,NonHispanic,1152514
1992,Black,Male,40 to 44,NonHispanic,952683
1992,Black,Male,45 to 49,NonHispanic,683085
1992,Black,Male,5 to 9,NonHispanic,1383553
1992,Black,Male,50 to 54,NonHispanic,555018
1992,Black,Male,55 to 59,NonHispanic,457175
1992,Black,Male,60 to 64,NonHispanic,415683
1992,Black,Male,65 to 69,NonHispanic,359133
1992,Black,Male,70 to 74,NonHispanic,263680
1992,Black,Male,75 to 79,NonHispanic,177944
1992,Black,Male,80 to 84,NonHispanic,100334
1992,Black,Male,85 years and over,NonHispanic,70385
1992,Black,Male,Under 5,NonHispanic,1523833
1992,Other,Female,10 to 14,Hispanic,37003
1992,Other,Female,15 to 19,Hispanic,31882
1992,Other,Female,20 to 24,Hispanic,35374
1992,Other,Female,25 to 29,Hispanic,36086
1992,Other,Female,30 to 34,Hispanic,34400
1992,Other,Female,35 to 39,Hispanic,29456
1992,Other,Female,40 to 44,Hispanic,22839
1992,Other,Female,45 to 49,Hispanic,16234
1992,Other,Female,5 to 9,Hispanic,40563
1992,Other,Female,50 to 54,Hispanic,11507
1992,Other,Female,55 to 59,Hispanic,8522
1992,Other,Female,60 to 64,Hispanic,7024
1992,Other,Female,65 to 69,Hispanic,5512
1992,Other,Female,70 to 74,Hispanic,3749
1992,Other,Female,75 to 79,Hispanic,2257
1992,Other,Female,80 to 84,Hispanic,1208
1992,Other,Female,85 years and over,Hispanic,877
1992,Other,Female,Under 5,Hispanic,44434
1992,Other,Female,10 to 14,NonHispanic,391381
1992,Other,Female,15 to 19,NonHispanic,369709
1992,Other,Female,20 to 24,NonHispanic,433107
1992,Other,Female,25 to 29,NonHispanic,464841
1992,Other,Female,30 to 34,NonHispanic,486113
1992,Other,Female,35 to 39,NonHispanic,460011
1992,Other,Female,40 to 44,NonHispanic,408181
1992,Other,Female,45 to 49,NonHispanic,298390
1992,Other,Female,5 to 9,NonHispanic,383190
1992,Other,Female,50 to 54,NonHispanic,223318
1992,Other,Female,55 to 59,NonHispanic,181768
1992,Other,Female,60 to 64,NonHispanic,162797
1992,Other,Female,65 to 69,NonHispanic,135073
1992,Other,Female,70 to 74,NonHispanic,95731
1992,Other,Female,75 to 79,NonHispanic,61919
1992,Other,Female,80 to 84,NonHispanic,33519
1992,Other,Female,85 years and over,NonHispanic,25468
1992,Other,Female,Under 5,NonHispanic,414609
1992,Other,Male,10 to 14,Hispanic,37985
1992,Other,Male,15 to 19,Hispanic,34420
1992,Other,Male,20 to 24,Hispanic,42457
1992,Other,Male,25 to 29,Hispanic,40559
1992,Other,Male,30 to 34,Hispanic,35810
1992,Other,Male,35 to 39,Hispanic,29498
1992,Other,Male,40 to 44,Hispanic,21851
1992,Other,Male,45 to 49,Hispanic,15155
1992,Other,Male,5 to 9,Hispanic,41827
1992,Other,Male,50 to 54,Hispanic,10506
1992,Other,Male,55 to 59,Hispanic,7617
1992,Other,Male,60 to 64,Hispanic,5852
1992,Other,Male,65 to 69,Hispanic,4261
1992,Other,Male,70 to 74,Hispanic,2712
1992,Other,Male,75 to 79,Hispanic,1629
1992,Other,Male,80 to 84,Hispanic,1069
1992,Other,Male,85 years and over,Hispanic,714
1992,Other,Male,Under 5,Hispanic,46572
1992,Other,Male,10 to 14,NonHispanic,405138
1992,Other,Male,15 to 19,NonHispanic,390045
1992,Other,Male,20 to 24,NonHispanic,454420
1992,Other,Male,25 to 29,NonHispanic,448612
1992,Other,Male,30 to 34,NonHispanic,462373
1992,Other,Male,35 to 39,NonHispanic,422654
1992,Other,Male,40 to 44,NonHispanic,358444
1992,Other,Male,45 to 49,NonHispanic,270201
1992,Other,Male,5 to 9,NonHispanic,397722
1992,Other,Male,50 to 54,NonHispanic,207382
1992,Other,Male,55 to 59,NonHispanic,158421
1992,Other,Male,60 to 64,NonHispanic,127407
1992,Other,Male,65 to 69,NonHispanic,104543
1992,Other,Male,70 to 74,NonHispanic,76265
1992,Other,Male,75 to 79,NonHispanic,48694
1992,Other,Male,80 to 84,NonHispanic,27035
1992,Other,Male,85 years and over,NonHispanic,16842
1992,Other,Male,Under 5,NonHispanic,433876
1992,White,Female,10 to 14,Hispanic,995267
1992,White,Female,15 to 19,Hispanic,955808
1992,White,Female,20 to 24,Hispanic,1007619
1992,White,Female,25 to 29,Hispanic,1075664
1992,White,Female,30 to 34,Hispanic,1009716
1992,White,Female,35 to 39,Hispanic,837502
1992,White,Female,40 to 44,Hispanic,664998
1992,White,Female,45 to 49,Hispanic,505355
1992,White,Female,5 to 9,Hispanic,1042843
1992,White,Female,50 to 54,Hispanic,391036
1992,White,Female,55 to 59,Hispanic,326845
1992,White,Female,60 to 64,Hispanic,291194
1992,White,Female,65 to 69,Hispanic,240404
1992,White,Female,70 to 74,Hispanic,174510
1992,White,Female,75 to 79,Hispanic,125516
1992,White,Female,80 to 84,Hispanic,83386
1992,White,Female,85 years and over,Hispanic,63874
1992,White,Female,Under 5,Hispanic,1262613
1992,White,Female,10 to 14,NonHispanic,6079925
1992,White,Female,15 to 19,NonHispanic,5712570
1992,White,Female,20 to 24,NonHispanic,6556993
1992,White,Female,25 to 29,NonHispanic,7174396
1992,White,Female,30 to 34,NonHispanic,8219197
1992,White,Female,35 to 39,NonHispanic,7955297
1992,White,Female,40 to 44,NonHispanic,7265423
1992,White,Female,45 to 49,NonHispanic,6182488
1992,White,Female,5 to 9,NonHispanic,6119696
1992,White,Female,50 to 54,NonHispanic,4910200
1992,White,Female,55 to 59,NonHispanic,4367600
1992,White,Female,60 to 64,NonHispanic,4544760
1992,White,Female,65 to 69,NonHispanic,4623830
1992,White,Female,70 to 74,NonHispanic,4152636
1992,White,Female,75 to 79,NonHispanic,3356909
1992,White,Female,80 to 84,NonHispanic,2383503
1992,White,Female,85 years and over,NonHispanic,2131751
1992,White,Female,Under 5,NonHispanic,6252031
1992,White,Male,10 to 14,Hispanic,1046611
1992,White,Male,15 to 19,Hispanic,1053714
1992,White,Male,20 to 24,Hispanic,1219876
1992,White,Male,25 to 29,Hispanic,1263245
1992,White,Male,30 to 34,Hispanic,1124777
1992,White,Male,35 to 39,Hispanic,886071
1992,White,Male,40 to 44,Hispanic,670972
1992,White,Male,45 to 49,Hispanic,488601
1992,White,Male,5 to 9,Hispanic,1086163
1992,White,Male,50 to 54,Hispanic,365481
1992,White,Male,55 to 59,Hispanic,294266
1992,White,Male,60 to 64,Hispanic,252204
1992,White,Male,65 to 69,Hispanic,195049
1992,White,Male,70 to 74,Hispanic,130548
1992,White,Male,75 to 79,Hispanic,80673
1992,White,Male,80 to 84,Hispanic,48363
1992,White,Male,85 years and over,Hispanic,33468
1992,White,Male,Under 5,Hispanic,1315679
1992,White,Male,10 to 14,NonHispanic,6432178
1992,White,Male,15 to 19,NonHispanic,6032321
1992,White,Male,20 to 24,NonHispanic,6724905
1992,White,Male,25 to 29,NonHispanic,7248139
1992,White,Male,30 to 34,NonHispanic,8299738
1992,White,Male,35 to 39,NonHispanic,7983760
1992,White,Male,40 to 44,NonHispanic,7235980
1992,White,Male,45 to 49,NonHispanic,6085920
1992,White,Male,5 to 9,NonHispanic,6463711
1992,White,Male,50 to 54,NonHispanic,4745055
1992,White,Male,55 to 59,NonHispanic,4112643
1992,White,Male,60 to 64,NonHispanic,4099888
1992,White,Male,65 to 69,NonHispanic,3816542
1992,White,Male,70 to 74,NonHispanic,3178664
1992,White,Male,75 to 79,NonHispanic,2228331
1992,White,Male,80 to 84,NonHispanic,1273892
1992,White,Male,85 years and over,NonHispanic,793232
1992,White,Male,Under 5,NonHispanic,6591607
1993,Black,Female,10 to 14,Hispanic,57175
1993,Black,Female,15 to 19,Hispanic,54327
1993,Black,Female,20 to 24,Hispanic,59431
1993,Black,Female,25 to 29,Hispanic,64948
1993,Black,Female,30 to 34,Hispanic,61271
1993,Black,Female,35 to 39,Hispanic,51262
1993,Black,Female,40 to 44,Hispanic,40066
1993,Black,Female,45 to 49,Hispanic,29364
1993,Black,Female,5 to 9,Hispanic,63958
1993,Black,Female,50 to 54,Hispanic,22539
1993,Black,Female,55 to 59,Hispanic,17363
1993,Black,Female,60 to 64,Hispanic,15004
1993,Black,Female,65 to 69,Hispanic,11775
1993,Black,Female,70 to 74,Hispanic,8230
1993,Black,Female,75 to 79,Hispanic,5601
1993,Black,Female,80 to 84,Hispanic,3347
1993,Black,Female,85 years and over,Hispanic,2364
1993,Black,Female,Under 5,Hispanic,78014
1993,Black,Female,10 to 14,NonHispanic,1370880
1993,Black,Female,15 to 19,NonHispanic,1279298
1993,Black,Female,20 to 24,NonHispanic,1326500
1993,Black,Female,25 to 29,NonHispanic,1359902
1993,Black,Female,30 to 34,NonHispanic,1453995
1993,Black,Female,35 to 39,NonHispanic,1374144
1993,Black,Female,40 to 44,NonHispanic,1156421
1993,Black,Female,45 to 49,NonHispanic,861054
1993,Black,Female,5 to 9,NonHispanic,1390404
1993,Black,Female,50 to 54,NonHispanic,698584
1993,Black,Female,55 to 59,NonHispanic,586925
1993,Black,Female,60 to 64,NonHispanic,543795
1993,Black,Female,65 to 69,NonHispanic,496449
1993,Black,Female,70 to 74,NonHispanic,405611
1993,Black,Female,75 to 79,NonHispanic,307348
1993,Black,Female,80 to 84,NonHispanic,206016
1993,Black,Female,85 years and over,NonHispanic,182972
1993,Black,Female,Under 5,NonHispanic,1516955
1993,Black,Male,10 to 14,Hispanic,59666
1993,Black,Male,15 to 19,Hispanic,56672
1993,Black,Male,20 to 24,Hispanic,64133
1993,Black,Male,25 to 29,Hispanic,69704
1993,Black,Male,30 to 34,Hispanic,63459
1993,Black,Male,35 to 39,Hispanic,52053
1993,Black,Male,40 to 44,Hispanic,38278
1993,Black,Male,45 to 49,Hispanic,26743
1993,Black,Male,5 to 9,Hispanic,66394
1993,Black,Male,50 to 54,Hispanic,20251
1993,Black,Male,55 to 59,Hispanic,14570
1993,Black,Male,60 to 64,Hispanic,11653
1993,Black,Male,65 to 69,Hispanic,8507
1993,Black,Male,70 to 74,Hispanic,5160
1993,Black,Male,75 to 79,Hispanic,3157
1993,Black,Male,80 to 84,Hispanic,1588
1993,Black,Male,85 years and over,Hispanic,999
1993,Black,Male,Under 5,Hispanic,81577
1993,Black,Male,10 to 14,NonHispanic,1405262
1993,Black,Male,15 to 19,NonHispanic,1305802
1993,Black,Male,20 to 24,NonHispanic,1265966
1993,Black,Male,25 to 29,NonHispanic,1224794
1993,Black,Male,30 to 34,NonHispanic,1277065
1993,Black,Male,35 to 39,NonHispanic,1198958
1993,Black,Male,40 to 44,NonHispanic,989657
1993,Black,Male,45 to 49,NonHispanic,724241
1993,Black,Male,5 to 9,NonHispanic,1427832
1993,Black,Male,50 to 54,NonHispanic,577789
1993,Black,Male,55 to 59,NonHispanic,468495
1993,Black,Male,60 to 64,NonHispanic,418547
1993,Black,Male,65 to 69,NonHispanic,363969
1993,Black,Male,70 to 74,NonHispanic,269239
1993,Black,Male,75 to 79,NonHispanic,178342
1993,Black,Male,80 to 84,NonHispanic,103305
1993,Black,Male,85 years and over,NonHispanic,72430
1993,Black,Male,Under 5,NonHispanic,1555186
1993,Other,Female,10 to 14,Hispanic,39044
1993,Other,Female,15 to 19,Hispanic,32920
1993,Other,Female,20 to 24,Hispanic,35859
1993,Other,Female,25 to 29,Hispanic,36208
1993,Other,Female,30 to 34,Hispanic,34965
1993,Other,Female,35 to 39,Hispanic,30491
1993,Other,Female,40 to 44,Hispanic,23351
1993,Other,Female,45 to 49,Hispanic,16939
1993,Other,Female,5 to 9,Hispanic,42712
1993,Other,Female,50 to 54,Hispanic,11839
1993,Other,Female,55 to 59,Hispanic,8508
1993,Other,Female,60 to 64,Hispanic,6924
1993,Other,Female,65 to 69,Hispanic,5447
1993,Other,Female,70 to 74,Hispanic,3825
1993,Other,Female,75 to 79,Hispanic,2246
1993,Other,Female,80 to 84,Hispanic,1221
1993,Other,Female,85 years and over,Hispanic,903
1993,Other,Female,Under 5,Hispanic,45649
1993,Other,Female,10 to 14,NonHispanic,416447
1993,Other,Female,15 to 19,NonHispanic,380548
1993,Other,Female,20 to 24,NonHispanic,457577
1993,Other,Female,25 to 29,NonHispanic,481962
1993,Other,Female,30 to 34,NonHispanic,507198
1993,Other,Female,35 to 39,NonHispanic,480638
1993,Other,Female,40 to 44,NonHispanic,431695
1993,Other,Female,45 to 49,NonHispanic,328068
1993,Other,Female,5 to 9,NonHispanic,391476
1993,Other,Female,50 to 54,NonHispanic,241374
1993,Other,Female,55 to 59,NonHispanic,192407
1993,Other,Female,60 to 64,NonHispanic,171050
1993,Other,Female,65 to 69,NonHispanic,143530
1993,Other,Female,70 to 74,NonHispanic,104661
1993,Other,Female,75 to 79,NonHispanic,65887
1993,Other,Female,80 to 84,NonHispanic,36787
1993,Other,Female,85 years and over,NonHispanic,27514
1993,Other,Female,Under 5,NonHispanic,427611
1993,Other,Male,10 to 14,Hispanic,39990
1993,Other,Male,15 to 19,Hispanic,35395
1993,Other,Male,20 to 24,Hispanic,42274
1993,Other,Male,25 to 29,Hispanic,41245
1993,Other,Male,30 to 34,Hispanic,36614
1993,Other,Male,35 to 39,Hispanic,30413
1993,Other,Male,40 to 44,Hispanic,22773
1993,Other,Male,45 to 49,Hispanic,15660
1993,Other,Male,5 to 9,Hispanic,44061
1993,Other,Male,50 to 54,Hispanic,10768
1993,Other,Male,55 to 59,Hispanic,7668
1993,Other,Male,60 to 64,Hispanic,5838
1993,Other,Male,65 to 69,Hispanic,4143
1993,Other,Male,70 to 74,Hispanic,2773
1993,Other,Male,75 to 79,Hispanic,1533
1993,Other,Male,80 to 84,Hispanic,1016
1993,Other,Male,85 years and over,Hispanic,730
1993,Other,Male,Under 5,Hispanic,47950
1993,Other,Male,10 to 14,NonHispanic,430290
1993,Other,Male,15 to 19,NonHispanic,399704
1993,Other,Male,20 to 24,NonHispanic,476055
1993,Other,Male,25 to 29,NonHispanic,459521
1993,Other,Male,30 to 34,NonHispanic,482318
1993,Other,Male,35 to 39,NonHispanic,445005
1993,Other,Male,40 to 44,NonHispanic,380083
1993,Other,Male,45 to 49,NonHispanic,293544
1993,Other,Male,5 to 9,NonHispanic,408333
1993,Other,Male,50 to 54,NonHispanic,222630
1993,Other,Male,55 to 59,NonHispanic,170230
1993,Other,Male,60 to 64,NonHispanic,134567
1993,Other,Male,65 to 69,NonHispanic,108631
1993,Other,Male,70 to 74,NonHispanic,83770
1993,Other,Male,75 to 79,NonHispanic,50678
1993,Other,Male,80 to 84,NonHispanic,28978
1993,Other,Male,85 years and over,NonHispanic,18182
1993,Other,Male,Under 5,NonHispanic,447936
1993,White,Female,10 to 14,Hispanic,1049295
1993,White,Female,15 to 19,Hispanic,999884
1993,White,Female,20 to 24,Hispanic,1043083
1993,White,Female,25 to 29,Hispanic,1104990
1993,White,Female,30 to 34,Hispanic,1068238
1993,White,Female,35 to 39,Hispanic,888141
1993,White,Female,40 to 44,Hispanic,706602
1993,White,Female,45 to 49,Hispanic,537222
1993,White,Female,5 to 9,Hispanic,1084918
1993,White,Female,50 to 54,Hispanic,415734
1993,White,Female,55 to 59,Hispanic,339647
1993,White,Female,60 to 64,Hispanic,295798
1993,White,Female,65 to 69,Hispanic,251027
1993,White,Female,70 to 74,Hispanic,185193
1993,White,Female,75 to 79,Hispanic,127313
1993,White,Female,80 to 84,Hispanic,87671
1993,White,Female,85 years and over,Hispanic,68002
1993,White,Female,Under 5,Hispanic,1334665
1993,White,Female,10 to 14,NonHispanic,6195909
1993,White,Female,15 to 19,NonHispanic,5749160
1993,White,Female,20 to 24,NonHispanic,6405316
1993,White,Female,25 to 29,NonHispanic,6925130
1993,White,Female,30 to 34,NonHispanic,8154583
1993,White,Female,35 to 39,NonHispanic,8097019
1993,White,Female,40 to 44,NonHispanic,7355307
1993,White,Female,45 to 49,NonHispanic,6377449
1993,White,Female,5 to 9,NonHispanic,6126860
1993,White,Female,50 to 54,NonHispanic,5201805
1993,White,Female,55 to 59,NonHispanic,4436121
1993,White,Female,60 to 64,NonHispanic,4423308
1993,White,Female,65 to 69,NonHispanic,4609034
1993,White,Female,70 to 74,NonHispanic,4204016
1993,White,Female,75 to 79,NonHispanic,3390625
1993,White,Female,80 to 84,NonHispanic,2438719
1993,White,Female,85 years and over,NonHispanic,2211872
1993,White,Female,Under 5,NonHispanic,6229559
1993,White,Male,10 to 14,Hispanic,1102448
1993,White,Male,15 to 19,Hispanic,1100444
1993,White,Male,20 to 24,Hispanic,1252735
1993,White,Male,25 to 29,Hispanic,1305756
1993,White,Male,30 to 34,Hispanic,1197268
1993,White,Male,35 to 39,Hispanic,945552
1993,White,Male,40 to 44,Hispanic,715836
1993,White,Male,45 to 49,Hispanic,521548
1993,White,Male,5 to 9,Hispanic,1130804
1993,White,Male,50 to 54,Hispanic,388637
1993,White,Male,55 to 59,Hispanic,306280
1993,White,Male,60 to 64,Hispanic,256344
1993,White,Male,65 to 69,Hispanic,203080
1993,White,Male,70 to 74,Hispanic,141208
1993,White,Male,75 to 79,Hispanic,82550
1993,White,Male,80 to 84,Hispanic,50226
1993,White,Male,85 years and over,Hispanic,34922
1993,White,Male,Under 5,Hispanic,1393102
1993,White,Male,10 to 14,NonHispanic,6554997
1993,White,Male,15 to 19,NonHispanic,6079699
1993,White,Male,20 to 24,NonHispanic,6560995
1993,White,Male,25 to 29,NonHispanic,6994733
1993,White,Male,30 to 34,NonHispanic,8246529
1993,White,Male,35 to 39,NonHispanic,8132919
1993,White,Male,40 to 44,NonHispanic,7324886
1993,White,Male,45 to 49,NonHispanic,6281492
1993,White,Male,5 to 9,NonHispanic,6468204
1993,White,Male,50 to 54,NonHispanic,5038675
1993,White,Male,55 to 59,NonHispanic,4188039
1993,White,Male,60 to 64,NonHispanic,4009390
1993,White,Male,65 to 69,NonHispanic,3838187
1993,White,Male,70 to 74,NonHispanic,3235154
1993,White,Male,75 to 79,NonHispanic,2271919
1993,White,Male,80 to 84,NonHispanic,1317553
1993,White,Male,85 years and over,NonHispanic,824676
1993,White,Male,Under 5,NonHispanic,6571071
1994,Black,Female,10 to 14,Hispanic,58678
1994,Black,Female,15 to 19,Hispanic,56106
1994,Black,Female,20 to 24,Hispanic,59948
1994,Black,Female,25 to 29,Hispanic,65363
1994,Black,Female,30 to 34,Hispanic,62908
1994,Black,Female,35 to 39,Hispanic,52607
1994,Black,Female,40 to 44,Hispanic,41440
1994,Black,Female,45 to 49,Hispanic,30692
1994,Black,Female,5 to 9,Hispanic,67170
1994,Black,Female,50 to 54,Hispanic,22982
1994,Black,Female,55 to 59,Hispanic,17715
1994,Black,Female,60 to 64,Hispanic,14815
1994,Black,Female,65 to 69,Hispanic,11906
1994,Black,Female,70 to 74,Hispanic,8371
1994,Black,Female,75 to 79,Hispanic,5697
1994,Black,Female,80 to 84,Hispanic,3370
1994,Black,Female,85 years and over,Hispanic,2469
1994,Black,Female,Under 5,Hispanic,80486
1994,Black,Female,10 to 14,NonHispanic,1387185
1994,Black,Female,15 to 19,NonHispanic,1313281
1994,Black,Female,20 to 24,NonHispanic,1324144
1994,Black,Female,25 to 29,NonHispanic,1337007
1994,Black,Female,30 to 34,NonHispanic,1463034
1994,Black,Female,35 to 39,NonHispanic,1413625
1994,Black,Female,40 to 44,NonHispanic,1200525
1994,Black,Female,45 to 49,NonHispanic,920065
1994,Black,Female,5 to 9,NonHispanic,1452039
1994,Black,Female,50 to 54,NonHispanic,723771
1994,Black,Female,55 to 59,NonHispanic,603707
1994,Black,Female,60 to 64,NonHispanic,542656
1994,Black,Female,65 to 69,NonHispanic,500912
1994,Black,Female,70 to 74,NonHispanic,409694
1994,Black,Female,75 to 79,NonHispanic,310015
1994,Black,Female,80 to 84,NonHispanic,212964
1994,Black,Female,85 years and over,NonHispanic,189781
1994,Black,Female,Under 5,NonHispanic,1519989
1994,Black,Male,10 to 14,Hispanic,60708
1994,Black,Male,15 to 19,Hispanic,58932
1994,Black,Male,20 to 24,Hispanic,62402
1994,Black,Male,25 to 29,Hispanic,68907
1994,Black,Male,30 to 34,Hispanic,64075
1994,Black,Male,35 to 39,Hispanic,52917
1994,Black,Male,40 to 44,Hispanic,39205
1994,Black,Male,45 to 49,Hispanic,27940
1994,Black,Male,5 to 9,Hispanic,69847
1994,Black,Male,50 to 54,Hispanic,20460
1994,Black,Male,55 to 59,Hispanic,14895
1994,Black,Male,60 to 64,Hispanic,11628
1994,Black,Male,65 to 69,Hispanic,8691
1994,Black,Male,70 to 74,Hispanic,5261
1994,Black,Male,75 to 79,Hispanic,3194
1994,Black,Male,80 to 84,Hispanic,1640
1994,Black,Male,85 years and over,Hispanic,1010
1994,Black,Male,Under 5,Hispanic,84335
1994,Black,Male,10 to 14,NonHispanic,1423758
1994,Black,Male,15 to 19,NonHispanic,1340244
1994,Black,Male,20 to 24,NonHispanic,1262514
1994,Black,Male,25 to 29,NonHispanic,1203515
1994,Black,Male,30 to 34,NonHispanic,1288977
1994,Black,Male,35 to 39,NonHispanic,1235377
1994,Black,Male,40 to 44,NonHispanic,1030164
1994,Black,Male,45 to 49,NonHispanic,776230
1994,Black,Male,5 to 9,NonHispanic,1492836
1994,Black,Male,50 to 54,NonHispanic,600405
1994,Black,Male,55 to 59,NonHispanic,481328
1994,Black,Male,60 to 64,NonHispanic,420019
1994,Black,Male,65 to 69,NonHispanic,370941
1994,Black,Male,70 to 74,NonHispanic,268896
1994,Black,Male,75 to 79,NonHispanic,182275
1994,Black,Male,80 to 84,NonHispanic,104977
1994,Black,Male,85 years and over,NonHispanic,74177
1994,Black,Male,Under 5,NonHispanic,1559184
1994,Other,Female,10 to 14,Hispanic,40507
1994,Other,Female,15 to 19,Hispanic,34409
1994,Other,Female,20 to 24,Hispanic,35837
1994,Other,Female,25 to 29,Hispanic,36561
1994,Other,Female,30 to 34,Hispanic,35605
1994,Other,Female,35 to 39,Hispanic,31142
1994,Other,Female,40 to 44,Hispanic,24151
1994,Other,Female,45 to 49,Hispanic,17568
1994,Other,Female,5 to 9,Hispanic,45650
1994,Other,Female,50 to 54,Hispanic,12069
1994,Other,Female,55 to 59,Hispanic,8604
1994,Other,Female,60 to 64,Hispanic,6848
1994,Other,Female,65 to 69,Hispanic,5464
1994,Other,Female,70 to 74,Hispanic,3892
1994,Other,Female,75 to 79,Hispanic,2237
1994,Other,Female,80 to 84,Hispanic,1229
1994,Other,Female,85 years and over,Hispanic,957
1994,Other,Female,Under 5,Hispanic,46540
1994,Other,Female,10 to 14,NonHispanic,434172
1994,Other,Female,15 to 19,NonHispanic,395058
1994,Other,Female,20 to 24,NonHispanic,472157
1994,Other,Female,25 to 29,NonHispanic,498652
1994,Other,Female,30 to 34,NonHispanic,522865
1994,Other,Female,35 to 39,NonHispanic,500563
1994,Other,Female,40 to 44,NonHispanic,451657
1994,Other,Female,45 to 49,NonHispanic,359279
1994,Other,Female,5 to 9,NonHispanic,401902
1994,Other,Female,50 to 54,NonHispanic,259952
1994,Other,Female,55 to 59,NonHispanic,203134
1994,Other,Female,60 to 64,NonHispanic,177712
1994,Other,Female,65 to 69,NonHispanic,151870
1994,Other,Female,70 to 74,NonHispanic,112344
1994,Other,Female,75 to 79,NonHispanic,70770
1994,Other,Female,80 to 84,NonHispanic,40251
1994,Other,Female,85 years and over,NonHispanic,29648
1994,Other,Female,Under 5,NonHispanic,439440
1994,Other,Male,10 to 14,Hispanic,41495
1994,Other,Male,15 to 19,Hispanic,36944
1994,Other,Male,20 to 24,Hispanic,41849
1994,Other,Male,25 to 29,Hispanic,42052
1994,Other,Male,30 to 34,Hispanic,37310
1994,Other,Male,35 to 39,Hispanic,31224
1994,Other,Male,40 to 44,Hispanic,23862
1994,Other,Male,45 to 49,Hispanic,16301
1994,Other,Male,5 to 9,Hispanic,47015
1994,Other,Male,50 to 54,Hispanic,10992
1994,Other,Male,55 to 59,Hispanic,7865
1994,Other,Male,60 to 64,Hispanic,5799
1994,Other,Male,65 to 69,Hispanic,4075
1994,Other,Male,70 to 74,Hispanic,2844
1994,Other,Male,75 to 79,Hispanic,1530
1994,Other,Male,80 to 84,Hispanic,953
1994,Other,Male,85 years and over,Hispanic,725
1994,Other,Male,Under 5,Hispanic,48934
1994,Other,Male,10 to 14,NonHispanic,448149
1994,Other,Male,15 to 19,NonHispanic,413685
1994,Other,Male,20 to 24,NonHispanic,488947
1994,Other,Male,25 to 29,NonHispanic,471204
1994,Other,Male,30 to 34,NonHispanic,495418
1994,Other,Male,35 to 39,NonHispanic,464888
1994,Other,Male,40 to 44,NonHispanic,399214
1994,Other,Male,45 to 49,NonHispanic,318186
1994,Other,Male,5 to 9,NonHispanic,421162
1994,Other,Male,50 to 54,NonHispanic,237840
1994,Other,Male,55 to 59,NonHispanic,182169
1994,Other,Male,60 to 64,NonHispanic,141780
1994,Other,Male,65 to 69,NonHispanic,113217
1994,Other,Male,70 to 74,NonHispanic,89676
1994,Other,Male,75 to 79,NonHispanic,53298
1994,Other,Male,80 to 84,NonHispanic,30838
1994,Other,Male,85 years and over,NonHispanic,19595
1994,Other,Male,Under 5,NonHispanic,460335
1994,White,Female,10 to 14,Hispanic,1096565
1994,White,Female,15 to 19,Hispanic,1047334
1994,White,Female,20 to 24,Hispanic,1075277
1994,White,Female,25 to 29,Hispanic,1134634
1994,White,Female,30 to 34,Hispanic,1124752
1994,White,Female,35 to 39,Hispanic,938689
1994,White,Female,40 to 44,Hispanic,748677
1994,White,Female,45 to 49,Hispanic,574644
1994,White,Female,5 to 9,Hispanic,1137455
1994,White,Female,50 to 54,Hispanic,437811
1994,White,Female,55 to 59,Hispanic,354626
1994,White,Female,60 to 64,Hispanic,300555
1994,White,Female,65 to 69,Hispanic,261025
1994,White,Female,70 to 74,Hispanic,195435
1994,White,Female,75 to 79,Hispanic,130601
1994,White,Female,80 to 84,Hispanic,91252
1994,White,Female,85 years and over,Hispanic,71499
1994,White,Female,Under 5,Hispanic,1402614
1994,White,Female,10 to 14,NonHispanic,6248728
1994,White,Female,15 to 19,NonHispanic,5842842
1994,White,Female,20 to 24,NonHispanic,6200402
1994,White,Female,25 to 29,NonHispanic,6734836
1994,White,Female,30 to 34,NonHispanic,8063742
1994,White,Female,35 to 39,NonHispanic,8183282
1994,White,Female,40 to 44,NonHispanic,7497207
1994,White,Female,45 to 49,NonHispanic,6642447
1994,White,Female,5 to 9,NonHispanic,6180315
1994,White,Female,50 to 54,NonHispanic,5394842
1994,White,Female,55 to 59,NonHispanic,4530960
1994,White,Female,60 to 64,NonHispanic,4327296
1994,White,Female,65 to 69,NonHispanic,4548799
1994,White,Female,70 to 74,NonHispanic,4249191
1994,White,Female,75 to 79,NonHispanic,3428187
1994,White,Female,80 to 84,NonHispanic,2487522
1994,White,Female,85 years and over,NonHispanic,2280454
1994,White,Female,Under 5,NonHispanic,6166032
1994,White,Male,10 to 14,Hispanic,1150435
1994,White,Male,15 to 19,Hispanic,1159903
1994,White,Male,20 to 24,Hispanic,1280252
1994,White,Male,25 to 29,Hispanic,1349362
1994,White,Male,30 to 34,Hispanic,1268339
1994,White,Male,35 to 39,Hispanic,1005013
1994,White,Male,40 to 44,Hispanic,761850
1994,White,Male,45 to 49,Hispanic,560315
1994,White,Male,5 to 9,Hispanic,1185522
1994,White,Male,50 to 54,Hispanic,409962
1994,White,Male,55 to 59,Hispanic,319614
1994,White,Male,60 to 64,Hispanic,260543
1994,White,Male,65 to 69,Hispanic,210206
1994,White,Male,70 to 74,Hispanic,151524
1994,White,Male,75 to 79,Hispanic,85657
1994,White,Male,80 to 84,Hispanic,51919
1994,White,Male,85 years and over,Hispanic,36116
1994,White,Male,Under 5,Hispanic,1466147
1994,White,Male,10 to 14,NonHispanic,6610906
1994,White,Male,15 to 19,NonHispanic,6177071
1994,White,Male,20 to 24,NonHispanic,6352335
1994,White,Male,25 to 29,NonHispanic,6797472
1994,White,Male,30 to 34,NonHispanic,8162964
1994,White,Male,35 to 39,NonHispanic,8225280
1994,White,Male,40 to 44,NonHispanic,7466307
1994,White,Male,45 to 49,NonHispanic,6546903
1994,White,Male,5 to 9,NonHispanic,6523766
1994,White,Male,50 to 54,NonHispanic,5231105
1994,White,Male,55 to 59,NonHispanic,4284349
1994,White,Male,60 to 64,NonHispanic,3940520
1994,White,Male,65 to 69,NonHispanic,3820620
1994,White,Male,70 to 74,NonHispanic,3284937
1994,White,Male,75 to 79,NonHispanic,2318101
1994,White,Male,80 to 84,NonHispanic,1361503
1994,White,Male,85 years and over,NonHispanic,854601
1994,White,Male,Under 5,NonHispanic,6502826
1995,Black,Female,10 to 14,Hispanic,60404
1995,Black,Female,15 to 19,Hispanic,58282
1995,Black,Female,20 to 24,Hispanic,60799
1995,Black,Female,25 to 29,Hispanic,65790
1995,Black,Female,30 to 34,Hispanic,63950
1995,Black,Female,35 to 39,Hispanic,53653
1995,Black,Female,40 to 44,Hispanic,42777
1995,Black,Female,45 to 49,Hispanic,32284
1995,Black,Female,5 to 9,Hispanic,70952
1995,Black,Female,50 to 54,Hispanic,23537
1995,Black,Female,55 to 59,Hispanic,17823
1995,Black,Female,60 to 64,Hispanic,14868
1995,Black,Female,65 to 69,Hispanic,11979
1995,Black,Female,70 to 74,Hispanic,8504
1995,Black,Female,75 to 79,Hispanic,5783
1995,Black,Female,80 to 84,Hispanic,3436
1995,Black,Female,85 years and over,Hispanic,2574
1995,Black,Female,Under 5,Hispanic,82366
1995,Black,Female,10 to 14,NonHispanic,1397817
1995,Black,Female,15 to 19,NonHispanic,1357261
1995,Black,Female,20 to 24,NonHispanic,1311158
1995,Black,Female,25 to 29,NonHispanic,1330655
1995,Black,Female,30 to 34,NonHispanic,1461979
1995,Black,Female,35 to 39,NonHispanic,1445037
1995,Black,Female,40 to 44,NonHispanic,1244206
1995,Black,Female,45 to 49,NonHispanic,984181
1995,Black,Female,5 to 9,NonHispanic,1509247
1995,Black,Female,50 to 54,NonHispanic,749725
1995,Black,Female,55 to 59,NonHispanic,618985
1995,Black,Female,60 to 64,NonHispanic,546247
1995,Black,Female,65 to 69,NonHispanic,506396
1995,Black,Female,70 to 74,NonHispanic,411919
1995,Black,Female,75 to 79,NonHispanic,316089
1995,Black,Female,80 to 84,NonHispanic,216697
1995,Black,Female,85 years and over,NonHispanic,198232
1995,Black,Female,Under 5,NonHispanic,1505174
1995,Black,Male,10 to 14,Hispanic,62175
1995,Black,Male,15 to 19,Hispanic,61253
1995,Black,Male,20 to 24,Hispanic,61082
1995,Black,Male,25 to 29,Hispanic,68046
1995,Black,Male,30 to 34,Hispanic,64308
1995,Black,Male,35 to 39,Hispanic,53179
1995,Black,Male,40 to 44,Hispanic,40182
1995,Black,Male,45 to 49,Hispanic,29348
1995,Black,Male,5 to 9,Hispanic,74002
1995,Black,Male,50 to 54,Hispanic,20722
1995,Black,Male,55 to 59,Hispanic,15120
1995,Black,Male,60 to 64,Hispanic,11640
1995,Black,Male,65 to 69,Hispanic,8926
1995,Black,Male,70 to 74,Hispanic,5340
1995,Black,Male,75 to 79,Hispanic,3335
1995,Black,Male,80 to 84,Hispanic,1636
1995,Black,Male,85 years and over,Hispanic,1021
1995,Black,Male,Under 5,Hispanic,86174
1995,Black,Male,10 to 14,NonHispanic,1436802
1995,Black,Male,15 to 19,NonHispanic,1385318
1995,Black,Male,20 to 24,NonHispanic,1250952
1995,Black,Male,25 to 29,NonHispanic,1198705
1995,Black,Male,30 to 34,NonHispanic,1290925
1995,Black,Male,35 to 39,NonHispanic,1267394
1995,Black,Male,40 to 44,NonHispanic,1070086
1995,Black,Male,45 to 49,NonHispanic,833138
1995,Black,Male,5 to 9,NonHispanic,1551587
1995,Black,Male,50 to 54,NonHispanic,623293
1995,Black,Male,55 to 59,NonHispanic,496163
1995,Black,Male,60 to 64,NonHispanic,423564
1995,Black,Male,65 to 69,NonHispanic,375775
1995,Black,Male,70 to 74,NonHispanic,269869
1995,Black,Male,75 to 79,NonHispanic,188477
1995,Black,Male,80 to 84,NonHispanic,105479
1995,Black,Male,85 years and over,NonHispanic,76847
1995,Black,Male,Under 5,NonHispanic,1544677
1995,Other,Female,10 to 14,Hispanic,41844
1995,Other,Female,15 to 19,Hispanic,36171
1995,Other,Female,20 to 24,Hispanic,35912
1995,Other,Female,25 to 29,Hispanic,37140
1995,Other,Female,30 to 34,Hispanic,35789
1995,Other,Female,35 to 39,Hispanic,32035
1995,Other,Female,40 to 44,Hispanic,25111
1995,Other,Female,45 to 49,Hispanic,18315
1995,Other,Female,5 to 9,Hispanic,48721
1995,Other,Female,50 to 54,Hispanic,12514
1995,Other,Female,55 to 59,Hispanic,8693
1995,Other,Female,60 to 64,Hispanic,6830
1995,Other,Female,65 to 69,Hispanic,5469
1995,Other,Female,70 to 74,Hispanic,3938
1995,Other,Female,75 to 79,Hispanic,2331
1995,Other,Female,80 to 84,Hispanic,1197
1995,Other,Female,85 years and over,Hispanic,996
1995,Other,Female,Under 5,Hispanic,47381
1995,Other,Female,10 to 14,NonHispanic,447937
1995,Other,Female,15 to 19,NonHispanic,415099
1995,Other,Female,20 to 24,NonHispanic,482032
1995,Other,Female,25 to 29,NonHispanic,523464
1995,Other,Female,30 to 34,NonHispanic,537010
1995,Other,Female,35 to 39,NonHispanic,520869
1995,Other,Female,40 to 44,NonHispanic,472101
1995,Other,Female,45 to 49,NonHispanic,391653
1995,Other,Female,5 to 9,NonHispanic,415985
1995,Other,Female,50 to 54,NonHispanic,279864
1995,Other,Female,55 to 59,NonHispanic,215319
1995,Other,Female,60 to 64,NonHispanic,184431
1995,Other,Female,65 to 69,NonHispanic,159502
1995,Other,Female,70 to 74,NonHispanic,119895
1995,Other,Female,75 to 79,NonHispanic,76086
1995,Other,Female,80 to 84,NonHispanic,43962
1995,Other,Female,85 years and over,NonHispanic,32118
1995,Other,Female,Under 5,NonHispanic,448092
1995,Other,Male,10 to 14,Hispanic,42763
1995,Other,Male,15 to 19,Hispanic,38871
1995,Other,Male,20 to 24,Hispanic,41371
1995,Other,Male,25 to 29,Hispanic,43421
1995,Other,Male,30 to 34,Hispanic,37775
1995,Other,Male,35 to 39,Hispanic,32261
1995,Other,Male,40 to 44,Hispanic,24928
1995,Other,Male,45 to 49,Hispanic,17181
1995,Other,Male,5 to 9,Hispanic,50453
1995,Other,Male,50 to 54,Hispanic,11408
1995,Other,Male,55 to 59,Hispanic,8025
1995,Other,Male,60 to 64,Hispanic,5776
1995,Other,Male,65 to 69,Hispanic,4146
1995,Other,Male,70 to 74,Hispanic,2867
1995,Other,Male,75 to 79,Hispanic,1523
1995,Other,Male,80 to 84,Hispanic,902
1995,Other,Male,85 years and over,Hispanic,732
1995,Other,Male,Under 5,Hispanic,49758
1995,Other,Male,10 to 14,NonHispanic,463026
1995,Other,Male,15 to 19,NonHispanic,433160
1995,Other,Male,20 to 24,NonHispanic,496835
1995,Other,Male,25 to 29,NonHispanic,492349
1995,Other,Male,30 to 34,NonHispanic,505148
1995,Other,Male,35 to 39,NonHispanic,483805
1995,Other,Male,40 to 44,NonHispanic,419484
1995,Other,Male,45 to 49,NonHispanic,343599
1995,Other,Male,5 to 9,NonHispanic,437794
1995,Other,Male,50 to 54,NonHispanic,255143
1995,Other,Male,55 to 59,NonHispanic,194139
1995,Other,Male,60 to 64,NonHispanic,149882
1995,Other,Male,65 to 69,NonHispanic,118883
1995,Other,Male,70 to 74,NonHispanic,94326
1995,Other,Male,75 to 79,NonHispanic,56727
1995,Other,Male,80 to 84,NonHispanic,33079
1995,Other,Male,85 years and over,NonHispanic,21075
1995,Other,Male,Under 5,NonHispanic,467883
1995,White,Female,10 to 14,Hispanic,1137067
1995,White,Female,15 to 19,Hispanic,1098057
1995,White,Female,20 to 24,Hispanic,1114639
1995,White,Female,25 to 29,Hispanic,1166656
1995,White,Female,30 to 34,Hispanic,1171465
1995,White,Female,35 to 39,Hispanic,989966
1995,White,Female,40 to 44,Hispanic,794964
1995,White,Female,45 to 49,Hispanic,616056
1995,White,Female,5 to 9,Hispanic,1204770
1995,White,Female,50 to 54,Hispanic,463698
1995,White,Female,55 to 59,Hispanic,366407
1995,White,Female,60 to 64,Hispanic,310013
1995,White,Female,65 to 69,Hispanic,270660
1995,White,Female,70 to 74,Hispanic,206238
1995,White,Female,75 to 79,Hispanic,135959
1995,White,Female,80 to 84,Hispanic,94261
1995,White,Female,85 years and over,Hispanic,75328
1995,White,Female,Under 5,Hispanic,1455255
1995,White,Female,10 to 14,NonHispanic,6281140
1995,White,Female,15 to 19,NonHispanic,5964261
1995,White,Female,20 to 24,NonHispanic,5981393
1995,White,Female,25 to 29,NonHispanic,6648898
1995,White,Female,30 to 34,NonHispanic,7888096
1995,White,Female,35 to 39,NonHispanic,8250507
1995,White,Female,40 to 44,NonHispanic,7650583
1995,White,Female,45 to 49,NonHispanic,6923249
1995,White,Female,5 to 9,NonHispanic,6235354
1995,White,Female,50 to 54,NonHispanic,5571565
1995,White,Female,55 to 59,NonHispanic,4576775
1995,White,Female,60 to 64,NonHispanic,4294958
1995,White,Female,65 to 69,NonHispanic,4482988
1995,White,Female,70 to 74,NonHispanic,4283443
1995,White,Female,75 to 79,NonHispanic,3465677
1995,White,Female,80 to 84,NonHispanic,2544447
1995,White,Female,85 years and over,NonHispanic,2347888
1995,White,Female,Under 5,NonHispanic,6043769
1995,White,Male,10 to 14,Hispanic,1191347
1995,White,Male,15 to 19,Hispanic,1225253
1995,White,Male,20 to 24,Hispanic,1321841
1995,White,Male,25 to 29,Hispanic,1393982
1995,White,Male,30 to 34,Hispanic,1330957
1995,White,Male,35 to 39,Hispanic,1067431
1995,White,Male,40 to 44,Hispanic,815250
1995,White,Male,45 to 49,Hispanic,603069
1995,White,Male,5 to 9,Hispanic,1255297
1995,White,Male,50 to 54,Hispanic,435752
1995,White,Male,55 to 59,Hispanic,330602
1995,White,Male,60 to 64,Hispanic,268741
1995,White,Male,65 to 69,Hispanic,219263
1995,White,Male,70 to 74,Hispanic,159658
1995,White,Male,75 to 79,Hispanic,90376
1995,White,Male,80 to 84,Hispanic,53941
1995,White,Male,85 years and over,Hispanic,37515
1995,White,Male,Under 5,Hispanic,1524269
1995,White,Male,10 to 14,NonHispanic,6644727
1995,White,Male,15 to 19,NonHispanic,6301012
1995,White,Male,20 to 24,NonHispanic,6142200
1995,White,Male,25 to 29,NonHispanic,6710830
1995,White,Male,30 to 34,NonHispanic,7984785
1995,White,Male,35 to 39,NonHispanic,8295483
1995,White,Male,40 to 44,NonHispanic,7619476
1995,White,Male,45 to 49,NonHispanic,6831668
1995,White,Male,5 to 9,NonHispanic,6584009
1995,White,Male,50 to 54,NonHispanic,5409277
1995,White,Male,55 to 59,NonHispanic,4334247
1995,White,Male,60 to 64,NonHispanic,3920774
1995,White,Male,65 to 69,NonHispanic,3812498
1995,White,Male,70 to 74,NonHispanic,3323606
1995,White,Male,75 to 79,NonHispanic,2365519
1995,White,Male,80 to 84,NonHispanic,1415575
1995,White,Male,85 years and over,NonHispanic,886396
1995,White,Male,Under 5,NonHispanic,6371707
1996,Black,Female,10 to 14,Hispanic,62187
1996,Black,Female,15 to 19,Hispanic,60303
1996,Black,Female,20 to 24,Hispanic,61619
1996,Black,Female,25 to 29,Hispanic,66818
1996,Black,Female,30 to 34,Hispanic,64854
1996,Black,Female,35 to 39,Hispanic,54535
1996,Black,Female,40 to 44,Hispanic,43996
1996,Black,Female,45 to 49,Hispanic,33671
1996,Black,Female,5 to 9,Hispanic,74221
1996,Black,Female,50 to 54,Hispanic,24271
1996,Black,Female,55 to 59,Hispanic,17994
1996,Black,Female,60 to 64,Hispanic,14818
1996,Black,Female,65 to 69,Hispanic,12061
1996,Black,Female,70 to 74,Hispanic,8620
1996,Black,Female,75 to 79,Hispanic,5893
1996,Black,Female,80 to 84,Hispanic,3530
1996,Black,Female,85 years and over,Hispanic,2705
1996,Black,Female,Under 5,Hispanic,83700
1996,Black,Female,10 to 14,NonHispanic,1419870
1996,Black,Female,15 to 19,NonHispanic,1396775
1996,Black,Female,20 to 24,NonHispanic,1284681
1996,Black,Female,25 to 29,NonHispanic,1345023
1996,Black,Female,30 to 34,NonHispanic,1456707
1996,Black,Female,35 to 39,NonHispanic,1468582
1996,Black,Female,40 to 44,NonHispanic,1288408
1996,Black,Female,45 to 49,NonHispanic,1060321
1996,Black,Female,5 to 9,NonHispanic,1563269
1996,Black,Female,50 to 54,NonHispanic,769286
1996,Black,Female,55 to 59,NonHispanic,633733
1996,Black,Female,60 to 64,NonHispanic,549829
1996,Black,Female,65 to 69,NonHispanic,509919
1996,Black,Female,70 to 74,NonHispanic,415648
1996,Black,Female,75 to 79,NonHispanic,325241
1996,Black,Female,80 to 84,NonHispanic,218636
1996,Black,Female,85 years and over,NonHispanic,205546
1996,Black,Female,Under 5,NonHispanic,1477590
1996,Black,Male,10 to 14,Hispanic,63819
1996,Black,Male,15 to 19,Hispanic,63571
1996,Black,Male,20 to 24,Hispanic,60537
1996,Black,Male,25 to 29,Hispanic,66960
1996,Black,Male,30 to 34,Hispanic,63923
1996,Black,Male,35 to 39,Hispanic,53145
1996,Black,Male,40 to 44,Hispanic,41124
1996,Black,Male,45 to 49,Hispanic,30713
1996,Black,Male,5 to 9,Hispanic,77373
1996,Black,Male,50 to 54,Hispanic,21213
1996,Black,Male,55 to 59,Hispanic,15330
1996,Black,Male,60 to 64,Hispanic,11551
1996,Black,Male,65 to 69,Hispanic,9010
1996,Black,Male,70 to 74,Hispanic,5464
1996,Black,Male,75 to 79,Hispanic,3480
1996,Black,Male,80 to 84,Hispanic,1657
1996,Black,Male,85 years and over,Hispanic,1061
1996,Black,Male,Under 5,Hispanic,87591
1996,Black,Male,10 to 14,NonHispanic,1461341
1996,Black,Male,15 to 19,NonHispanic,1425330
1996,Black,Male,20 to 24,NonHispanic,1225251
1996,Black,Male,25 to 29,NonHispanic,1211390
1996,Black,Male,30 to 34,NonHispanic,1292503
1996,Black,Male,35 to 39,NonHispanic,1290342
1996,Black,Male,40 to 44,NonHispanic,1112614
1996,Black,Male,45 to 49,NonHispanic,900507
1996,Black,Male,5 to 9,NonHispanic,1607816
1996,Black,Male,50 to 54,NonHispanic,640947
1996,Black,Male,55 to 59,NonHispanic,509261
1996,Black,Male,60 to 64,NonHispanic,427448
1996,Black,Male,65 to 69,NonHispanic,378649
1996,Black,Male,70 to 74,NonHispanic,272851
1996,Black,Male,75 to 79,NonHispanic,194902
1996,Black,Male,80 to 84,NonHispanic,106326
1996,Black,Male,85 years and over,NonHispanic,78584
1996,Black,Male,Under 5,NonHispanic,1517034
1996,Other,Female,10 to 14,Hispanic,43349
1996,Other,Female,15 to 19,Hispanic,38558
1996,Other,Female,20 to 24,Hispanic,36563
1996,Other,Female,25 to 29,Hispanic,37943
1996,Other,Female,30 to 34,Hispanic,36266
1996,Other,Female,35 to 39,Hispanic,33175
1996,Other,Female,40 to 44,Hispanic,26077
1996,Other,Female,45 to 49,Hispanic,19291
1996,Other,Female,5 to 9,Hispanic,50270
1996,Other,Female,50 to 54,Hispanic,13061
1996,Other,Female,55 to 59,Hispanic,8929
1996,Other,Female,60 to 64,Hispanic,6909
1996,Other,Female,65 to 69,Hispanic,5543
1996,Other,Female,70 to 74,Hispanic,4014
1996,Other,Female,75 to 79,Hispanic,2398
1996,Other,Female,80 to 84,Hispanic,1243
1996,Other,Female,85 years and over,Hispanic,1045
1996,Other,Female,Under 5,Hispanic,49917
1996,Other,Female,10 to 14,NonHispanic,459123
1996,Other,Female,15 to 19,NonHispanic,439525
1996,Other,Female,20 to 24,NonHispanic,487298
1996,Other,Female,25 to 29,NonHispanic,553129
1996,Other,Female,30 to 34,NonHispanic,550253
1996,Other,Female,35 to 39,NonHispanic,539639
1996,Other,Female,40 to 44,NonHispanic,496361
1996,Other,Female,45 to 49,NonHispanic,423438
1996,Other,Female,5 to 9,NonHispanic,435983
1996,Other,Female,50 to 54,NonHispanic,301855
1996,Other,Female,55 to 59,NonHispanic,229076
1996,Other,Female,60 to 64,NonHispanic,191789
1996,Other,Female,65 to 69,NonHispanic,166667
1996,Other,Female,70 to 74,NonHispanic,127207
1996,Other,Female,75 to 79,NonHispanic,82313
1996,Other,Female,80 to 84,NonHispanic,47822
1996,Other,Female,85 years and over,NonHispanic,34884
1996,Other,Female,Under 5,NonHispanic,453562
1996,Other,Male,10 to 14,Hispanic,44204
1996,Other,Male,15 to 19,Hispanic,41414
1996,Other,Male,20 to 24,Hispanic,41543
1996,Other,Male,25 to 29,Hispanic,44861
1996,Other,Male,30 to 34,Hispanic,38338
1996,Other,Male,35 to 39,Hispanic,33453
1996,Other,Male,40 to 44,Hispanic,26182
1996,Other,Male,45 to 49,Hispanic,18164
1996,Other,Male,5 to 9,Hispanic,52307
1996,Other,Male,50 to 54,Hispanic,12180
1996,Other,Male,55 to 59,Hispanic,8254
1996,Other,Male,60 to 64,Hispanic,5842
1996,Other,Male,65 to 69,Hispanic,4247
1996,Other,Male,70 to 74,Hispanic,2925
1996,Other,Male,75 to 79,Hispanic,1583
1996,Other,Male,80 to 84,Hispanic,891
1996,Other,Male,85 years and over,Hispanic,723
1996,Other,Male,Under 5,Hispanic,52172
1996,Other,Male,10 to 14,NonHispanic,475855
1996,Other,Male,15 to 19,NonHispanic,458164
1996,Other,Male,20 to 24,NonHispanic,499245
1996,Other,Male,25 to 29,NonHispanic,519828
1996,Other,Male,30 to 34,NonHispanic,513887
1996,Other,Male,35 to 39,NonHispanic,502602
1996,Other,Male,40 to 44,NonHispanic,441685
1996,Other,Male,45 to 49,NonHispanic,369159
1996,Other,Male,5 to 9,NonHispanic,458928
1996,Other,Male,50 to 54,NonHispanic,273639
1996,Other,Male,55 to 59,NonHispanic,207540
1996,Other,Male,60 to 64,NonHispanic,159471
1996,Other,Male,65 to 69,NonHispanic,125045
1996,Other,Male,70 to 74,NonHispanic,98309
1996,Other,Male,75 to 79,NonHispanic,61271
1996,Other,Male,80 to 84,NonHispanic,35277
1996,Other,Male,85 years and over,NonHispanic,22733
1996,Other,Male,Under 5,NonHispanic,472360
1996,White,Female,10 to 14,Hispanic,1180616
1996,White,Female,15 to 19,Hispanic,1157665
1996,White,Female,20 to 24,Hispanic,1160078
1996,White,Female,25 to 29,Hispanic,1213278
1996,White,Female,30 to 34,Hispanic,1210221
1996,White,Female,35 to 39,Hispanic,1045747
1996,White,Female,40 to 44,Hispanic,844765
1996,White,Female,45 to 49,Hispanic,662185
1996,White,Female,5 to 9,Hispanic,1290986
1996,White,Female,50 to 54,Hispanic,492313
1996,White,Female,55 to 59,Hispanic,382707
1996,White,Female,60 to 64,Hispanic,319174
1996,White,Female,65 to 69,Hispanic,281044
1996,White,Female,70 to 74,Hispanic,215076
1996,White,Female,75 to 79,Hispanic,144806
1996,White,Female,80 to 84,Hispanic,95831
1996,White,Female,85 years and over,Hispanic,79575
1996,White,Female,Under 5,Hispanic,1490985
1996,White,Female,10 to 14,NonHispanic,6311480
1996,White,Female,15 to 19,NonHispanic,6100397
1996,White,Female,20 to 24,NonHispanic,5740121
1996,White,Female,25 to 29,NonHispanic,6648653
1996,White,Female,30 to 34,NonHispanic,7621263
1996,White,Female,35 to 39,NonHispanic,8292330
1996,White,Female,40 to 44,NonHispanic,7802893
1996,White,Female,45 to 49,NonHispanic,7266150
1996,White,Female,5 to 9,NonHispanic,6277247
1996,White,Female,50 to 54,NonHispanic,5668683
1996,White,Female,55 to 59,NonHispanic,4680852
1996,White,Female,60 to 64,NonHispanic,4249457
1996,White,Female,65 to 69,NonHispanic,4436121
1996,White,Female,70 to 74,NonHispanic,4244273
1996,White,Female,75 to 79,NonHispanic,3541314
1996,White,Female,80 to 84,NonHispanic,2588478
1996,White,Female,85 years and over,NonHispanic,2411206
1996,White,Female,Under 5,NonHispanic,5919495
1996,White,Male,10 to 14,Hispanic,1237132
1996,White,Male,15 to 19,Hispanic,1302110
1996,White,Male,20 to 24,Hispanic,1370771
1996,White,Male,25 to 29,Hispanic,1449897
1996,White,Male,30 to 34,Hispanic,1381776
1996,White,Male,35 to 39,Hispanic,1135107
1996,White,Male,40 to 44,Hispanic,870147
1996,White,Male,45 to 49,Hispanic,651087
1996,White,Male,5 to 9,Hispanic,1344534
1996,White,Male,50 to 54,Hispanic,463557
1996,White,Male,55 to 59,Hispanic,346284
1996,White,Male,60 to 64,Hispanic,276762
1996,White,Male,65 to 69,Hispanic,228910
1996,White,Male,70 to 74,Hispanic,165934
1996,White,Male,75 to 79,Hispanic,97323
1996,White,Male,80 to 84,Hispanic,55305
1996,White,Male,85 years and over,Hispanic,39064
1996,White,Male,Under 5,Hispanic,1563554
1996,White,Male,10 to 14,NonHispanic,6676133
1996,White,Male,15 to 19,NonHispanic,6436348
1996,White,Male,20 to 24,NonHispanic,5908938
1996,White,Male,25 to 29,NonHispanic,6706360
1996,White,Male,30 to 34,NonHispanic,7715174
1996,White,Male,35 to 39,NonHispanic,8337094
1996,White,Male,40 to 44,NonHispanic,7771260
1996,White,Male,45 to 49,NonHispanic,7175840
1996,White,Male,5 to 9,NonHispanic,6627596
1996,White,Male,50 to 54,NonHispanic,5508434
1996,White,Male,55 to 59,NonHispanic,4440740
1996,White,Male,60 to 64,NonHispanic,3896236
1996,White,Male,65 to 69,NonHispanic,3806871
1996,White,Male,70 to 74,NonHispanic,3300080
1996,White,Male,75 to 79,NonHispanic,2443164
1996,White,Male,80 to 84,NonHispanic,1464985
1996,White,Male,85 years and over,NonHispanic,917766
1996,White,Male,Under 5,NonHispanic,6240312
1997,Black,Female,10 to 14,Hispanic,63871
1997,Black,Female,15 to 19,Hispanic,62187
1997,Black,Female,20 to 24,Hispanic,64005
1997,Black,Female,25 to 29,Hispanic,67582
1997,Black,Female,30 to 34,Hispanic,65550
1997,Black,Female,35 to 39,Hispanic,55268
1997,Black,Female,40 to 44,Hispanic,45386
1997,Black,Female,45 to 49,Hispanic,34414
1997,Black,Female,5 to 9,Hispanic,77676
1997,Black,Female,50 to 54,Hispanic,25378
1997,Black,Female,55 to 59,Hispanic,18234
1997,Black,Female,60 to 64,Hispanic,14781
1997,Black,Female,65 to 69,Hispanic,12061
1997,Black,Female,70 to 74,Hispanic,8747
1997,Black,Female,75 to 79,Hispanic,5945
1997,Black,Female,80 to 84,Hispanic,3509
1997,Black,Female,85 years and over,Hispanic,2830
1997,Black,Female,Under 5,Hispanic,84613
1997,Black,Female,10 to 14,NonHispanic,1443108
1997,Black,Female,15 to 19,NonHispanic,1428120
1997,Black,Female,20 to 24,NonHispanic,1287022
1997,Black,Female,25 to 29,NonHispanic,1358861
1997,Black,Female,30 to 34,NonHispanic,1436989
1997,Black,Female,35 to 39,NonHispanic,1484714
1997,Black,Female,40 to 44,NonHispanic,1338108
1997,Black,Female,45 to 49,NonHispanic,1105003
1997,Black,Female,5 to 9,NonHispanic,1606174
1997,Black,Female,50 to 54,NonHispanic,819924
1997,Black,Female,55 to 59,NonHispanic,658289
1997,Black,Female,60 to 64,NonHispanic,556104
1997,Black,Female,65 to 69,NonHispanic,510950
1997,Black,Female,70 to 74,NonHispanic,420364
1997,Black,Female,75 to 79,NonHispanic,332941
1997,Black,Female,80 to 84,NonHispanic,223532
1997,Black,Female,85 years and over,NonHispanic,210628
1997,Black,Female,Under 5,NonHispanic,1455457
1997,Black,Male,10 to 14,Hispanic,65663
1997,Black,Male,15 to 19,Hispanic,65577
1997,Black,Male,20 to 24,Hispanic,62368
1997,Black,Male,25 to 29,Hispanic,65942
1997,Black,Male,30 to 34,Hispanic,63374
1997,Black,Male,35 to 39,Hispanic,53040
1997,Black,Male,40 to 44,Hispanic,41923
1997,Black,Male,45 to 49,Hispanic,31405
1997,Black,Male,5 to 9,Hispanic,80598
1997,Black,Male,50 to 54,Hispanic,22043
1997,Black,Male,55 to 59,Hispanic,15614
1997,Black,Male,60 to 64,Hispanic,11551
1997,Black,Male,65 to 69,Hispanic,8907
1997,Black,Male,70 to 74,Hispanic,5614
1997,Black,Male,75 to 79,Hispanic,3505
1997,Black,Male,80 to 84,Hispanic,1694
1997,Black,Male,85 years and over,Hispanic,1104
1997,Black,Male,Under 5,Hispanic,88534
1997,Black,Male,10 to 14,NonHispanic,1486481
1997,Black,Male,15 to 19,NonHispanic,1457417
1997,Black,Male,20 to 24,NonHispanic,1225514
1997,Black,Male,25 to 29,NonHispanic,1226192
1997,Black,Male,30 to 34,NonHispanic,1277906
1997,Black,Male,35 to 39,NonHispanic,1306797
1997,Black,Male,40 to 44,NonHispanic,1163761
1997,Black,Male,45 to 49,NonHispanic,940494
1997,Black,Male,5 to 9,NonHispanic,1653672
1997,Black,Male,50 to 54,NonHispanic,687249
1997,Black,Male,55 to 59,NonHispanic,531872
1997,Black,Male,60 to 64,NonHispanic,433851
1997,Black,Male,65 to 69,NonHispanic,378496
1997,Black,Male,70 to 74,NonHispanic,276718
1997,Black,Male,75 to 79,NonHispanic,200630
1997,Black,Male,80 to 84,NonHispanic,108040
1997,Black,Male,85 years and over,NonHispanic,80189
1997,Black,Male,Under 5,NonHispanic,1495619
1997,Other,Female,10 to 14,Hispanic,44644
1997,Other,Female,15 to 19,Hispanic,41102
1997,Other,Female,20 to 24,Hispanic,37878
1997,Other,Female,25 to 29,Hispanic,38872
1997,Other,Female,30 to 34,Hispanic,36795
1997,Other,Female,35 to 39,Hispanic,34106
1997,Other,Female,40 to 44,Hispanic,27252
1997,Other,Female,45 to 49,Hispanic,20116
1997,Other,Female,5 to 9,Hispanic,52829
1997,Other,Female,50 to 54,Hispanic,13940
1997,Other,Female,55 to 59,Hispanic,9281
1997,Other,Female,60 to 64,Hispanic,6927
1997,Other,Female,65 to 69,Hispanic,5587
1997,Other,Female,70 to 74,Hispanic,4068
1997,Other,Female,75 to 79,Hispanic,2479
1997,Other,Female,80 to 84,Hispanic,1272
1997,Other,Female,85 years and over,Hispanic,1081
1997,Other,Female,Under 5,Hispanic,51774
1997,Other,Female,10 to 14,NonHispanic,467878
1997,Other,Female,15 to 19,NonHispanic,464169
1997,Other,Female,20 to 24,NonHispanic,496937
1997,Other,Female,25 to 29,NonHispanic,583875
1997,Other,Female,30 to 34,NonHispanic,567215
1997,Other,Female,35 to 39,NonHispanic,557131
1997,Other,Female,40 to 44,NonHispanic,520228
1997,Other,Female,45 to 49,NonHispanic,446507
1997,Other,Female,5 to 9,NonHispanic,457061
1997,Other,Female,50 to 54,NonHispanic,332506
1997,Other,Female,55 to 59,NonHispanic,244329
1997,Other,Female,60 to 64,NonHispanic,201442
1997,Other,Female,65 to 69,NonHispanic,173129
1997,Other,Female,70 to 74,NonHispanic,134646
1997,Other,Female,75 to 79,NonHispanic,88910
1997,Other,Female,80 to 84,NonHispanic,51443
1997,Other,Female,85 years and over,NonHispanic,37738
1997,Other,Female,Under 5,NonHispanic,458493
1997,Other,Male,10 to 14,Hispanic,45599
1997,Other,Male,15 to 19,Hispanic,44118
1997,Other,Male,20 to 24,Hispanic,43189
1997,Other,Male,25 to 29,Hispanic,45646
1997,Other,Male,30 to 34,Hispanic,39217
1997,Other,Male,35 to 39,Hispanic,34774
1997,Other,Male,40 to 44,Hispanic,27449
1997,Other,Male,45 to 49,Hispanic,19062
1997,Other,Male,5 to 9,Hispanic,54809
1997,Other,Male,50 to 54,Hispanic,13148
1997,Other,Male,55 to 59,Hispanic,8544
1997,Other,Male,60 to 64,Hispanic,5971
1997,Other,Male,65 to 69,Hispanic,4309
1997,Other,Male,70 to 74,Hispanic,2950
1997,Other,Male,75 to 79,Hispanic,1662
1997,Other,Male,80 to 84,Hispanic,855
1997,Other,Male,85 years and over,Hispanic,707
1997,Other,Male,Under 5,Hispanic,53936
1997,Other,Male,10 to 14,NonHispanic,487166
1997,Other,Male,15 to 19,NonHispanic,483021
1997,Other,Male,20 to 24,NonHispanic,504940
1997,Other,Male,25 to 29,NonHispanic,546691
1997,Other,Male,30 to 34,NonHispanic,523394
1997,Other,Male,35 to 39,NonHispanic,519115
1997,Other,Male,40 to 44,NonHispanic,465594
1997,Other,Male,45 to 49,NonHispanic,388253
1997,Other,Male,5 to 9,NonHispanic,481157
1997,Other,Male,50 to 54,NonHispanic,298805
1997,Other,Male,55 to 59,NonHispanic,220279
1997,Other,Male,60 to 64,NonHispanic,171193
1997,Other,Male,65 to 69,NonHispanic,131129
1997,Other,Male,70 to 74,NonHispanic,102288
1997,Other,Male,75 to 79,NonHispanic,66491
1997,Other,Male,80 to 84,NonHispanic,37155
1997,Other,Male,85 years and over,NonHispanic,24378
1997,Other,Male,Under 5,NonHispanic,475148
1997,White,Female,10 to 14,Hispanic,1228955
1997,White,Female,15 to 19,Hispanic,1215579
1997,White,Female,20 to 24,Hispanic,1227178
1997,White,Female,25 to 29,Hispanic,1265588
1997,White,Female,30 to 34,Hispanic,1253903
1997,White,Female,35 to 39,Hispanic,1098568
1997,White,Female,40 to 44,Hispanic,896719
1997,White,Female,45 to 49,Hispanic,695143
1997,White,Female,5 to 9,Hispanic,1392268
1997,White,Female,50 to 54,Hispanic,537040
1997,White,Female,55 to 59,Hispanic,401302
1997,White,Female,60 to 64,Hispanic,332783
1997,White,Female,65 to 69,Hispanic,288235
1997,White,Female,70 to 74,Hispanic,224650
1997,White,Female,75 to 79,Hispanic,153668
1997,White,Female,80 to 84,Hispanic,97350
1997,White,Female,85 years and over,Hispanic,83227
1997,White,Female,Under 5,Hispanic,1528080
1997,White,Female,10 to 14,NonHispanic,6308898
1997,White,Female,15 to 19,NonHispanic,6214009
1997,White,Female,20 to 24,NonHispanic,5667910
1997,White,Female,25 to 29,NonHispanic,6564274
1997,White,Female,30 to 34,NonHispanic,7329279
1997,White,Female,35 to 39,NonHispanic,8260209
1997,White,Female,40 to 44,NonHispanic,7948589
1997,White,Female,45 to 49,NonHispanic,7204814
1997,White,Female,5 to 9,NonHispanic,6299407
1997,White,Female,50 to 54,NonHispanic,6192910
1997,White,Female,55 to 59,NonHispanic,4837050
1997,White,Female,60 to 64,NonHispanic,4254249
1997,White,Female,65 to 69,NonHispanic,4344094
1997,White,Female,70 to 74,NonHispanic,4199611
1997,White,Female,75 to 79,NonHispanic,3621440
1997,White,Female,80 to 84,NonHispanic,2624408
1997,White,Female,85 years and over,NonHispanic,2469793
1997,White,Female,Under 5,NonHispanic,5810254
1997,White,Male,10 to 14,Hispanic,1286685
1997,White,Male,15 to 19,Hispanic,1377478
1997,White,Male,20 to 24,Hispanic,1455938
1997,White,Male,25 to 29,Hispanic,1509454
1997,White,Male,30 to 34,Hispanic,1436533
1997,White,Male,35 to 39,Hispanic,1196984
1997,White,Male,40 to 44,Hispanic,929458
1997,White,Male,45 to 49,Hispanic,686248
1997,White,Male,5 to 9,Hispanic,1450335
1997,White,Male,50 to 54,Hispanic,506944
1997,White,Male,55 to 59,Hispanic,362834
1997,White,Male,60 to 64,Hispanic,288019
1997,White,Male,65 to 69,Hispanic,235153
1997,White,Male,70 to 74,Hispanic,171741
1997,White,Male,75 to 79,Hispanic,105295
1997,White,Male,80 to 84,Hispanic,56527
1997,White,Male,85 years and over,Hispanic,40490
1997,White,Male,Under 5,Hispanic,1603103
1997,White,Male,10 to 14,NonHispanic,6671749
1997,White,Male,15 to 19,NonHispanic,6544914
1997,White,Male,20 to 24,NonHispanic,5837197
1997,White,Male,25 to 29,NonHispanic,6626063
1997,White,Male,30 to 34,NonHispanic,7415768
1997,White,Male,35 to 39,NonHispanic,8302915
1997,White,Male,40 to 44,NonHispanic,7920327
1997,White,Male,45 to 49,NonHispanic,7115181
1997,White,Male,5 to 9,NonHispanic,6648046
1997,White,Male,50 to 54,NonHispanic,6040981
1997,White,Male,55 to 59,NonHispanic,4597459
1997,White,Male,60 to 64,NonHispanic,3917353
1997,White,Male,65 to 69,NonHispanic,3757780
1997,White,Male,70 to 74,NonHispanic,3282647
1997,White,Male,75 to 79,NonHispanic,2515864
1997,White,Male,80 to 84,NonHispanic,1507596
1997,White,Male,85 years and over,NonHispanic,953311
1997,White,Male,Under 5,NonHispanic,6127660
1998,Black,Female,10 to 14,Hispanic,66093
1998,Black,Female,15 to 19,Hispanic,63669
1998,Black,Female,20 to 24,Hispanic,66574
1998,Black,Female,25 to 29,Hispanic,68314
1998,Black,Female,30 to 34,Hispanic,65123
1998,Black,Female,35 to 39,Hispanic,56350
1998,Black,Female,40 to 44,Hispanic,46429
1998,Black,Female,45 to 49,Hispanic,35570
1998,Black,Female,5 to 9,Hispanic,80385
1998,Black,Female,50 to 54,Hispanic,26070
1998,Black,Female,55 to 59,Hispanic,18541
1998,Black,Female,60 to 64,Hispanic,14915
1998,Black,Female,65 to 69,Hispanic,11954
1998,Black,Female,70 to 74,Hispanic,8933
1998,Black,Female,75 to 79,Hispanic,6052
1998,Black,Female,80 to 84,Hispanic,3526
1998,Black,Female,85 years and over,Hispanic,3015
1998,Black,Female,Under 5,Hispanic,85448
1998,Black,Female,10 to 14,NonHispanic,1478450
1998,Black,Female,15 to 19,NonHispanic,1456654
1998,Black,Female,20 to 24,NonHispanic,1299542
1998,Black,Female,25 to 29,NonHispanic,1361043
1998,Black,Female,30 to 34,NonHispanic,1419292
1998,Black,Female,35 to 39,NonHispanic,1498382
1998,Black,Female,40 to 44,NonHispanic,1383536
1998,Black,Female,45 to 49,NonHispanic,1147151
1998,Black,Female,5 to 9,NonHispanic,1634462
1998,Black,Female,50 to 54,NonHispanic,870740
1998,Black,Female,55 to 59,NonHispanic,680795
1998,Black,Female,60 to 64,NonHispanic,569033
1998,Black,Female,65 to 69,NonHispanic,510700
1998,Black,Female,70 to 74,NonHispanic,428016
1998,Black,Female,75 to 79,NonHispanic,339253
1998,Black,Female,80 to 84,NonHispanic,224259
1998,Black,Female,85 years and over,NonHispanic,218662
1998,Black,Female,Under 5,NonHispanic,1439449
1998,Black,Male,10 to 14,Hispanic,68228
1998,Black,Male,15 to 19,Hispanic,67224
1998,Black,Male,20 to 24,Hispanic,64391
1998,Black,Male,25 to 29,Hispanic,64738
1998,Black,Male,30 to 34,Hispanic,61995
1998,Black,Male,35 to 39,Hispanic,53066
1998,Black,Male,40 to 44,Hispanic,42518
1998,Black,Male,45 to 49,Hispanic,32366
1998,Black,Male,5 to 9,Hispanic,83115
1998,Black,Male,50 to 54,Hispanic,22751
1998,Black,Male,55 to 59,Hispanic,15923
1998,Black,Male,60 to 64,Hispanic,11695
1998,Black,Male,65 to 69,Hispanic,8868
1998,Black,Male,70 to 74,Hispanic,5814
1998,Black,Male,75 to 79,Hispanic,3551
1998,Black,Male,80 to 84,Hispanic,1734
1998,Black,Male,85 years and over,Hispanic,1159
1998,Black,Male,Under 5,Hispanic,89371
1998,Black,Male,10 to 14,NonHispanic,1522525
1998,Black,Male,15 to 19,NonHispanic,1487728
1998,Black,Male,20 to 24,NonHispanic,1234742
1998,Black,Male,25 to 29,NonHispanic,1229100
1998,Black,Male,30 to 34,NonHispanic,1265081
1998,Black,Male,35 to 39,NonHispanic,1322198
1998,Black,Male,40 to 44,NonHispanic,1210896
1998,Black,Male,45 to 49,NonHispanic,981118
1998,Black,Male,5 to 9,NonHispanic,1685904
1998,Black,Male,50 to 54,NonHispanic,733088
1998,Black,Male,55 to 59,NonHispanic,552903
1998,Black,Male,60 to 64,NonHispanic,445594
1998,Black,Male,65 to 69,NonHispanic,378260
1998,Black,Male,70 to 74,NonHispanic,281940
1998,Black,Male,75 to 79,NonHispanic,205899
1998,Black,Male,80 to 84,NonHispanic,109174
1998,Black,Male,85 years and over,NonHispanic,82457
1998,Black,Male,Under 5,NonHispanic,1480646
1998,Other,Female,10 to 14,Hispanic,46419
1998,Other,Female,15 to 19,Hispanic,43584
1998,Other,Female,20 to 24,Hispanic,39838
1998,Other,Female,25 to 29,Hispanic,39952
1998,Other,Female,30 to 34,Hispanic,37292
1998,Other,Female,35 to 39,Hispanic,35246
1998,Other,Female,40 to 44,Hispanic,28678
1998,Other,Female,45 to 49,Hispanic,21120
1998,Other,Female,5 to 9,Hispanic,54902
1998,Other,Female,50 to 54,Hispanic,14942
1998,Other,Female,55 to 59,Hispanic,9780
1998,Other,Female,60 to 64,Hispanic,7205
1998,Other,Female,65 to 69,Hispanic,5626
1998,Other,Female,70 to 74,Hispanic,4146
1998,Other,Female,75 to 79,Hispanic,2603
1998,Other,Female,80 to 84,Hispanic,1271
1998,Other,Female,85 years and over,Hispanic,1119
1998,Other,Female,Under 5,Hispanic,53643
1998,Other,Female,10 to 14,NonHispanic,476575
1998,Other,Female,15 to 19,NonHispanic,490695
1998,Other,Female,20 to 24,NonHispanic,509123
1998,Other,Female,25 to 29,NonHispanic,605657
1998,Other,Female,30 to 34,NonHispanic,579986
1998,Other,Female,35 to 39,NonHispanic,577407
1998,Other,Female,40 to 44,NonHispanic,541131
1998,Other,Female,45 to 49,NonHispanic,471856
1998,Other,Female,5 to 9,NonHispanic,472422
1998,Other,Female,50 to 54,NonHispanic,364513
1998,Other,Female,55 to 59,NonHispanic,260845
1998,Other,Female,60 to 64,NonHispanic,210904
1998,Other,Female,65 to 69,NonHispanic,179673
1998,Other,Female,70 to 74,NonHispanic,141569
1998,Other,Female,75 to 79,NonHispanic,96486
1998,Other,Female,80 to 84,NonHispanic,55027
1998,Other,Female,85 years and over,NonHispanic,41056
1998,Other,Female,Under 5,NonHispanic,467187
1998,Other,Male,10 to 14,Hispanic,47366
1998,Other,Male,15 to 19,Hispanic,46774
1998,Other,Male,20 to 24,Hispanic,45649
1998,Other,Male,25 to 29,Hispanic,46469
1998,Other,Male,30 to 34,Hispanic,40284
1998,Other,Male,35 to 39,Hispanic,36254
1998,Other,Male,40 to 44,Hispanic,28841
1998,Other,Male,45 to 49,Hispanic,20428
1998,Other,Male,5 to 9,Hispanic,56900
1998,Other,Male,50 to 54,Hispanic,14076
1998,Other,Male,55 to 59,Hispanic,8979
1998,Other,Male,60 to 64,Hispanic,6269
1998,Other,Male,65 to 69,Hispanic,4409
1998,Other,Male,70 to 74,Hispanic,2992
1998,Other,Male,75 to 79,Hispanic,1734
1998,Other,Male,80 to 84,Hispanic,886
1998,Other,Male,85 years and over,Hispanic,715
1998,Other,Male,Under 5,Hispanic,56129
1998,Other,Male,10 to 14,NonHispanic,499095
1998,Other,Male,15 to 19,NonHispanic,510361
1998,Other,Male,20 to 24,NonHispanic,514851
1998,Other,Male,25 to 29,NonHispanic,565948
1998,Other,Male,30 to 34,NonHispanic,529693
1998,Other,Male,35 to 39,NonHispanic,537968
1998,Other,Male,40 to 44,NonHispanic,486433
1998,Other,Male,45 to 49,NonHispanic,411236
1998,Other,Male,5 to 9,NonHispanic,496849
1998,Other,Male,50 to 54,NonHispanic,324178
1998,Other,Male,55 to 59,NonHispanic,234721
1998,Other,Male,60 to 64,NonHispanic,182839
1998,Other,Male,65 to 69,NonHispanic,137944
1998,Other,Male,70 to 74,NonHispanic,106016
1998,Other,Male,75 to 79,NonHispanic,72640
1998,Other,Male,80 to 84,NonHispanic,38753
1998,Other,Male,85 years and over,NonHispanic,26259
1998,Other,Male,Under 5,NonHispanic,481429
1998,White,Female,10 to 14,Hispanic,1285346
1998,White,Female,15 to 19,Hispanic,1274124
1998,White,Female,20 to 24,Hispanic,1293992
1998,White,Female,25 to 29,Hispanic,1331573
1998,White,Female,30 to 34,Hispanic,1286259
1998,White,Female,35 to 39,Hispanic,1155981
1998,White,Female,40 to 44,Hispanic,948566
1998,White,Female,45 to 49,Hispanic,739119
1998,White,Female,5 to 9,Hispanic,1482196
1998,White,Female,50 to 54,Hispanic,572706
1998,White,Female,55 to 59,Hispanic,426880
1998,White,Female,60 to 64,Hispanic,348636
1998,White,Female,65 to 69,Hispanic,294971
1998,White,Female,70 to 74,Hispanic,236011
1998,White,Female,75 to 79,Hispanic,163123
1998,White,Female,80 to 84,Hispanic,98790
1998,White,Female,85 years and over,Hispanic,87785
1998,White,Female,Under 5,Hispanic,1569644
1998,White,Female,10 to 14,NonHispanic,6313979
1998,White,Female,15 to 19,NonHispanic,6312269
1998,White,Female,20 to 24,NonHispanic,5692146
1998,White,Female,25 to 29,NonHispanic,6420819
1998,White,Female,30 to 34,NonHispanic,7051208
1998,White,Female,35 to 39,NonHispanic,8176042
1998,White,Female,40 to 44,NonHispanic,8069026
1998,White,Female,45 to 49,NonHispanic,7305360
1998,White,Female,5 to 9,NonHispanic,6282169
1998,White,Female,50 to 54,NonHispanic,6389544
1998,White,Female,55 to 59,NonHispanic,5116634
1998,White,Female,60 to 64,NonHispanic,4325679
1998,White,Female,65 to 69,NonHispanic,4225390
1998,White,Female,70 to 74,NonHispanic,4189967
1998,White,Female,75 to 79,NonHispanic,3663668
1998,White,Female,80 to 84,NonHispanic,2652108
1998,White,Female,85 years and over,NonHispanic,2534073
1998,White,Female,Under 5,NonHispanic,5732559
1998,White,Male,10 to 14,Hispanic,1346663
1998,White,Male,15 to 19,Hispanic,1449199
1998,White,Male,20 to 24,Hispanic,1550557
1998,White,Male,25 to 29,Hispanic,1582652
1998,White,Male,30 to 34,Hispanic,1478258
1998,White,Male,35 to 39,Hispanic,1263703
1998,White,Male,40 to 44,Hispanic,989566
1998,White,Male,45 to 49,Hispanic,732678
1998,White,Male,5 to 9,Hispanic,1546499
1998,White,Male,50 to 54,Hispanic,542807
1998,White,Male,55 to 59,Hispanic,385718
1998,White,Male,60 to 64,Hispanic,301776
1998,White,Male,65 to 69,Hispanic,239893
1998,White,Male,70 to 74,Hispanic,179604
1998,White,Male,75 to 79,Hispanic,113891
1998,White,Male,80 to 84,Hispanic,58221
1998,White,Male,85 years and over,Hispanic,42487
1998,White,Male,Under 5,Hispanic,1645003
1998,White,Male,10 to 14,NonHispanic,6674442
1998,White,Male,15 to 19,NonHispanic,6637451
1998,White,Male,20 to 24,NonHispanic,5855698
1998,White,Male,25 to 29,NonHispanic,6487379
1998,White,Male,30 to 34,NonHispanic,7138397
1998,White,Male,35 to 39,NonHispanic,8213600
1998,White,Male,40 to 44,NonHispanic,8046537
1998,White,Male,45 to 49,NonHispanic,7216161
1998,White,Male,5 to 9,NonHispanic,6634525
1998,White,Male,50 to 54,NonHispanic,6242279
1998,White,Male,55 to 59,NonHispanic,4877728
1998,White,Male,60 to 64,NonHispanic,3996963
1998,White,Male,65 to 69,NonHispanic,3679577
1998,White,Male,70 to 74,NonHispanic,3307974
1998,White,Male,75 to 79,NonHispanic,2559218
1998,White,Male,80 to 84,NonHispanic,1544510
1998,White,Male,85 years and over,NonHispanic,993748
1998,White,Male,Under 5,NonHispanic,6044415
1999,Black,Female,10 to 14,Hispanic,68853
1999,Black,Female,15 to 19,Hispanic,64644
1999,Black,Female,20 to 24,Hispanic,69100
1999,Black,Female,25 to 29,Hispanic,68848
1999,Black,Female,30 to 34,Hispanic,64546
1999,Black,Female,35 to 39,Hispanic,57082
1999,Black,Female,40 to 44,Hispanic,47423
1999,Black,Female,45 to 49,Hispanic,36617
1999,Black,Female,5 to 9,Hispanic,83141
1999,Black,Female,50 to 54,Hispanic,27188
1999,Black,Female,55 to 59,Hispanic,18576
1999,Black,Female,60 to 64,Hispanic,15138
1999,Black,Female,65 to 69,Hispanic,11792
1999,Black,Female,70 to 74,Hispanic,9112
1999,Black,Female,75 to 79,Hispanic,6181
1999,Black,Female,80 to 84,Hispanic,3630
1999,Black,Female,85 years and over,Hispanic,3145
1999,Black,Female,Under 5,Hispanic,86515
1999,Black,Female,10 to 14,NonHispanic,1532069
1999,Black,Female,15 to 19,NonHispanic,1467755
1999,Black,Female,20 to 24,NonHispanic,1331673
1999,Black,Female,25 to 29,NonHispanic,1358176
1999,Black,Female,30 to 34,NonHispanic,1393840
1999,Black,Female,35 to 39,NonHispanic,1507328
1999,Black,Female,40 to 44,NonHispanic,1420696
1999,Black,Female,45 to 49,NonHispanic,1192724
1999,Black,Female,5 to 9,NonHispanic,1635365
1999,Black,Female,50 to 54,NonHispanic,930401
1999,Black,Female,55 to 59,NonHispanic,703574
1999,Black,Female,60 to 64,NonHispanic,585855
1999,Black,Female,65 to 69,NonHispanic,507961
1999,Black,Female,70 to 74,NonHispanic,435255
1999,Black,Female,75 to 79,NonHispanic,343390
1999,Black,Female,80 to 84,NonHispanic,227780
1999,Black,Female,85 years and over,NonHispanic,225142
1999,Black,Female,Under 5,NonHispanic,1437515
1999,Black,Male,10 to 14,Hispanic,71004
1999,Black,Male,15 to 19,Hispanic,67994
1999,Black,Male,20 to 24,Hispanic,67703
1999,Black,Male,25 to 29,Hispanic,63683
1999,Black,Male,30 to 34,Hispanic,60466
1999,Black,Male,35 to 39,Hispanic,52843
1999,Black,Male,40 to 44,Hispanic,42997
1999,Black,Male,45 to 49,Hispanic,33314
1999,Black,Male,5 to 9,Hispanic,85954
1999,Black,Male,50 to 54,Hispanic,23817
1999,Black,Male,55 to 59,Hispanic,15924
1999,Black,Male,60 to 64,Hispanic,11961
1999,Black,Male,65 to 69,Hispanic,8679
1999,Black,Male,70 to 74,Hispanic,5964
1999,Black,Male,75 to 79,Hispanic,3684
1999,Black,Male,80 to 84,Hispanic,1767
1999,Black,Male,85 years and over,Hispanic,1202
1999,Black,Male,Under 5,Hispanic,90398
1999,Black,Male,10 to 14,NonHispanic,1579059
1999,Black,Male,15 to 19,NonHispanic,1499020
1999,Black,Male,20 to 24,NonHispanic,1262470
1999,Black,Male,25 to 29,NonHispanic,1227359
1999,Black,Male,30 to 34,NonHispanic,1248190
1999,Black,Male,35 to 39,NonHispanic,1334212
1999,Black,Male,40 to 44,NonHispanic,1248357
1999,Black,Male,45 to 49,NonHispanic,1027188
1999,Black,Male,5 to 9,NonHispanic,1687727
1999,Black,Male,50 to 54,NonHispanic,788057
1999,Black,Male,55 to 59,NonHispanic,573942
1999,Black,Male,60 to 64,NonHispanic,459389
1999,Black,Male,65 to 69,NonHispanic,376469
1999,Black,Male,70 to 74,NonHispanic,288848
1999,Black,Male,75 to 79,NonHispanic,206886
1999,Black,Male,80 to 84,NonHispanic,112918
1999,Black,Male,85 years and over,NonHispanic,84140
1999,Black,Male,Under 5,NonHispanic,1481506
1999,Other,Female,10 to 14,Hispanic,48867
1999,Other,Female,15 to 19,Hispanic,45644
1999,Other,Female,20 to 24,Hispanic,42414
1999,Other,Female,25 to 29,Hispanic,40896
1999,Other,Female,30 to 34,Hispanic,38264
1999,Other,Female,35 to 39,Hispanic,36596
1999,Other,Female,40 to 44,Hispanic,29883
1999,Other,Female,45 to 49,Hispanic,22433
1999,Other,Female,5 to 9,Hispanic,56586
1999,Other,Female,50 to 54,Hispanic,15870
1999,Other,Female,55 to 59,Hispanic,10171
1999,Other,Female,60 to 64,Hispanic,7501
1999,Other,Female,65 to 69,Hispanic,5776
1999,Other,Female,70 to 74,Hispanic,4319
1999,Other,Female,75 to 79,Hispanic,2712
1999,Other,Female,80 to 84,Hispanic,1337
1999,Other,Female,85 years and over,Hispanic,1178
1999,Other,Female,Under 5,Hispanic,56121
1999,Other,Female,10 to 14,NonHispanic,488652
1999,Other,Female,15 to 19,NonHispanic,511301
1999,Other,Female,20 to 24,NonHispanic,527843
1999,Other,Female,25 to 29,NonHispanic,621769
1999,Other,Female,30 to 34,NonHispanic,597327
1999,Other,Female,35 to 39,NonHispanic,595414
1999,Other,Female,40 to 44,NonHispanic,562403
1999,Other,Female,45 to 49,NonHispanic,495432
1999,Other,Female,5 to 9,NonHispanic,486455
1999,Other,Female,50 to 54,NonHispanic,399169
1999,Other,Female,55 to 59,NonHispanic,278196
1999,Other,Female,60 to 64,NonHispanic,220546
1999,Other,Female,65 to 69,NonHispanic,185135
1999,Other,Female,70 to 74,NonHispanic,148501
1999,Other,Female,75 to 79,NonHispanic,103059
1999,Other,Female,80 to 84,NonHispanic,59462
1999,Other,Female,85 years and over,NonHispanic,44506
1999,Other,Female,Under 5,NonHispanic,475611
1999,Other,Male,10 to 14,Hispanic,50075
1999,Other,Male,15 to 19,Hispanic,49373
1999,Other,Male,20 to 24,Hispanic,49126
1999,Other,Male,25 to 29,Hispanic,47017
1999,Other,Male,30 to 34,Hispanic,41565
1999,Other,Male,35 to 39,Hispanic,37761
1999,Other,Male,40 to 44,Hispanic,30361
1999,Other,Male,45 to 49,Hispanic,21888
1999,Other,Male,5 to 9,Hispanic,58471
1999,Other,Male,50 to 54,Hispanic,15234
1999,Other,Male,55 to 59,Hispanic,9468
1999,Other,Male,60 to 64,Hispanic,6616
1999,Other,Male,65 to 69,Hispanic,4570
1999,Other,Male,70 to 74,Hispanic,3048
1999,Other,Male,75 to 79,Hispanic,1846
1999,Other,Male,80 to 84,Hispanic,911
1999,Other,Male,85 years and over,Hispanic,685
1999,Other,Male,Under 5,Hispanic,58655
1999,Other,Male,10 to 14,NonHispanic,513315
1999,Other,Male,15 to 19,NonHispanic,531687
1999,Other,Male,20 to 24,NonHispanic,532380
1999,Other,Male,25 to 29,NonHispanic,596897
1999,Other,Male,30 to 34,NonHispanic,556849
1999,Other,Male,35 to 39,NonHispanic,558456
1999,Other,Male,40 to 44,NonHispanic,507951
1999,Other,Male,45 to 49,NonHispanic,432941
1999,Other,Male,5 to 9,NonHispanic,510395
1999,Other,Male,50 to 54,NonHispanic,352081
1999,Other,Male,55 to 59,NonHispanic,249474
1999,Other,Male,60 to 64,NonHispanic,194340
1999,Other,Male,65 to 69,NonHispanic,144587
1999,Other,Male,70 to 74,NonHispanic,110122
1999,Other,Male,75 to 79,NonHispanic,77585
1999,Other,Male,80 to 84,NonHispanic,41005
1999,Other,Male,85 years and over,NonHispanic,27964
1999,Other,Male,Under 5,NonHispanic,487209
1999,White,Female,10 to 14,Hispanic,1353743
1999,White,Female,15 to 19,Hispanic,1326808
1999,White,Female,20 to 24,Hispanic,1360457
1999,White,Female,25 to 29,Hispanic,1392500
1999,White,Female,30 to 34,Hispanic,1320470
1999,White,Female,35 to 39,Hispanic,1212147
1999,White,Female,40 to 44,Hispanic,1001527
1999,White,Female,45 to 49,Hispanic,784790
1999,White,Female,5 to 9,Hispanic,1569260
1999,White,Female,50 to 54,Hispanic,615214
1999,White,Female,55 to 59,Hispanic,450445
1999,White,Female,60 to 64,Hispanic,366978
1999,White,Female,65 to 69,Hispanic,302416
1999,White,Female,70 to 74,Hispanic,247622
1999,White,Female,75 to 79,Hispanic,172720
1999,White,Female,80 to 84,Hispanic,101665
1999,White,Female,85 years and over,Hispanic,91847
1999,White,Female,Under 5,Hispanic,1622723
1999,White,Female,10 to 14,NonHispanic,6363480
1999,White,Female,15 to 19,NonHispanic,6345417
1999,White,Female,20 to 24,NonHispanic,5767128
1999,White,Female,25 to 29,NonHispanic,6213778
1999,White,Female,30 to 34,NonHispanic,6834676
1999,White,Female,35 to 39,NonHispanic,8065587
1999,White,Female,40 to 44,NonHispanic,8133518
1999,White,Female,45 to 49,NonHispanic,7455738
1999,White,Female,5 to 9,NonHispanic,6221811
1999,White,Female,50 to 54,NonHispanic,6656729
1999,White,Female,55 to 59,NonHispanic,5304072
1999,White,Female,60 to 64,NonHispanic,4417711
1999,White,Female,65 to 69,NonHispanic,4128908
1999,White,Female,70 to 74,NonHispanic,4138627
1999,White,Female,75 to 79,NonHispanic,3703159
1999,White,Female,80 to 84,NonHispanic,2686103
1999,White,Female,85 years and over,NonHispanic,2594890
1999,White,Female,Under 5,NonHispanic,5667252
1999,White,Male,10 to 14,Hispanic,1418203
1999,White,Male,15 to 19,Hispanic,1514532
1999,White,Male,20 to 24,Hispanic,1658997
1999,White,Male,25 to 29,Hispanic,1649580
1999,White,Male,30 to 34,Hispanic,1525451
1999,White,Male,35 to 39,Hispanic,1330536
1999,White,Male,40 to 44,Hispanic,1051206
1999,White,Male,45 to 49,Hispanic,781771
1999,White,Male,5 to 9,Hispanic,1640054
1999,White,Male,50 to 54,Hispanic,585885
1999,White,Male,55 to 59,Hispanic,407197
1999,White,Male,60 to 64,Hispanic,317176
1999,White,Male,65 to 69,Hispanic,245562
1999,White,Male,70 to 74,Hispanic,187374
1999,White,Male,75 to 79,Hispanic,122646
1999,White,Male,80 to 84,Hispanic,60941
1999,White,Male,85 years and over,Hispanic,44480
1999,White,Male,Under 5,Hispanic,1698749
1999,White,Male,10 to 14,NonHispanic,6726044
1999,White,Male,15 to 19,NonHispanic,6660427
1999,White,Male,20 to 24,NonHispanic,5922138
1999,White,Male,25 to 29,NonHispanic,6294554
1999,White,Male,30 to 34,NonHispanic,6921705
1999,White,Male,35 to 39,NonHispanic,8094587
1999,White,Male,40 to 44,NonHispanic,8117806
1999,White,Male,45 to 49,NonHispanic,7369371
1999,White,Male,5 to 9,NonHispanic,6571241
1999,White,Male,50 to 54,NonHispanic,6513967
1999,White,Male,55 to 59,NonHispanic,5063782
1999,White,Male,60 to 64,NonHispanic,4089994
1999,White,Male,65 to 69,NonHispanic,3619643
1999,White,Male,70 to 74,NonHispanic,3298619
1999,White,Male,75 to 79,NonHispanic,2598738
1999,White,Male,80 to 84,NonHispanic,1584789
1999,White,Male,85 years and over,NonHispanic,1034839
1999,White,Male,Under 5,NonHispanic,5973290
2000,Black,Female,10 to 14,Hispanic,68240
2000,Black,Female,15 to 19,Hispanic,62504
2000,Black,Female,20 to 24,Hispanic,68277
2000,Black,Female,25 to 29,Hispanic,66781
2000,Black,Female,30 to 34,Hispanic,61845
2000,Black,Female,35 to 39,Hispanic,55404
2000,Black,Female,40 to 44,Hispanic,46580
2000,Black,Female,45 to 49,Hispanic,36585
2000,Black,Female,5 to 9,Hispanic,79242
2000,Black,Female,50 to 54,Hispanic,27669
2000,Black,Female,55 to 59,Hispanic,18440
2000,Black,Female,60 to 64,Hispanic,15036
2000,Black,Female,65 to 69,Hispanic,11685
2000,Black,Female,70 to 74,Hispanic,9221
2000,Black,Female,75 to 79,Hispanic,6444
2000,Black,Female,80 to 84,Hispanic,3983
2000,Black,Female,85 years and over,Hispanic,3500
2000,Black,Female,Under 5,Hispanic,80595
2000,Black,Female,10 to 14,NonHispanic,1531983
2000,Black,Female,15 to 19,NonHispanic,1434706
2000,Black,Female,20 to 24,NonHispanic,1342570
2000,Black,Female,25 to 29,NonHispanic,1315820
2000,Black,Female,30 to 34,NonHispanic,1363357
2000,Black,Female,35 to 39,NonHispanic,1485836
2000,Black,Female,40 to 44,NonHispanic,1432258
2000,Black,Female,45 to 49,NonHispanic,1219806
2000,Black,Female,5 to 9,NonHispanic,1545215
2000,Black,Female,50 to 54,NonHispanic,982991
2000,Black,Female,55 to 59,NonHispanic,718560
2000,Black,Female,60 to 64,NonHispanic,592538
2000,Black,Female,65 to 69,NonHispanic,505346
2000,Black,Female,70 to 74,NonHispanic,436917
2000,Black,Female,75 to 79,NonHispanic,343852
2000,Black,Female,80 to 84,NonHispanic,230374
2000,Black,Female,85 years and over,NonHispanic,227526
2000,Black,Female,Under 5,NonHispanic,1355506
2000,Black,Male,10 to 14,Hispanic,70396
2000,Black,Male,15 to 19,Hispanic,65592
2000,Black,Male,20 to 24,Hispanic,67910
2000,Black,Male,25 to 29,Hispanic,60264
2000,Black,Male,30 to 34,Hispanic,56916
2000,Black,Male,35 to 39,Hispanic,50889
2000,Black,Male,40 to 44,Hispanic,41947
2000,Black,Male,45 to 49,Hispanic,33300
2000,Black,Male,5 to 9,Hispanic,81378
2000,Black,Male,50 to 54,Hispanic,24439
2000,Black,Male,55 to 59,Hispanic,15853
2000,Black,Male,60 to 64,Hispanic,12118
2000,Black,Male,65 to 69,Hispanic,8651
2000,Black,Male,70 to 74,Hispanic,6254
2000,Black,Male,75 to 79,Hispanic,3834
2000,Black,Male,80 to 84,Hispanic,2051
2000,Black,Male,85 years and over,Hispanic,1437
2000,Black,Male,Under 5,Hispanic,83646
2000,Black,Male,10 to 14,NonHispanic,1577668
2000,Black,Male,15 to 19,NonHispanic,1471698
2000,Black,Male,20 to 24,NonHispanic,1275328
2000,Black,Male,25 to 29,NonHispanic,1191007
2000,Black,Male,30 to 34,NonHispanic,1224207
2000,Black,Male,35 to 39,NonHispanic,1316441
2000,Black,Male,40 to 44,NonHispanic,1266443
2000,Black,Male,45 to 49,NonHispanic,1057070
2000,Black,Male,5 to 9,NonHispanic,1594768
2000,Black,Male,50 to 54,NonHispanic,839683
2000,Black,Male,55 to 59,NonHispanic,588422
2000,Black,Male,60 to 64,NonHispanic,468329
2000,Black,Male,65 to 69,NonHispanic,373258
2000,Black,Male,70 to 74,NonHispanic,291291
2000,Black,Male,75 to 79,NonHispanic,207123
2000,Black,Male,80 to 84,NonHispanic,116217
2000,Black,Male,85 years and over,NonHispanic,84060
2000,Black,Male,Under 5,NonHispanic,1397626
2000,Other,Female,10 to 14,Hispanic,74734
2000,Other,Female,15 to 19,Hispanic,67522
2000,Other,Female,20 to 24,Hispanic,63047
2000,Other,Female,25 to 29,Hispanic,58308
2000,Other,Female,30 to 34,Hispanic,54905
2000,Other,Female,35 to 39,Hispanic,51547
2000,Other,Female,40 to 44,Hispanic,43135
2000,Other,Female,45 to 49,Hispanic,33343
2000,Other,Female,5 to 9,Hispanic,84790
2000,Other,Female,50 to 54,Hispanic,24610
2000,Other,Female,55 to 59,Hispanic,15770
2000,Other,Female,60 to 64,Hispanic,11364
2000,Other,Female,65 to 69,Hispanic,8755
2000,Other,Female,70 to 74,Hispanic,6821
2000,Other,Female,75 to 79,Hispanic,4585
2000,Other,Female,80 to 84,Hispanic,2609
2000,Other,Female,85 years and over,Hispanic,2272
2000,Other,Female,Under 5,Hispanic,93321
2000,Other,Female,10 to 14,NonHispanic,650959
2000,Other,Female,15 to 19,NonHispanic,652281
2000,Other,Female,20 to 24,NonHispanic,649237
2000,Other,Female,25 to 29,NonHispanic,715377
2000,Other,Female,30 to 34,NonHispanic,694140
2000,Other,Female,35 to 39,NonHispanic,685597
2000,Other,Female,40 to 44,NonHispanic,656422
2000,Other,Female,45 to 49,NonHispanic,581911
2000,Other,Female,5 to 9,NonHispanic,677157
2000,Other,Female,50 to 54,NonHispanic,488963
2000,Other,Female,55 to 59,NonHispanic,337709
2000,Other,Female,60 to 64,NonHispanic,261725
2000,Other,Female,65 to 69,NonHispanic,215757
2000,Other,Female,70 to 74,NonHispanic,177103
2000,Other,Female,75 to 79,NonHispanic,126755
2000,Other,Female,80 to 84,NonHispanic,76559
2000,Other,Female,85 years and over,NonHispanic,59340
2000,Other,Female,Under 5,NonHispanic,703788
2000,Other,Male,10 to 14,Hispanic,76349
2000,Other,Male,15 to 19,Hispanic,72199
2000,Other,Male,20 to 24,Hispanic,72193
2000,Other,Male,25 to 29,Hispanic,64670
2000,Other,Male,30 to 34,Hispanic,58780
2000,Other,Male,35 to 39,Hispanic,52793
2000,Other,Male,40 to 44,Hispanic,43282
2000,Other,Male,45 to 49,Hispanic,32798
2000,Other,Male,5 to 9,Hispanic,86787
2000,Other,Male,50 to 54,Hispanic,23712
2000,Other,Male,55 to 59,Hispanic,14481
2000,Other,Male,60 to 64,Hispanic,10064
2000,Other,Male,65 to 69,Hispanic,7077
2000,Other,Male,70 to 74,Hispanic,5021
2000,Other,Male,75 to 79,Hispanic,3249
2000,Other,Male,80 to 84,Hispanic,1679
2000,Other,Male,85 years and over,Hispanic,1435
2000,Other,Male,Under 5,Hispanic,96245
2000,Other,Male,10 to 14,NonHispanic,681010
2000,Other,Male,15 to 19,NonHispanic,672613
2000,Other,Male,20 to 24,NonHispanic,645678
2000,Other,Male,25 to 29,NonHispanic,693537
2000,Other,Male,30 to 34,NonHispanic,663341
2000,Other,Male,35 to 39,NonHispanic,646335
2000,Other,Male,40 to 44,NonHispanic,595898
2000,Other,Male,45 to 49,NonHispanic,512486
2000,Other,Male,5 to 9,NonHispanic,702914
2000,Other,Male,50 to 54,NonHispanic,428177
2000,Other,Male,55 to 59,NonHispanic,301665
2000,Other,Male,60 to 64,NonHispanic,233729
2000,Other,Male,65 to 69,NonHispanic,172238
2000,Other,Male,70 to 74,NonHispanic,131704
2000,Other,Male,75 to 79,NonHispanic,93741
2000,Other,Male,80 to 84,NonHispanic,50933
2000,Other,Male,85 years and over,NonHispanic,35095
2000,Other,Male,Under 5,NonHispanic,721100
2000,White,Female,10 to 14,Hispanic,1426584
2000,White,Female,15 to 19,Hispanic,1364956
2000,White,Female,20 to 24,Hispanic,1417677
2000,White,Female,25 to 29,Hispanic,1446791
2000,White,Female,30 to 34,Hispanic,1354496
2000,White,Female,35 to 39,Hispanic,1256194
2000,White,Female,40 to 44,Hispanic,1052558
2000,White,Female,45 to 49,Hispanic,830176
2000,White,Female,5 to 9,Hispanic,1614661
2000,White,Female,50 to 54,Hispanic,657291
2000,White,Female,55 to 59,Hispanic,476621
2000,White,Female,60 to 64,Hispanic,380768
2000,White,Female,65 to 69,Hispanic,313494
2000,White,Female,70 to 74,Hispanic,258696
2000,White,Female,75 to 79,Hispanic,183349
2000,White,Female,80 to 84,Hispanic,107497
2000,White,Female,85 years and over,Hispanic,96549
2000,White,Female,Under 5,Hispanic,1658014
2000,White,Female,10 to 14,NonHispanic,6310554
2000,White,Female,15 to 19,NonHispanic,6272963
2000,White,Female,20 to 24,NonHispanic,5809006
2000,White,Female,25 to 29,NonHispanic,5929296
2000,White,Female,30 to 34,NonHispanic,6666450
2000,White,Female,35 to 39,NonHispanic,7823173
2000,White,Female,40 to 44,NonHispanic,8120603
2000,White,Female,45 to 49,NonHispanic,7564313
2000,White,Female,5 to 9,NonHispanic,5983430
2000,White,Female,50 to 54,NonHispanic,6894538
2000,White,Female,55 to 59,NonHispanic,5441509
2000,White,Female,60 to 64,NonHispanic,4434775
2000,White,Female,65 to 69,NonHispanic,4070395
2000,White,Female,70 to 74,NonHispanic,4061136
2000,White,Female,75 to 79,NonHispanic,3716752
2000,White,Female,80 to 84,NonHispanic,2710505
2000,White,Female,85 years and over,NonHispanic,2637374
2000,White,Female,Under 5,NonHispanic,5476450
2000,White,Male,10 to 14,Hispanic,1494770
2000,White,Male,15 to 19,Hispanic,1563970
2000,White,Male,20 to 24,Hispanic,1751927
2000,White,Male,25 to 29,Hispanic,1713497
2000,White,Male,30 to 34,Hispanic,1566647
2000,White,Male,35 to 39,Hispanic,1383897
2000,White,Male,40 to 44,Hispanic,1111060
2000,White,Male,45 to 49,Hispanic,833233
2000,White,Male,5 to 9,Hispanic,1691071
2000,White,Male,50 to 54,Hispanic,628519
2000,White,Male,55 to 59,Hispanic,433070
2000,White,Male,60 to 64,Hispanic,329443
2000,White,Male,65 to 69,Hispanic,254659
2000,White,Male,70 to 74,Hispanic,197200
2000,White,Male,75 to 79,Hispanic,130616
2000,White,Male,80 to 84,Hispanic,65702
2000,White,Male,85 years and over,Hispanic,47223
2000,White,Male,Under 5,Hispanic,1735851
2000,White,Male,10 to 14,NonHispanic,6674449
2000,White,Male,15 to 19,NonHispanic,6593951
2000,White,Male,20 to 24,NonHispanic,5953817
2000,White,Male,25 to 29,NonHispanic,6024915
2000,White,Male,30 to 34,NonHispanic,6759150
2000,White,Male,35 to 39,NonHispanic,7842746
2000,White,Male,40 to 44,NonHispanic,8107805
2000,White,Male,45 to 49,NonHispanic,7484506
2000,White,Male,5 to 9,NonHispanic,6322439
2000,White,Male,50 to 54,NonHispanic,6758855
2000,White,Male,55 to 59,NonHispanic,5203837
2000,White,Male,60 to 64,NonHispanic,4113240
2000,White,Male,65 to 69,NonHispanic,3582594
2000,White,Male,70 to 74,NonHispanic,3278664
2000,White,Male,75 to 79,NonHispanic,2618319
2000,White,Male,80 to 84,NonHispanic,1616431
2000,White,Male,85 years and over,NonHispanic,1066661
2000,White,Male,Under 5,NonHispanic,5776151
2001,Black,Female,10 to 14,Hispanic,73786
2001,Black,Female,15 to 19,Hispanic,64325
2001,Black,Female,20 to 24,Hispanic,72537
2001,Black,Female,25 to 29,Hispanic,70173
2001,Black,Female,30 to 34,Hispanic,65989
2001,Black,Female,35 to 39,Hispanic,58464
2001,Black,Female,40 to 44,Hispanic,49314
2001,Black,Female,45 to 49,Hispanic,39225
2001,Black,Female,5 to 9,Hispanic,81249
2001,Black,Female,50 to 54,Hispanic,29965
2001,Black,Female,55 to 59,Hispanic,20113
2001,Black,Female,60 to 64,Hispanic,15630
2001,Black,Female,65 to 69,Hispanic,12468
2001,Black,Female,70 to 74,Hispanic,9697
2001,Black,Female,75 to 79,Hispanic,6805
2001,Black,Female,80 to 84,Hispanic,4336
2001,Black,Female,85 years and over,Hispanic,3646
2001,Black,Female,Under 5,Hispanic,82109
2001,Black,Female,10 to 14,NonHispanic,1573992
2001,Black,Female,15 to 19,NonHispanic,1443719
2001,Black,Female,20 to 24,NonHispanic,1386594
2001,Black,Female,25 to 29,NonHispanic,1280135
2001,Black,Female,30 to 34,NonHispanic,1366940
2001,Black,Female,35 to 39,NonHispanic,1472376
2001,Black,Female,40 to 44,NonHispanic,1456890
2001,Black,Female,45 to 49,NonHispanic,1256802
2001,Black,Female,5 to 9,NonHispanic,1502025
2001,Black,Female,50 to 54,NonHispanic,1053054
2001,Black,Female,55 to 59,NonHispanic,740162
2001,Black,Female,60 to 64,NonHispanic,604417
2001,Black,Female,65 to 69,NonHispanic,516994
2001,Black,Female,70 to 74,NonHispanic,436257
2001,Black,Female,75 to 79,NonHispanic,350989
2001,Black,Female,80 to 84,NonHispanic,235353
2001,Black,Female,85 years and over,NonHispanic,224457
2001,Black,Female,Under 5,NonHispanic,1352364
2001,Black,Male,10 to 14,Hispanic,75971
2001,Black,Male,15 to 19,Hispanic,68075
2001,Black,Male,20 to 24,Hispanic,73050
2001,Black,Male,25 to 29,Hispanic,63557
2001,Black,Male,30 to 34,Hispanic,59547
2001,Black,Male,35 to 39,Hispanic,53815
2001,Black,Male,40 to 44,Hispanic,44303
2001,Black,Male,45 to 49,Hispanic,35627
2001,Black,Male,5 to 9,Hispanic,83663
2001,Black,Male,50 to 54,Hispanic,26673
2001,Black,Male,55 to 59,Hispanic,17143
2001,Black,Male,60 to 64,Hispanic,12744
2001,Black,Male,65 to 69,Hispanic,9311
2001,Black,Male,70 to 74,Hispanic,6609
2001,Black,Male,75 to 79,Hispanic,4112
2001,Black,Male,80 to 84,Hispanic,2257
2001,Black,Male,85 years and over,Hispanic,1502
2001,Black,Male,Under 5,Hispanic,84959
2001,Black,Male,10 to 14,NonHispanic,1621717
2001,Black,Male,15 to 19,NonHispanic,1493311
2001,Black,Male,20 to 24,NonHispanic,1324757
2001,Black,Male,25 to 29,NonHispanic,1155117
2001,Black,Male,30 to 34,NonHispanic,1222627
2001,Black,Male,35 to 39,NonHispanic,1306447
2001,Black,Male,40 to 44,NonHispanic,1288688
2001,Black,Male,45 to 49,NonHispanic,1092547
2001,Black,Male,5 to 9,NonHispanic,1549125
2001,Black,Male,50 to 54,NonHispanic,902242
2001,Black,Male,55 to 59,NonHispanic,609246
2001,Black,Male,60 to 64,NonHispanic,478332
2001,Black,Male,65 to 69,NonHispanic,384211
2001,Black,Male,70 to 74,NonHispanic,292794
2001,Black,Male,75 to 79,NonHispanic,211043
2001,Black,Male,80 to 84,NonHispanic,119323
2001,Black,Male,85 years and over,NonHispanic,81776
2001,Black,Male,Under 5,NonHispanic,1393457
2001,Other,Female,10 to 14,Hispanic,84063
2001,Other,Female,15 to 19,Hispanic,75204
2001,Other,Female,20 to 24,Hispanic,70414
2001,Other,Female,25 to 29,Hispanic,65660
2001,Other,Female,30 to 34,Hispanic,62829
2001,Other,Female,35 to 39,Hispanic,57959
2001,Other,Female,40 to 44,Hispanic,48497
2001,Other,Female,45 to 49,Hispanic,37675
2001,Other,Female,5 to 9,Hispanic,90501
2001,Other,Female,50 to 54,Hispanic,28454
2001,Other,Female,55 to 59,Hispanic,18046
2001,Other,Female,60 to 64,Hispanic,12536
2001,Other,Female,65 to 69,Hispanic,9610
2001,Other,Female,70 to 74,Hispanic,7500
2001,Other,Female,75 to 79,Hispanic,5224
2001,Other,Female,80 to 84,Hispanic,2987
2001,Other,Female,85 years and over,Hispanic,2470
2001,Other,Female,Under 5,Hispanic,101830
2001,Other,Female,10 to 14,NonHispanic,675765
2001,Other,Female,15 to 19,NonHispanic,667392
2001,Other,Female,20 to 24,NonHispanic,690298
2001,Other,Female,25 to 29,NonHispanic,735372
2001,Other,Female,30 to 34,NonHispanic,729568
2001,Other,Female,35 to 39,NonHispanic,702141
2001,Other,Female,40 to 44,NonHispanic,674803
2001,Other,Female,45 to 49,NonHispanic,610585
2001,Other,Female,5 to 9,NonHispanic,695952
2001,Other,Female,50 to 54,NonHispanic,524725
2001,Other,Female,55 to 59,NonHispanic,360277
2001,Other,Female,60 to 64,NonHispanic,276154
2001,Other,Female,65 to 69,NonHispanic,224965
2001,Other,Female,70 to 74,NonHispanic,183905
2001,Other,Female,75 to 79,NonHispanic,134590
2001,Other,Female,80 to 84,NonHispanic,81809
2001,Other,Female,85 years and over,NonHispanic,63740
2001,Other,Female,Under 5,NonHispanic,735556
2001,Other,Male,10 to 14,Hispanic,85700
2001,Other,Male,15 to 19,Hispanic,80909
2001,Other,Male,20 to 24,Hispanic,81728
2001,Other,Male,25 to 29,Hispanic,72796
2001,Other,Male,30 to 34,Hispanic,65830
2001,Other,Male,35 to 39,Hispanic,58600
2001,Other,Male,40 to 44,Hispanic,48822
2001,Other,Male,45 to 49,Hispanic,37227
2001,Other,Male,5 to 9,Hispanic,93442
2001,Other,Male,50 to 54,Hispanic,27374
2001,Other,Male,55 to 59,Hispanic,16657
2001,Other,Male,60 to 64,Hispanic,11251
2001,Other,Male,65 to 69,Hispanic,7710
2001,Other,Male,70 to 74,Hispanic,5621
2001,Other,Male,75 to 79,Hispanic,3538
2001,Other,Male,80 to 84,Hispanic,1931
2001,Other,Male,85 years and over,Hispanic,1514
2001,Other,Male,Under 5,Hispanic,104855
2001,Other,Male,10 to 14,NonHispanic,706421
2001,Other,Male,15 to 19,NonHispanic,691588
2001,Other,Male,20 to 24,NonHispanic,683726
2001,Other,Male,25 to 29,NonHispanic,707654
2001,Other,Male,30 to 34,NonHispanic,695083
2001,Other,Male,35 to 39,NonHispanic,661854
2001,Other,Male,40 to 44,NonHispanic,613720
2001,Other,Male,45 to 49,NonHispanic,537564
2001,Other,Male,5 to 9,NonHispanic,717920
2001,Other,Male,50 to 54,NonHispanic,456655
2001,Other,Male,55 to 59,NonHispanic,319338
2001,Other,Male,60 to 64,NonHispanic,247007
2001,Other,Male,65 to 69,NonHispanic,182784
2001,Other,Male,70 to 74,NonHispanic,137042
2001,Other,Male,75 to 79,NonHispanic,97825
2001,Other,Male,80 to 84,NonHispanic,54826
2001,Other,Male,85 years and over,NonHispanic,36593
2001,Other,Male,Under 5,NonHispanic,754569
2001,White,Female,10 to 14,Hispanic,1502247
2001,White,Female,15 to 19,Hispanic,1400241
2001,White,Female,20 to 24,Hispanic,1466973
2001,White,Female,25 to 29,Hispanic,1482517
2001,White,Female,30 to 34,Hispanic,1409263
2001,White,Female,35 to 39,Hispanic,1300933
2001,White,Female,40 to 44,Hispanic,1108030
2001,White,Female,45 to 49,Hispanic,878743
2001,White,Female,5 to 9,Hispanic,1635876
2001,White,Female,50 to 54,Hispanic,699929
2001,White,Female,55 to 59,Hispanic,507548
2001,White,Female,60 to 64,Hispanic,395181
2001,White,Female,65 to 69,Hispanic,324814
2001,White,Female,70 to 74,Hispanic,268636
2001,White,Female,75 to 79,Hispanic,193963
2001,White,Female,80 to 84,Hispanic,116303
2001,White,Female,85 years and over,Hispanic,100146
2001,White,Female,Under 5,Hispanic,1726350
2001,White,Female,10 to 14,NonHispanic,6321616
2001,White,Female,15 to 19,NonHispanic,6258016
2001,White,Female,20 to 24,NonHispanic,5990134
2001,White,Female,25 to 29,NonHispanic,5669256
2001,White,Female,30 to 34,NonHispanic,6629341
2001,White,Female,35 to 39,NonHispanic,7549637
2001,White,Female,40 to 44,NonHispanic,8163385
2001,White,Female,45 to 49,NonHispanic,7682919
2001,White,Female,5 to 9,NonHispanic,5838695
2001,White,Female,50 to 54,NonHispanic,7205005
2001,White,Female,55 to 59,NonHispanic,5563250
2001,White,Female,60 to 64,NonHispanic,4530252
2001,White,Female,65 to 69,NonHispanic,4045767
2001,White,Female,70 to 74,NonHispanic,4002513
2001,White,Female,75 to 79,NonHispanic,3686588
2001,White,Female,80 to 84,NonHispanic,2770786
2001,White,Female,85 years and over,NonHispanic,2656971
2001,White,Female,Under 5,NonHispanic,5433232
2001,White,Male,10 to 14,Hispanic,1573673
2001,White,Male,15 to 19,Hispanic,1599367
2001,White,Male,20 to 24,Hispanic,1802190
2001,White,Male,25 to 29,Hispanic,1753590
2001,White,Male,30 to 34,Hispanic,1614941
2001,White,Male,35 to 39,Hispanic,1433227
2001,White,Male,40 to 44,Hispanic,1170380
2001,White,Male,45 to 49,Hispanic,883899
2001,White,Male,5 to 9,Hispanic,1711883
2001,White,Male,50 to 54,Hispanic,673609
2001,White,Male,55 to 59,Hispanic,461753
2001,White,Male,60 to 64,Hispanic,343296
2001,White,Male,65 to 69,Hispanic,263717
2001,White,Male,70 to 74,Hispanic,205353
2001,White,Male,75 to 79,Hispanic,138414
2001,White,Male,80 to 84,Hispanic,71981
2001,White,Male,85 years and over,Hispanic,48509
2001,White,Male,Under 5,Hispanic,1806908
2001,White,Male,10 to 14,NonHispanic,6683727
2001,White,Male,15 to 19,NonHispanic,6614137
2001,White,Male,20 to 24,NonHispanic,6114885
2001,White,Male,25 to 29,NonHispanic,5763520
2001,White,Male,30 to 34,NonHispanic,6730217
2001,White,Male,35 to 39,NonHispanic,7580465
2001,White,Male,40 to 44,NonHispanic,8149002
2001,White,Male,45 to 49,NonHispanic,7606170
2001,White,Male,5 to 9,NonHispanic,6173031
2001,White,Male,50 to 54,NonHispanic,7059600
2001,White,Male,55 to 59,NonHispanic,5335442
2001,White,Male,60 to 64,NonHispanic,4209520
2001,White,Male,65 to 69,NonHispanic,3579882
2001,White,Male,70 to 74,NonHispanic,3266019
2001,White,Male,75 to 79,NonHispanic,2622322
2001,White,Male,80 to 84,NonHispanic,1676313
2001,White,Male,85 years and over,NonHispanic,1091170
2001,White,Male,Under 5,NonHispanic,5722028
2002,Black,Female,10 to 14,Hispanic,79180
2002,Black,Female,15 to 19,Hispanic,67526
2002,Black,Female,20 to 24,Hispanic,75671
2002,Black,Female,25 to 29,Hispanic,74257
2002,Black,Female,30 to 34,Hispanic,70182
2002,Black,Female,35 to 39,Hispanic,61143
2002,Black,Female,40 to 44,Hispanic,51927
2002,Black,Female,45 to 49,Hispanic,42245
2002,Black,Female,5 to 9,Hispanic,83194
2002,Black,Female,50 to 54,Hispanic,31935
2002,Black,Female,55 to 59,Hispanic,22165
2002,Black,Female,60 to 64,Hispanic,16331
2002,Black,Female,65 to 69,Hispanic,13243
2002,Black,Female,70 to 74,Hispanic,10139
2002,Black,Female,75 to 79,Hispanic,7221
2002,Black,Female,80 to 84,Hispanic,4687
2002,Black,Female,85 years and over,Hispanic,3787
2002,Black,Female,Under 5,Hispanic,81993
2002,Black,Female,10 to 14,NonHispanic,1607802
2002,Black,Female,15 to 19,NonHispanic,1459848
2002,Black,Female,20 to 24,NonHispanic,1415937
2002,Black,Female,25 to 29,NonHispanic,1267487
2002,Black,Female,30 to 34,NonHispanic,1370268
2002,Black,Female,35 to 39,NonHispanic,1447424
2002,Black,Female,40 to 44,NonHispanic,1467739
2002,Black,Female,45 to 49,NonHispanic,1304181
2002,Black,Female,5 to 9,NonHispanic,1457880
2002,Black,Female,50 to 54,NonHispanic,1092019
2002,Black,Female,55 to 59,NonHispanic,789208
2002,Black,Female,60 to 64,NonHispanic,622325
2002,Black,Female,65 to 69,NonHispanic,524460
2002,Black,Female,70 to 74,NonHispanic,437706
2002,Black,Female,75 to 79,NonHispanic,355835
2002,Black,Female,80 to 84,NonHispanic,241219
2002,Black,Female,85 years and over,NonHispanic,222985
2002,Black,Female,Under 5,NonHispanic,1348706
2002,Black,Male,10 to 14,Hispanic,81299
2002,Black,Male,15 to 19,Hispanic,71127
2002,Black,Male,20 to 24,Hispanic,77373
2002,Black,Male,25 to 29,Hispanic,67534
2002,Black,Male,30 to 34,Hispanic,62481
2002,Black,Male,35 to 39,Hispanic,56049
2002,Black,Male,40 to 44,Hispanic,46617
2002,Black,Male,45 to 49,Hispanic,38061
2002,Black,Male,5 to 9,Hispanic,86184
2002,Black,Male,50 to 54,Hispanic,28717
2002,Black,Male,55 to 59,Hispanic,18991
2002,Black,Male,60 to 64,Hispanic,13340
2002,Black,Male,65 to 69,Hispanic,9970
2002,Black,Male,70 to 74,Hispanic,6919
2002,Black,Male,75 to 79,Hispanic,4386
2002,Black,Male,80 to 84,Hispanic,2455
2002,Black,Male,85 years and over,Hispanic,1584
2002,Black,Male,Under 5,Hispanic,84676
2002,Black,Male,10 to 14,NonHispanic,1657133
2002,Black,Male,15 to 19,NonHispanic,1512399
2002,Black,Male,20 to 24,NonHispanic,1364618
2002,Black,Male,25 to 29,NonHispanic,1138850
2002,Black,Male,30 to 34,NonHispanic,1223764
2002,Black,Male,35 to 39,NonHispanic,1281936
2002,Black,Male,40 to 44,NonHispanic,1298706
2002,Black,Male,45 to 49,NonHispanic,1139748
2002,Black,Male,5 to 9,NonHispanic,1504470
2002,Black,Male,50 to 54,NonHispanic,934717
2002,Black,Male,55 to 59,NonHispanic,654901
2002,Black,Male,60 to 64,NonHispanic,492312
2002,Black,Male,65 to 69,NonHispanic,392499
2002,Black,Male,70 to 74,NonHispanic,295981
2002,Black,Male,75 to 79,NonHispanic,213354
2002,Black,Male,80 to 84,NonHispanic,123409
2002,Black,Male,85 years and over,NonHispanic,80392
2002,Black,Male,Under 5,NonHispanic,1387843
2002,Other,Female,10 to 14,Hispanic,93625
2002,Other,Female,15 to 19,Hispanic,83467
2002,Other,Female,20 to 24,Hispanic,77671
2002,Other,Female,25 to 29,Hispanic,73821
2002,Other,Female,30 to 34,Hispanic,70769
2002,Other,Female,35 to 39,Hispanic,64403
2002,Other,Female,40 to 44,Hispanic,53945
2002,Other,Female,45 to 49,Hispanic,42324
2002,Other,Female,5 to 9,Hispanic,96629
2002,Other,Female,50 to 54,Hispanic,31817
2002,Other,Female,55 to 59,Hispanic,21015
2002,Other,Female,60 to 64,Hispanic,13811
2002,Other,Female,65 to 69,Hispanic,10640
2002,Other,Female,70 to 74,Hispanic,8198
2002,Other,Female,75 to 79,Hispanic,5696
2002,Other,Female,80 to 84,Hispanic,3390
2002,Other,Female,85 years and over,Hispanic,2703
2002,Other,Female,Under 5,Hispanic,110630
2002,Other,Female,10 to 14,NonHispanic,701715
2002,Other,Female,15 to 19,NonHispanic,682770
2002,Other,Female,20 to 24,NonHispanic,727561
2002,Other,Female,25 to 29,NonHispanic,754834
2002,Other,Female,30 to 34,NonHispanic,769612
2002,Other,Female,35 to 39,NonHispanic,716729
2002,Other,Female,40 to 44,NonHispanic,692425
2002,Other,Female,45 to 49,NonHispanic,638056
2002,Other,Female,5 to 9,NonHispanic,713534
2002,Other,Female,50 to 54,NonHispanic,548460
2002,Other,Female,55 to 59,NonHispanic,395214
2002,Other,Female,60 to 64,NonHispanic,293186
2002,Other,Female,65 to 69,NonHispanic,234626
2002,Other,Female,70 to 74,NonHispanic,190550
2002,Other,Female,75 to 79,NonHispanic,141578
2002,Other,Female,80 to 84,NonHispanic,87856
2002,Other,Female,85 years and over,NonHispanic,68005
2002,Other,Female,Under 5,NonHispanic,766046
2002,Other,Male,10 to 14,Hispanic,95149
2002,Other,Male,15 to 19,Hispanic,90109
2002,Other,Male,20 to 24,Hispanic,91021
2002,Other,Male,25 to 29,Hispanic,81918
2002,Other,Male,30 to 34,Hispanic,73340
2002,Other,Male,35 to 39,Hispanic,64322
2002,Other,Male,40 to 44,Hispanic,54418
2002,Other,Male,45 to 49,Hispanic,42288
2002,Other,Male,5 to 9,Hispanic,100145
2002,Other,Male,50 to 54,Hispanic,30875
2002,Other,Male,55 to 59,Hispanic,19592
2002,Other,Male,60 to 64,Hispanic,12422
2002,Other,Male,65 to 69,Hispanic,8684
2002,Other,Male,70 to 74,Hispanic,6096
2002,Other,Male,75 to 79,Hispanic,3887
2002,Other,Male,80 to 84,Hispanic,2161
2002,Other,Male,85 years and over,Hispanic,1592
2002,Other,Male,Under 5,Hispanic,114083
2002,Other,Male,10 to 14,NonHispanic,733179
2002,Other,Male,15 to 19,NonHispanic,708935
2002,Other,Male,20 to 24,NonHispanic,719025
2002,Other,Male,25 to 29,NonHispanic,719039
2002,Other,Male,30 to 34,NonHispanic,730375
2002,Other,Male,35 to 39,NonHispanic,670498
2002,Other,Male,40 to 44,NonHispanic,631388
2002,Other,Male,45 to 49,NonHispanic,562766
2002,Other,Male,5 to 9,NonHispanic,731488
2002,Other,Male,50 to 54,NonHispanic,475185
2002,Other,Male,55 to 59,NonHispanic,347502
2002,Other,Male,60 to 64,NonHispanic,261434
2002,Other,Male,65 to 69,NonHispanic,194068
2002,Other,Male,70 to 74,NonHispanic,142525
2002,Other,Male,75 to 79,NonHispanic,101552
2002,Other,Male,80 to 84,NonHispanic,59428
2002,Other,Male,85 years and over,NonHispanic,38627
2002,Other,Male,Under 5,NonHispanic,787201
2002,White,Female,10 to 14,Hispanic,1578291
2002,White,Female,15 to 19,Hispanic,1434949
2002,White,Female,20 to 24,Hispanic,1514406
2002,White,Female,25 to 29,Hispanic,1519600
2002,White,Female,30 to 34,Hispanic,1464927
2002,White,Female,35 to 39,Hispanic,1338743
2002,White,Female,40 to 44,Hispanic,1162445
2002,White,Female,45 to 49,Hispanic,932916
2002,White,Female,5 to 9,Hispanic,1647341
2002,White,Female,50 to 54,Hispanic,733115
2002,White,Female,55 to 59,Hispanic,548416
2002,White,Female,60 to 64,Hispanic,412422
2002,White,Female,65 to 69,Hispanic,336960
2002,White,Female,70 to 74,Hispanic,278115
2002,White,Female,75 to 79,Hispanic,203679
2002,White,Female,80 to 84,Hispanic,126195
2002,White,Female,85 years and over,Hispanic,103604
2002,White,Female,Under 5,Hispanic,1802071
2002,White,Female,10 to 14,NonHispanic,6310809
2002,White,Female,15 to 19,NonHispanic,6253319
2002,White,Female,20 to 24,NonHispanic,6104999
2002,White,Female,25 to 29,NonHispanic,5558587
2002,White,Female,30 to 34,NonHispanic,6524435
2002,White,Female,35 to 39,NonHispanic,7275004
2002,White,Female,40 to 44,NonHispanic,8107528
2002,White,Female,45 to 49,NonHispanic,7826069
2002,White,Female,5 to 9,NonHispanic,5701157
2002,White,Female,50 to 54,NonHispanic,7134466
2002,White,Female,55 to 59,NonHispanic,6025972
2002,White,Female,60 to 64,NonHispanic,4693593
2002,White,Female,65 to 69,NonHispanic,4043885
2002,White,Female,70 to 74,NonHispanic,3928136
2002,White,Female,75 to 79,NonHispanic,3654683
2002,White,Female,80 to 84,NonHispanic,2832065
2002,White,Female,85 years and over,NonHispanic,2676362
2002,White,Female,Under 5,NonHispanic,5388204
2002,White,Male,10 to 14,Hispanic,1653729
2002,White,Male,15 to 19,Hispanic,1626666
2002,White,Male,20 to 24,Hispanic,1851872
2002,White,Male,25 to 29,Hispanic,1791719
2002,White,Male,30 to 34,Hispanic,1668965
2002,White,Male,35 to 39,Hispanic,1467929
2002,White,Male,40 to 44,Hispanic,1230240
2002,White,Male,45 to 49,Hispanic,940949
2002,White,Male,5 to 9,Hispanic,1724415
2002,White,Male,50 to 54,Hispanic,707940
2002,White,Male,55 to 59,Hispanic,501205
2002,White,Male,60 to 64,Hispanic,358745
2002,White,Male,65 to 69,Hispanic,273539
2002,White,Male,70 to 74,Hispanic,212318
2002,White,Male,75 to 79,Hispanic,145127
2002,White,Male,80 to 84,Hispanic,79411
2002,White,Male,85 years and over,Hispanic,49913
2002,White,Male,Under 5,Hispanic,1883498
2002,White,Male,10 to 14,NonHispanic,6669510
2002,White,Male,15 to 19,NonHispanic,6619255
2002,White,Male,20 to 24,NonHispanic,6223611
2002,White,Male,25 to 29,NonHispanic,5643694
2002,White,Male,30 to 34,NonHispanic,6629188
2002,White,Male,35 to 39,NonHispanic,7307038
2002,White,Male,40 to 44,NonHispanic,8092053
2002,White,Male,45 to 49,NonHispanic,7742685
2002,White,Male,5 to 9,NonHispanic,6025980
2002,White,Male,50 to 54,NonHispanic,6990660
2002,White,Male,55 to 59,NonHispanic,5798886
2002,White,Male,60 to 64,NonHispanic,4370344
2002,White,Male,65 to 69,NonHispanic,3595907
2002,White,Male,70 to 74,NonHispanic,3233371
2002,White,Male,75 to 79,NonHispanic,2633463
2002,White,Male,80 to 84,NonHispanic,1732127
2002,White,Male,85 years and over,NonHispanic,1119254
2002,White,Male,Under 5,NonHispanic,5674241
2003,Black,Female,10 to 14,Hispanic,84156
2003,Black,Female,15 to 19,Hispanic,71668
2003,Black,Female,20 to 24,Hispanic,78134
2003,Black,Female,25 to 29,Hispanic,78384
2003,Black,Female,30 to 34,Hispanic,73962
2003,Black,Female,35 to 39,Hispanic,63531
2003,Black,Female,40 to 44,Hispanic,55035
2003,Black,Female,45 to 49,Hispanic,45091
2003,Black,Female,5 to 9,Hispanic,85435
2003,Black,Female,50 to 54,Hispanic,34300
2003,Black,Female,55 to 59,Hispanic,23949
2003,Black,Female,60 to 64,Hispanic,17285
2003,Black,Female,65 to 69,Hispanic,14041
2003,Black,Female,70 to 74,Hispanic,10568
2003,Black,Female,75 to 79,Hispanic,7756
2003,Black,Female,80 to 84,Hispanic,4969
2003,Black,Female,85 years and over,Hispanic,4021
2003,Black,Female,Under 5,Hispanic,82840
2003,Black,Female,10 to 14,NonHispanic,1627557
2003,Black,Female,15 to 19,NonHispanic,1487606
2003,Black,Female,20 to 24,NonHispanic,1434821
2003,Black,Female,25 to 29,NonHispanic,1266944
2003,Black,Female,30 to 34,NonHispanic,1363099
2003,Black,Female,35 to 39,NonHispanic,1419788
2003,Black,Female,40 to 44,NonHispanic,1478499
2003,Black,Female,45 to 49,NonHispanic,1345667
2003,Black,Female,5 to 9,NonHispanic,1417203
2003,Black,Female,50 to 54,NonHispanic,1129688
2003,Black,Female,55 to 59,NonHispanic,835745
2003,Black,Female,60 to 64,NonHispanic,646380
2003,Black,Female,65 to 69,NonHispanic,533671
2003,Black,Female,70 to 74,NonHispanic,442110
2003,Black,Female,75 to 79,NonHispanic,359473
2003,Black,Female,80 to 84,NonHispanic,246821
2003,Black,Female,85 years and over,NonHispanic,223197
2003,Black,Female,Under 5,NonHispanic,1340955
2003,Black,Male,10 to 14,Hispanic,86753
2003,Black,Male,15 to 19,Hispanic,74948
2003,Black,Male,20 to 24,Hispanic,79862
2003,Black,Male,25 to 29,Hispanic,71968
2003,Black,Male,30 to 34,Hispanic,64789
2003,Black,Male,35 to 39,Hispanic,58089
2003,Black,Male,40 to 44,Hispanic,49322
2003,Black,Male,45 to 49,Hispanic,40271
2003,Black,Male,5 to 9,Hispanic,88232
2003,Black,Male,50 to 54,Hispanic,30874
2003,Black,Male,55 to 59,Hispanic,20654
2003,Black,Male,60 to 64,Hispanic,14235
2003,Black,Male,65 to 69,Hispanic,10616
2003,Black,Male,70 to 74,Hispanic,7371
2003,Black,Male,75 to 79,Hispanic,4648
2003,Black,Male,80 to 84,Hispanic,2648
2003,Black,Male,85 years and over,Hispanic,1680
2003,Black,Male,Under 5,Hispanic,85760
2003,Black,Male,10 to 14,NonHispanic,1680571
2003,Black,Male,15 to 19,NonHispanic,1535385
2003,Black,Male,20 to 24,NonHispanic,1391741
2003,Black,Male,25 to 29,NonHispanic,1132460
2003,Black,Male,30 to 34,NonHispanic,1212561
2003,Black,Male,35 to 39,NonHispanic,1255495
2003,Black,Male,40 to 44,NonHispanic,1304776
2003,Black,Male,45 to 49,NonHispanic,1181506
2003,Black,Male,5 to 9,NonHispanic,1461609
2003,Black,Male,50 to 54,NonHispanic,967994
2003,Black,Male,55 to 59,NonHispanic,698002
2003,Black,Male,60 to 64,NonHispanic,512186
2003,Black,Male,65 to 69,NonHispanic,401717
2003,Black,Male,70 to 74,NonHispanic,301434
2003,Black,Male,75 to 79,NonHispanic,215177
2003,Black,Male,80 to 84,NonHispanic,127205
2003,Black,Male,85 years and over,NonHispanic,80342
2003,Black,Male,Under 5,NonHispanic,1378866
2003,Other,Female,10 to 14,Hispanic,103207
2003,Other,Female,15 to 19,Hispanic,92454
2003,Other,Female,20 to 24,Hispanic,85453
2003,Other,Female,25 to 29,Hispanic,82108
2003,Other,Female,30 to 34,Hispanic,78676
2003,Other,Female,35 to 39,Hispanic,70828
2003,Other,Female,40 to 44,Hispanic,59830
2003,Other,Female,45 to 49,Hispanic,47257
2003,Other,Female,5 to 9,Hispanic,103881
2003,Other,Female,50 to 54,Hispanic,35852
2003,Other,Female,55 to 59,Hispanic,23903
2003,Other,Female,60 to 64,Hispanic,15452
2003,Other,Female,65 to 69,Hispanic,11799
2003,Other,Female,70 to 74,Hispanic,8926
2003,Other,Female,75 to 79,Hispanic,6357
2003,Other,Female,80 to 84,Hispanic,3818
2003,Other,Female,85 years and over,Hispanic,2931
2003,Other,Female,Under 5,Hispanic,121025
2003,Other,Female,10 to 14,NonHispanic,723540
2003,Other,Female,15 to 19,NonHispanic,702166
2003,Other,Female,20 to 24,NonHispanic,757731
2003,Other,Female,25 to 29,NonHispanic,774751
2003,Other,Female,30 to 34,NonHispanic,799799
2003,Other,Female,35 to 39,NonHispanic,731500
2003,Other,Female,40 to 44,NonHispanic,714572
2003,Other,Female,45 to 49,NonHispanic,663149
2003,Other,Female,5 to 9,NonHispanic,731821
2003,Other,Female,50 to 54,NonHispanic,572769
2003,Other,Female,55 to 59,NonHispanic,431783
2003,Other,Female,60 to 64,NonHispanic,310776
2003,Other,Female,65 to 69,NonHispanic,244664
2003,Other,Female,70 to 74,NonHispanic,198033
2003,Other,Female,75 to 79,NonHispanic,148943
2003,Other,Female,80 to 84,NonHispanic,94103
2003,Other,Female,85 years and over,NonHispanic,72577
2003,Other,Female,Under 5,NonHispanic,799035
2003,Other,Male,10 to 14,Hispanic,104840
2003,Other,Male,15 to 19,Hispanic,99449
2003,Other,Male,20 to 24,Hispanic,100370
2003,Other,Male,25 to 29,Hispanic,91064
2003,Other,Male,30 to 34,Hispanic,81041
2003,Other,Male,35 to 39,Hispanic,70506
2003,Other,Male,40 to 44,Hispanic,60077
2003,Other,Male,45 to 49,Hispanic,47605
2003,Other,Male,5 to 9,Hispanic,107547
2003,Other,Male,50 to 54,Hispanic,34697
2003,Other,Male,55 to 59,Hispanic,22597
2003,Other,Male,60 to 64,Hispanic,13824
2003,Other,Male,65 to 69,Hispanic,9634
2003,Other,Male,70 to 74,Hispanic,6680
2003,Other,Male,75 to 79,Hispanic,4300
2003,Other,Male,80 to 84,Hispanic,2453
2003,Other,Male,85 years and over,Hispanic,1725
2003,Other,Male,Under 5,Hispanic,124987
2003,Other,Male,10 to 14,NonHispanic,755096
2003,Other,Male,15 to 19,NonHispanic,729260
2003,Other,Male,20 to 24,NonHispanic,748304
2003,Other,Male,25 to 29,NonHispanic,727843
2003,Other,Male,30 to 34,NonHispanic,755525
2003,Other,Male,35 to 39,NonHispanic,678840
2003,Other,Male,40 to 44,NonHispanic,650824
2003,Other,Male,45 to 49,NonHispanic,587395
2003,Other,Male,5 to 9,NonHispanic,746703
2003,Other,Male,50 to 54,NonHispanic,495755
2003,Other,Male,55 to 59,NonHispanic,375679
2003,Other,Male,60 to 64,NonHispanic,275954
2003,Other,Male,65 to 69,NonHispanic,206163
2003,Other,Male,70 to 74,NonHispanic,148843
2003,Other,Male,75 to 79,NonHispanic,105545
2003,Other,Male,80 to 84,NonHispanic,64003
2003,Other,Male,85 years and over,NonHispanic,40621
2003,Other,Male,Under 5,NonHispanic,823428
2003,White,Female,10 to 14,Hispanic,1646458
2003,White,Female,15 to 19,Hispanic,1475873
2003,White,Female,20 to 24,Hispanic,1554323
2003,White,Female,25 to 29,Hispanic,1550766
2003,White,Female,30 to 34,Hispanic,1512682
2003,White,Female,35 to 39,Hispanic,1377457
2003,White,Female,40 to 44,Hispanic,1218676
2003,White,Female,45 to 49,Hispanic,982320
2003,White,Female,5 to 9,Hispanic,1657033
2003,White,Female,50 to 54,Hispanic,771186
2003,White,Female,55 to 59,Hispanic,586968
2003,White,Female,60 to 64,Hispanic,434228
2003,White,Female,65 to 69,Hispanic,351354
2003,White,Female,70 to 74,Hispanic,285562
2003,White,Female,75 to 79,Hispanic,215082
2003,White,Female,80 to 84,Hispanic,134921
2003,White,Female,85 years and over,Hispanic,108562
2003,White,Female,Under 5,Hispanic,1878755
2003,White,Female,10 to 14,NonHispanic,6259957
2003,White,Female,15 to 19,NonHispanic,6256800
2003,White,Female,20 to 24,NonHispanic,6183261
2003,White,Female,25 to 29,NonHispanic,5554151
2003,White,Female,30 to 34,NonHispanic,6365600
2003,White,Female,35 to 39,NonHispanic,6996997
2003,White,Female,40 to 44,NonHispanic,8019990
2003,White,Female,45 to 49,NonHispanic,7933781
2003,White,Female,5 to 9,NonHispanic,5585874
2003,White,Female,50 to 54,NonHispanic,7215859
2003,White,Female,55 to 59,NonHispanic,6239608
2003,White,Female,60 to 64,NonHispanic,4953342
2003,White,Female,65 to 69,NonHispanic,4098177
2003,White,Female,70 to 74,NonHispanic,3849297
2003,White,Female,75 to 79,NonHispanic,3628371
2003,White,Female,80 to 84,NonHispanic,2862543
2003,White,Female,85 years and over,NonHispanic,2716687
2003,White,Female,Under 5,NonHispanic,5356717
2003,White,Male,10 to 14,Hispanic,1725164
2003,White,Male,15 to 19,Hispanic,1657160
2003,White,Male,20 to 24,Hispanic,1886078
2003,White,Male,25 to 29,Hispanic,1825357
2003,White,Male,30 to 34,Hispanic,1708182
2003,White,Male,35 to 39,Hispanic,1506241
2003,White,Male,40 to 44,Hispanic,1285533
2003,White,Male,45 to 49,Hispanic,995453
2003,White,Male,5 to 9,Hispanic,1735360
2003,White,Male,50 to 54,Hispanic,745527
2003,White,Male,55 to 59,Hispanic,538868
2003,White,Male,60 to 64,Hispanic,376640
2003,White,Male,65 to 69,Hispanic,286962
2003,White,Male,70 to 74,Hispanic,217409
2003,White,Male,75 to 79,Hispanic,152346
2003,White,Male,80 to 84,Hispanic,86728
2003,White,Male,85 years and over,Hispanic,52649
2003,White,Male,Under 5,Hispanic,1960568
2003,White,Male,10 to 14,NonHispanic,6618054
2003,White,Male,15 to 19,NonHispanic,6614397
2003,White,Male,20 to 24,NonHispanic,6291610
2003,White,Male,25 to 29,NonHispanic,5615789
2003,White,Male,30 to 34,NonHispanic,6456294
2003,White,Male,35 to 39,NonHispanic,7034887
2003,White,Male,40 to 44,NonHispanic,7992913
2003,White,Male,45 to 49,NonHispanic,7853181
2003,White,Male,5 to 9,NonHispanic,5900153
2003,White,Male,50 to 54,NonHispanic,7062777
2003,White,Male,55 to 59,NonHispanic,6016801
2003,White,Male,60 to 64,NonHispanic,4624086
2003,White,Male,65 to 69,NonHispanic,3661998
2003,White,Male,70 to 74,NonHispanic,3193886
2003,White,Male,75 to 79,NonHispanic,2649844
2003,White,Male,80 to 84,NonHispanic,1768384
2003,White,Male,85 years and over,NonHispanic,1161184
2003,White,Male,Under 5,NonHispanic,5639510
2004,Black,Female,10 to 14,Hispanic,89203
2004,Black,Female,15 to 19,Hispanic,76451
2004,Black,Female,20 to 24,Hispanic,80315
2004,Black,Female,25 to 29,Hispanic,83530
2004,Black,Female,30 to 34,Hispanic,77453
2004,Black,Female,35 to 39,Hispanic,65903
2004,Black,Female,40 to 44,Hispanic,58101
2004,Black,Female,45 to 49,Hispanic,47849
2004,Black,Female,5 to 9,Hispanic,87692
2004,Black,Female,50 to 54,Hispanic,36811
2004,Black,Female,55 to 59,Hispanic,26252
2004,Black,Female,60 to 64,Hispanic,18125
2004,Black,Female,65 to 69,Hispanic,14843
2004,Black,Female,70 to 74,Hispanic,10997
2004,Black,Female,75 to 79,Hispanic,8236
2004,Black,Female,80 to 84,Hispanic,5293
2004,Black,Female,85 years and over,Hispanic,4245
2004,Black,Female,Under 5,Hispanic,87087
2004,Black,Female,10 to 14,NonHispanic,1624803
2004,Black,Female,15 to 19,NonHispanic,1528202
2004,Black,Female,20 to 24,NonHispanic,1441646
2004,Black,Female,25 to 29,NonHispanic,1293624
2004,Black,Female,30 to 34,NonHispanic,1350217
2004,Black,Female,35 to 39,NonHispanic,1386169
2004,Black,Female,40 to 44,NonHispanic,1488699
2004,Black,Female,45 to 49,NonHispanic,1379411
2004,Black,Female,5 to 9,NonHispanic,1383724
2004,Black,Female,50 to 54,NonHispanic,1169718
2004,Black,Female,55 to 59,NonHispanic,894385
2004,Black,Female,60 to 64,NonHispanic,669988
2004,Black,Female,65 to 69,NonHispanic,542565
2004,Black,Female,70 to 74,NonHispanic,445923
2004,Black,Female,75 to 79,NonHispanic,361095
2004,Black,Female,80 to 84,NonHispanic,251830
2004,Black,Female,85 years and over,NonHispanic,225271
2004,Black,Female,Under 5,NonHispanic,1338173
2004,Black,Male,10 to 14,Hispanic,91386
2004,Black,Male,15 to 19,Hispanic,80004
2004,Black,Male,20 to 24,Hispanic,83102
2004,Black,Male,25 to 29,Hispanic,77230
2004,Black,Male,30 to 34,Hispanic,67478
2004,Black,Male,35 to 39,Hispanic,59880
2004,Black,Male,40 to 44,Hispanic,52467
2004,Black,Male,45 to 49,Hispanic,42435
2004,Black,Male,5 to 9,Hispanic,90749
2004,Black,Male,50 to 54,Hispanic,33297
2004,Black,Male,55 to 59,Hispanic,22593
2004,Black,Male,60 to 64,Hispanic,15129
2004,Black,Male,65 to 69,Hispanic,11270
2004,Black,Male,70 to 74,Hispanic,7772
2004,Black,Male,75 to 79,Hispanic,4946
2004,Black,Male,80 to 84,Hispanic,2842
2004,Black,Male,85 years and over,Hispanic,1814
2004,Black,Male,Under 5,Hispanic,90203
2004,Black,Male,10 to 14,NonHispanic,1678093
2004,Black,Male,15 to 19,NonHispanic,1574832
2004,Black,Male,20 to 24,NonHispanic,1417757
2004,Black,Male,25 to 29,NonHispanic,1157711
2004,Black,Male,30 to 34,NonHispanic,1199469
2004,Black,Male,35 to 39,NonHispanic,1229923
2004,Black,Male,40 to 44,NonHispanic,1314342
2004,Black,Male,45 to 49,NonHispanic,1215725
2004,Black,Male,5 to 9,NonHispanic,1427258
2004,Black,Male,50 to 54,NonHispanic,1004675
2004,Black,Male,55 to 59,NonHispanic,749108
2004,Black,Male,60 to 64,NonHispanic,532170
2004,Black,Male,65 to 69,NonHispanic,410981
2004,Black,Male,70 to 74,NonHispanic,306360
2004,Black,Male,75 to 79,NonHispanic,216243
2004,Black,Male,80 to 84,NonHispanic,130109
2004,Black,Male,85 years and over,NonHispanic,81633
2004,Black,Male,Under 5,NonHispanic,1375767
2004,Other,Female,10 to 14,Hispanic,112959
2004,Other,Female,15 to 19,Hispanic,101806
2004,Other,Female,20 to 24,Hispanic,93212
2004,Other,Female,25 to 29,Hispanic,91057
2004,Other,Female,30 to 34,Hispanic,86590
2004,Other,Female,35 to 39,Hispanic,77304
2004,Other,Female,40 to 44,Hispanic,65981
2004,Other,Female,45 to 49,Hispanic,52473
2004,Other,Female,5 to 9,Hispanic,112167
2004,Other,Female,50 to 54,Hispanic,40031
2004,Other,Female,55 to 59,Hispanic,27267
2004,Other,Female,60 to 64,Hispanic,17351
2004,Other,Female,65 to 69,Hispanic,12843
2004,Other,Female,70 to 74,Hispanic,9707
2004,Other,Female,75 to 79,Hispanic,7077
2004,Other,Female,80 to 84,Hispanic,4242
2004,Other,Female,85 years and over,Hispanic,3236
2004,Other,Female,Under 5,Hispanic,132889
2004,Other,Female,10 to 14,NonHispanic,742668
2004,Other,Female,15 to 19,NonHispanic,725461
2004,Other,Female,20 to 24,NonHispanic,779835
2004,Other,Female,25 to 29,NonHispanic,801026
2004,Other,Female,30 to 34,NonHispanic,821658
2004,Other,Female,35 to 39,NonHispanic,750618
2004,Other,Female,40 to 44,NonHispanic,738176
2004,Other,Female,45 to 49,NonHispanic,684917
2004,Other,Female,5 to 9,NonHispanic,751646
2004,Other,Female,50 to 54,NonHispanic,596437
2004,Other,Female,55 to 59,NonHispanic,469804
2004,Other,Female,60 to 64,NonHispanic,331288
2004,Other,Female,65 to 69,NonHispanic,255681
2004,Other,Female,70 to 74,NonHispanic,204710
2004,Other,Female,75 to 79,NonHispanic,155333
2004,Other,Female,80 to 84,NonHispanic,100658
2004,Other,Female,85 years and over,NonHispanic,77232
2004,Other,Female,Under 5,NonHispanic,832524
2004,Other,Male,10 to 14,Hispanic,114317
2004,Other,Male,15 to 19,Hispanic,109564
2004,Other,Male,20 to 24,Hispanic,109765
2004,Other,Male,25 to 29,Hispanic,101392
2004,Other,Male,30 to 34,Hispanic,89034
2004,Other,Male,35 to 39,Hispanic,76848
2004,Other,Male,40 to 44,Hispanic,66559
2004,Other,Male,45 to 49,Hispanic,53051
2004,Other,Male,5 to 9,Hispanic,116011
2004,Other,Male,50 to 54,Hispanic,39075
2004,Other,Male,55 to 59,Hispanic,25690
2004,Other,Male,60 to 64,Hispanic,15445
2004,Other,Male,65 to 69,Hispanic,10666
2004,Other,Male,70 to 74,Hispanic,7242
2004,Other,Male,75 to 79,Hispanic,4750
2004,Other,Male,80 to 84,Hispanic,2739
2004,Other,Male,85 years and over,Hispanic,1884
2004,Other,Male,Under 5,Hispanic,137482
2004,Other,Male,10 to 14,NonHispanic,774005
2004,Other,Male,15 to 19,NonHispanic,754285
2004,Other,Male,20 to 24,NonHispanic,773289
2004,Other,Male,25 to 29,NonHispanic,745381
2004,Other,Male,30 to 34,NonHispanic,773420
2004,Other,Male,35 to 39,NonHispanic,693517
2004,Other,Male,40 to 44,NonHispanic,672934
2004,Other,Male,45 to 49,NonHispanic,607870
2004,Other,Male,5 to 9,NonHispanic,762412
2004,Other,Male,50 to 54,NonHispanic,515783
2004,Other,Male,55 to 59,NonHispanic,405291
2004,Other,Male,60 to 64,NonHispanic,290958
2004,Other,Male,65 to 69,NonHispanic,218977
2004,Other,Male,70 to 74,NonHispanic,155640
2004,Other,Male,75 to 79,NonHispanic,109399
2004,Other,Male,80 to 84,NonHispanic,68190
2004,Other,Male,85 years and over,NonHispanic,43223
2004,Other,Male,Under 5,NonHispanic,860317
2004,White,Female,10 to 14,Hispanic,1708295
2004,White,Female,15 to 19,Hispanic,1525948
2004,White,Female,20 to 24,Hispanic,1583971
2004,White,Female,25 to 29,Hispanic,1582905
2004,White,Female,30 to 34,Hispanic,1555119
2004,White,Female,35 to 39,Hispanic,1409566
2004,White,Female,40 to 44,Hispanic,1276962
2004,White,Female,45 to 49,Hispanic,1032738
2004,White,Female,5 to 9,Hispanic,1669707
2004,White,Female,50 to 54,Hispanic,813464
2004,White,Female,55 to 59,Hispanic,625503
2004,White,Female,60 to 64,Hispanic,458311
2004,White,Female,65 to 69,Hispanic,366315
2004,White,Female,70 to 74,Hispanic,292520
2004,White,Female,75 to 79,Hispanic,225369
2004,White,Female,80 to 84,Hispanic,145013
2004,White,Female,85 years and over,Hispanic,113220
2004,White,Female,Under 5,Hispanic,1954057
2004,White,Female,10 to 14,NonHispanic,6165778
2004,White,Female,15 to 19,NonHispanic,6284925
2004,White,Female,20 to 24,NonHispanic,6211662
2004,White,Female,25 to 29,NonHispanic,5626938
2004,White,Female,30 to 34,NonHispanic,6150108
2004,White,Female,35 to 39,NonHispanic,6763760
2004,White,Female,40 to 44,NonHispanic,7934495
2004,White,Female,45 to 49,NonHispanic,7987118
2004,White,Female,5 to 9,NonHispanic,5498295
2004,White,Female,50 to 54,NonHispanic,7343162
2004,White,Female,55 to 59,NonHispanic,6504738
2004,White,Female,60 to 64,NonHispanic,5142735
2004,White,Female,65 to 69,NonHispanic,4178171
2004,White,Female,70 to 74,NonHispanic,3776088
2004,White,Female,75 to 79,NonHispanic,3564209
2004,White,Female,80 to 84,NonHispanic,2910387
2004,White,Female,85 years and over,NonHispanic,2743380
2004,White,Female,Under 5,NonHispanic,5330661
2004,White,Male,10 to 14,Hispanic,1789690
2004,White,Male,15 to 19,Hispanic,1702567
2004,White,Male,20 to 24,Hispanic,1907604
2004,White,Male,25 to 29,Hispanic,1861365
2004,White,Male,30 to 34,Hispanic,1742947
2004,White,Male,35 to 39,Hispanic,1538240
2004,White,Male,40 to 44,Hispanic,1346268
2004,White,Male,45 to 49,Hispanic,1050089
2004,White,Male,5 to 9,Hispanic,1748351
2004,White,Male,50 to 54,Hispanic,787847
2004,White,Male,55 to 59,Hispanic,578353
2004,White,Male,60 to 64,Hispanic,396255
2004,White,Male,65 to 69,Hispanic,300241
2004,White,Male,70 to 74,Hispanic,223303
2004,White,Male,75 to 79,Hispanic,159379
2004,White,Male,80 to 84,Hispanic,94195
2004,White,Male,85 years and over,Hispanic,55402
2004,White,Male,Under 5,Hispanic,2037607
2004,White,Male,10 to 14,NonHispanic,6520483
2004,White,Male,15 to 19,NonHispanic,6638507
2004,White,Male,20 to 24,NonHispanic,6363402
2004,White,Male,25 to 29,NonHispanic,5684896
2004,White,Male,30 to 34,NonHispanic,6246008
2004,White,Male,35 to 39,NonHispanic,6822921
2004,White,Male,40 to 44,NonHispanic,7910642
2004,White,Male,45 to 49,NonHispanic,7911586
2004,White,Male,5 to 9,NonHispanic,5806225
2004,White,Male,50 to 54,NonHispanic,7184368
2004,White,Male,55 to 59,NonHispanic,6278192
2004,White,Male,60 to 64,NonHispanic,4810373
2004,White,Male,65 to 69,NonHispanic,3750876
2004,White,Male,70 to 74,NonHispanic,3153842
2004,White,Male,75 to 79,NonHispanic,2645363
2004,White,Male,80 to 84,NonHispanic,1813006
2004,White,Male,85 years and over,NonHispanic,1195343
2004,White,Male,Under 5,NonHispanic,5609118
2005,Black,Female,10 to 14,Hispanic,92582
2005,Black,Female,15 to 19,Hispanic,82902
2005,Black,Female,20 to 24,Hispanic,82628
2005,Black,Female,25 to 29,Hispanic,88317
2005,Black,Female,30 to 34,Hispanic,80375
2005,Black,Female,35 to 39,Hispanic,69345
2005,Black,Female,40 to 44,Hispanic,60644
2005,Black,Female,45 to 49,Hispanic,50930
2005,Black,Female,5 to 9,Hispanic,90669
2005,Black,Female,50 to 54,Hispanic,39468
2005,Black,Female,55 to 59,Hispanic,28983
2005,Black,Female,60 to 64,Hispanic,19236
2005,Black,Female,65 to 69,Hispanic,15610
2005,Black,Female,70 to 74,Hispanic,11544
2005,Black,Female,75 to 79,Hispanic,8652
2005,Black,Female,80 to 84,Hispanic,5574
2005,Black,Female,85 years and over,Hispanic,4628
2005,Black,Female,Under 5,Hispanic,97682
2005,Black,Female,10 to 14,NonHispanic,1593426
2005,Black,Female,15 to 19,NonHispanic,1579384
2005,Black,Female,20 to 24,NonHispanic,1438230
2005,Black,Female,25 to 29,NonHispanic,1328802
2005,Black,Female,30 to 34,NonHispanic,1323233
2005,Black,Female,35 to 39,NonHispanic,1373049
2005,Black,Female,40 to 44,NonHispanic,1483976
2005,Black,Female,45 to 49,NonHispanic,1415378
2005,Black,Female,5 to 9,NonHispanic,1363168
2005,Black,Female,50 to 54,NonHispanic,1207255
2005,Black,Female,55 to 59,NonHispanic,962728
2005,Black,Female,60 to 64,NonHispanic,690052
2005,Black,Female,65 to 69,NonHispanic,555354
2005,Black,Female,70 to 74,NonHispanic,451550
2005,Black,Female,75 to 79,NonHispanic,364523
2005,Black,Female,80 to 84,NonHispanic,255701
2005,Black,Female,85 years and over,NonHispanic,232390
2005,Black,Female,Under 5,NonHispanic,1334113
2005,Black,Male,10 to 14,Hispanic,95083
2005,Black,Male,15 to 19,Hispanic,86591
2005,Black,Male,20 to 24,Hispanic,85592
2005,Black,Male,25 to 29,Hispanic,82900
2005,Black,Male,30 to 34,Hispanic,69539
2005,Black,Male,35 to 39,Hispanic,62700
2005,Black,Male,40 to 44,Hispanic,54900
2005,Black,Male,45 to 49,Hispanic,45101
2005,Black,Male,5 to 9,Hispanic,93851
2005,Black,Male,50 to 54,Hispanic,35715
2005,Black,Male,55 to 59,Hispanic,25001
2005,Black,Male,60 to 64,Hispanic,16025
2005,Black,Male,65 to 69,Hispanic,11974
2005,Black,Male,70 to 74,Hispanic,8173
2005,Black,Male,75 to 79,Hispanic,5411
2005,Black,Male,80 to 84,Hispanic,2996
2005,Black,Male,85 years and over,Hispanic,1961
2005,Black,Male,Under 5,Hispanic,101058
2005,Black,Male,10 to 14,NonHispanic,1647089
2005,Black,Male,15 to 19,NonHispanic,1626584
2005,Black,Male,20 to 24,NonHispanic,1426656
2005,Black,Male,25 to 29,NonHispanic,1190538
2005,Black,Male,30 to 34,NonHispanic,1172488
2005,Black,Male,35 to 39,NonHispanic,1218813
2005,Black,Male,40 to 44,NonHispanic,1310852
2005,Black,Male,45 to 49,NonHispanic,1251084
2005,Black,Male,5 to 9,NonHispanic,1405268
2005,Black,Male,50 to 54,NonHispanic,1040524
2005,Black,Male,55 to 59,NonHispanic,810499
2005,Black,Male,60 to 64,NonHispanic,549734
2005,Black,Male,65 to 69,NonHispanic,421821
2005,Black,Male,70 to 74,NonHispanic,313330
2005,Black,Male,75 to 79,NonHispanic,219931
2005,Black,Male,80 to 84,NonHispanic,132567
2005,Black,Male,85 years and over,NonHispanic,85258
2005,Black,Male,Under 5,NonHispanic,1372000
2005,Other,Female,10 to 14,Hispanic,122688
2005,Other,Female,15 to 19,Hispanic,112395
2005,Other,Female,20 to 24,Hispanic,101406
2005,Other,Female,25 to 29,Hispanic,100645
2005,Other,Female,30 to 34,Hispanic,94493
2005,Other,Female,35 to 39,Hispanic,84055
2005,Other,Female,40 to 44,Hispanic,71947
2005,Other,Female,45 to 49,Hispanic,58553
2005,Other,Female,5 to 9,Hispanic,122455
2005,Other,Female,50 to 54,Hispanic,44567
2005,Other,Female,55 to 59,Hispanic,31069
2005,Other,Female,60 to 64,Hispanic,19457
2005,Other,Female,65 to 69,Hispanic,14083
2005,Other,Female,70 to 74,Hispanic,10585
2005,Other,Female,75 to 79,Hispanic,7751
2005,Other,Female,80 to 84,Hispanic,4773
2005,Other,Female,85 years and over,Hispanic,3646
2005,Other,Female,Under 5,Hispanic,145976
2005,Other,Female,10 to 14,NonHispanic,760510
2005,Other,Female,15 to 19,NonHispanic,752710
2005,Other,Female,20 to 24,NonHispanic,795950
2005,Other,Female,25 to 29,NonHispanic,832250
2005,Other,Female,30 to 34,NonHispanic,839614
2005,Other,Female,35 to 39,NonHispanic,782094
2005,Other,Female,40 to 44,NonHispanic,752984
2005,Other,Female,45 to 49,NonHispanic,709286
2005,Other,Female,5 to 9,NonHispanic,775422
2005,Other,Female,50 to 54,NonHispanic,619297
2005,Other,Female,55 to 59,NonHispanic,513231
2005,Other,Female,60 to 64,NonHispanic,351630
2005,Other,Female,65 to 69,NonHispanic,269110
2005,Other,Female,70 to 74,NonHispanic,212036
2005,Other,Female,75 to 79,NonHispanic,162968
2005,Other,Female,80 to 84,NonHispanic,106468
2005,Other,Female,85 years and over,NonHispanic,83781
2005,Other,Female,Under 5,NonHispanic,864464
2005,Other,Male,10 to 14,Hispanic,124049
2005,Other,Male,15 to 19,Hispanic,120656
2005,Other,Male,20 to 24,Hispanic,119049
2005,Other,Male,25 to 29,Hispanic,111976
2005,Other,Male,30 to 34,Hispanic,97319
2005,Other,Male,35 to 39,Hispanic,84318
2005,Other,Male,40 to 44,Hispanic,73347
2005,Other,Male,45 to 49,Hispanic,58826
2005,Other,Male,5 to 9,Hispanic,126386
2005,Other,Male,50 to 54,Hispanic,43855
2005,Other,Male,55 to 59,Hispanic,29349
2005,Other,Male,60 to 64,Hispanic,17477
2005,Other,Male,65 to 69,Hispanic,11890
2005,Other,Male,70 to 74,Hispanic,7930
2005,Other,Male,75 to 79,Hispanic,5248
2005,Other,Male,80 to 84,Hispanic,3054
2005,Other,Male,85 years and over,Hispanic,2126
2005,Other,Male,Under 5,Hispanic,151281
2005,Other,Male,10 to 14,NonHispanic,789742
2005,Other,Male,15 to 19,NonHispanic,783698
2005,Other,Male,20 to 24,NonHispanic,792780
2005,Other,Male,25 to 29,NonHispanic,766109
2005,Other,Male,30 to 34,NonHispanic,783921
2005,Other,Male,35 to 39,NonHispanic,718539
2005,Other,Male,40 to 44,NonHispanic,685786
2005,Other,Male,45 to 49,NonHispanic,630739
2005,Other,Male,5 to 9,NonHispanic,784658
2005,Other,Male,50 to 54,NonHispanic,536579
2005,Other,Male,55 to 59,NonHispanic,439529
2005,Other,Male,60 to 64,NonHispanic,305654
2005,Other,Male,65 to 69,NonHispanic,233048
2005,Other,Male,70 to 74,NonHispanic,163405
2005,Other,Male,75 to 79,NonHispanic,114637
2005,Other,Male,80 to 84,NonHispanic,71907
2005,Other,Male,85 years and over,NonHispanic,46710
2005,Other,Male,Under 5,NonHispanic,893408
2005,White,Female,10 to 14,Hispanic,1751406
2005,White,Female,15 to 19,Hispanic,1595206
2005,White,Female,20 to 24,Hispanic,1603244
2005,White,Female,25 to 29,Hispanic,1624222
2005,White,Female,30 to 34,Hispanic,1590594
2005,White,Female,35 to 39,Hispanic,1456286
2005,White,Female,40 to 44,Hispanic,1323070
2005,White,Female,45 to 49,Hispanic,1090858
2005,White,Female,5 to 9,Hispanic,1700083
2005,White,Female,50 to 54,Hispanic,856264
2005,White,Female,55 to 59,Hispanic,673427
2005,White,Female,60 to 64,Hispanic,482550
2005,White,Female,65 to 69,Hispanic,380163
2005,White,Female,70 to 74,Hispanic,302429
2005,White,Female,75 to 79,Hispanic,236777
2005,White,Female,80 to 84,Hispanic,154139
2005,White,Female,85 years and over,Hispanic,120931
2005,White,Female,Under 5,Hispanic,2013592
2005,White,Female,10 to 14,NonHispanic,6027770
2005,White,Female,15 to 19,NonHispanic,6312192
2005,White,Female,20 to 24,NonHispanic,6201348
2005,White,Female,25 to 29,NonHispanic,5738308
2005,White,Female,30 to 34,NonHispanic,5906845
2005,White,Female,35 to 39,NonHispanic,6646791
2005,White,Female,40 to 44,NonHispanic,7761102
2005,White,Female,45 to 49,NonHispanic,8032083
2005,White,Female,5 to 9,NonHispanic,5422103
2005,White,Female,50 to 54,NonHispanic,7490590
2005,White,Female,55 to 59,NonHispanic,6798421
2005,White,Female,60 to 64,NonHispanic,5297626
2005,White,Female,65 to 69,NonHispanic,4235180
2005,White,Female,70 to 74,NonHispanic,3740925
2005,White,Female,75 to 79,NonHispanic,3518585
2005,White,Female,80 to 84,NonHispanic,2927924
2005,White,Female,85 years and over,NonHispanic,2804079
2005,White,Female,Under 5,NonHispanic,5285978
2005,White,Male,10 to 14,Hispanic,1834743
2005,White,Male,15 to 19,Hispanic,1768386
2005,White,Male,20 to 24,Hispanic,1918375
2005,White,Male,25 to 29,Hispanic,1902021
2005,White,Male,30 to 34,Hispanic,1768442
2005,White,Male,35 to 39,Hispanic,1585925
2005,White,Male,40 to 44,Hispanic,1393316
2005,White,Male,45 to 49,Hispanic,1114410
2005,White,Male,5 to 9,Hispanic,1782414
2005,White,Male,50 to 54,Hispanic,834809
2005,White,Male,55 to 59,Hispanic,623306
2005,White,Male,60 to 64,Hispanic,419693
2005,White,Male,65 to 69,Hispanic,312778
2005,White,Male,70 to 74,Hispanic,231207
2005,White,Male,75 to 79,Hispanic,168309
2005,White,Male,80 to 84,Hispanic,100257
2005,White,Male,85 years and over,Hispanic,59799
2005,White,Male,Under 5,Hispanic,2097163
2005,White,Male,10 to 14,NonHispanic,6373491
2005,White,Male,15 to 19,NonHispanic,6665510
2005,White,Male,20 to 24,NonHispanic,6394697
2005,White,Male,25 to 29,NonHispanic,5768622
2005,White,Male,30 to 34,NonHispanic,5997074
2005,White,Male,35 to 39,NonHispanic,6716738
2005,White,Male,40 to 44,NonHispanic,7734961
2005,White,Male,45 to 49,NonHispanic,7959923
2005,White,Male,5 to 9,NonHispanic,5722590
2005,White,Male,50 to 54,NonHispanic,7329810
2005,White,Male,55 to 59,NonHispanic,6567677
2005,White,Male,60 to 64,NonHispanic,4969143
2005,White,Male,65 to 69,NonHispanic,3817616
2005,White,Male,70 to 74,NonHispanic,3149956
2005,White,Male,75 to 79,NonHispanic,2650817
2005,White,Male,80 to 84,NonHispanic,1845833
2005,White,Male,85 years and over,NonHispanic,1247990
2005,White,Male,Under 5,NonHispanic,5560685
2006,Black,Female,10 to 14,Hispanic,95569
2006,Black,Female,15 to 19,Hispanic,89541
2006,Black,Female,20 to 24,Hispanic,85600
2006,Black,Female,25 to 29,Hispanic,93589
2006,Black,Female,30 to 34,Hispanic,83263
2006,Black,Female,35 to 39,Hispanic,72938
2006,Black,Female,40 to 44,Hispanic,63735
2006,Black,Female,45 to 49,Hispanic,53874
2006,Black,Female,5 to 9,Hispanic,94636
2006,Black,Female,50 to 54,Hispanic,42203
2006,Black,Female,55 to 59,Hispanic,31161
2006,Black,Female,60 to 64,Hispanic,20943
2006,Black,Female,65 to 69,Hispanic,16240
2006,Black,Female,70 to 74,Hispanic,12230
2006,Black,Female,75 to 79,Hispanic,9091
2006,Black,Female,80 to 84,Hispanic,5873
2006,Black,Female,85 years and over,Hispanic,4948
2006,Black,Female,Under 5,Hispanic,109012
2006,Black,Female,10 to 14,NonHispanic,1556561
2006,Black,Female,15 to 19,NonHispanic,1620721
2006,Black,Female,20 to 24,NonHispanic,1439925
2006,Black,Female,25 to 29,NonHispanic,1368239
2006,Black,Female,30 to 34,NonHispanic,1291207
2006,Black,Female,35 to 39,NonHispanic,1379557
2006,Black,Female,40 to 44,NonHispanic,1471588
2006,Black,Female,45 to 49,NonHispanic,1439661
2006,Black,Female,5 to 9,NonHispanic,1364679
2006,Black,Female,50 to 54,NonHispanic,1246538
2006,Black,Female,55 to 59,NonHispanic,1031728
2006,Black,Female,60 to 64,NonHispanic,711054
2006,Black,Female,65 to 69,NonHispanic,567679
2006,Black,Female,70 to 74,NonHispanic,461367
2006,Black,Female,75 to 79,NonHispanic,363216
2006,Black,Female,80 to 84,NonHispanic,261311
2006,Black,Female,85 years and over,NonHispanic,237948
2006,Black,Female,Under 5,NonHispanic,1326364
2006,Black,Male,10 to 14,Hispanic,98451
2006,Black,Male,15 to 19,Hispanic,93212
2006,Black,Male,20 to 24,Hispanic,88902
2006,Black,Male,25 to 29,Hispanic,88387
2006,Black,Male,30 to 34,Hispanic,72557
2006,Black,Male,35 to 39,Hispanic,65104
2006,Black,Male,40 to 44,Hispanic,57986
2006,Black,Male,45 to 49,Hispanic,47629
2006,Black,Male,5 to 9,Hispanic,97675
2006,Black,Male,50 to 54,Hispanic,38197
2006,Black,Male,55 to 59,Hispanic,27055
2006,Black,Male,60 to 64,Hispanic,17221
2006,Black,Male,65 to 69,Hispanic,12569
2006,Black,Male,70 to 74,Hispanic,8749
2006,Black,Male,75 to 79,Hispanic,5689
2006,Black,Male,80 to 84,Hispanic,3204
2006,Black,Male,85 years and over,Hispanic,2140
2006,Black,Male,Under 5,Hispanic,112914
2006,Black,Male,10 to 14,NonHispanic,1608270
2006,Black,Male,15 to 19,NonHispanic,1670743
2006,Black,Male,20 to 24,NonHispanic,1436958
2006,Black,Male,25 to 29,NonHispanic,1229469
2006,Black,Male,30 to 34,NonHispanic,1146709
2006,Black,Male,35 to 39,NonHispanic,1222549
2006,Black,Male,40 to 44,NonHispanic,1305253
2006,Black,Male,45 to 49,NonHispanic,1275625
2006,Black,Male,5 to 9,NonHispanic,1406524
2006,Black,Male,50 to 54,NonHispanic,1078826
2006,Black,Male,55 to 59,NonHispanic,869706
2006,Black,Male,60 to 64,NonHispanic,569178
2006,Black,Male,65 to 69,NonHispanic,431485
2006,Black,Male,70 to 74,NonHispanic,321939
2006,Black,Male,75 to 79,NonHispanic,220526
2006,Black,Male,80 to 84,NonHispanic,135660
2006,Black,Male,85 years and over,NonHispanic,88098
2006,Black,Male,Under 5,NonHispanic,1364100
2006,Other,Female,10 to 14,Hispanic,132400
2006,Other,Female,15 to 19,Hispanic,123583
2006,Other,Female,20 to 24,Hispanic,110059
2006,Other,Female,25 to 29,Hispanic,110748
2006,Other,Female,30 to 34,Hispanic,102609
2006,Other,Female,35 to 39,Hispanic,91310
2006,Other,Female,40 to 44,Hispanic,78423
2006,Other,Female,45 to 49,Hispanic,64332
2006,Other,Female,5 to 9,Hispanic,134421
2006,Other,Female,50 to 54,Hispanic,49579
2006,Other,Female,55 to 59,Hispanic,35094
2006,Other,Female,60 to 64,Hispanic,21966
2006,Other,Female,65 to 69,Hispanic,15415
2006,Other,Female,70 to 74,Hispanic,11571
2006,Other,Female,75 to 79,Hispanic,8399
2006,Other,Female,80 to 84,Hispanic,5290
2006,Other,Female,85 years and over,Hispanic,4057
2006,Other,Female,Under 5,Hispanic,159708
2006,Other,Female,10 to 14,NonHispanic,783258
2006,Other,Female,15 to 19,NonHispanic,780472
2006,Other,Female,20 to 24,NonHispanic,809706
2006,Other,Female,25 to 29,NonHispanic,869626
2006,Other,Female,30 to 34,NonHispanic,854857
2006,Other,Female,35 to 39,NonHispanic,818465
2006,Other,Female,40 to 44,NonHispanic,768837
2006,Other,Female,45 to 49,NonHispanic,727998
2006,Other,Female,5 to 9,NonHispanic,808737
2006,Other,Female,50 to 54,NonHispanic,648887
2006,Other,Female,55 to 59,NonHispanic,549162
2006,Other,Female,60 to 64,NonHispanic,373511
2006,Other,Female,65 to 69,NonHispanic,283159
2006,Other,Female,70 to 74,NonHispanic,220669
2006,Other,Female,75 to 79,NonHispanic,168928
2006,Other,Female,80 to 84,NonHispanic,112953
2006,Other,Female,85 years and over,NonHispanic,89663
2006,Other,Female,Under 5,NonHispanic,886434
2006,Other,Male,10 to 14,Hispanic,134887
2006,Other,Male,15 to 19,Hispanic,131868
2006,Other,Male,20 to 24,Hispanic,128766
2006,Other,Male,25 to 29,Hispanic,123386
2006,Other,Male,30 to 34,Hispanic,106772
2006,Other,Male,35 to 39,Hispanic,92287
2006,Other,Male,40 to 44,Hispanic,80278
2006,Other,Male,45 to 49,Hispanic,65159
2006,Other,Male,5 to 9,Hispanic,138488
2006,Other,Male,50 to 54,Hispanic,48869
2006,Other,Male,55 to 59,Hispanic,33016
2006,Other,Male,60 to 64,Hispanic,19862
2006,Other,Male,65 to 69,Hispanic,13172
2006,Other,Male,70 to 74,Hispanic,8609
2006,Other,Male,75 to 79,Hispanic,5815
2006,Other,Male,80 to 84,Hispanic,3338
2006,Other,Male,85 years and over,Hispanic,2350
2006,Other,Male,Under 5,Hispanic,166211
2006,Other,Male,10 to 14,NonHispanic,809834
2006,Other,Male,15 to 19,NonHispanic,811902
2006,Other,Male,20 to 24,NonHispanic,810021
2006,Other,Male,25 to 29,NonHispanic,795096
2006,Other,Male,30 to 34,NonHispanic,791457
2006,Other,Male,35 to 39,NonHispanic,748656
2006,Other,Male,40 to 44,NonHispanic,700901
2006,Other,Male,45 to 49,NonHispanic,648629
2006,Other,Male,5 to 9,NonHispanic,818110
2006,Other,Male,50 to 54,NonHispanic,561593
2006,Other,Male,55 to 59,NonHispanic,467209
2006,Other,Male,60 to 64,NonHispanic,322370
2006,Other,Male,65 to 69,NonHispanic,245541
2006,Other,Male,70 to 74,NonHispanic,173014
2006,Other,Male,75 to 79,NonHispanic,119330
2006,Other,Male,80 to 84,NonHispanic,74975
2006,Other,Male,85 years and over,NonHispanic,50088
2006,Other,Male,Under 5,NonHispanic,915901
2006,White,Female,10 to 14,Hispanic,1792488
2006,White,Female,15 to 19,Hispanic,1668807
2006,White,Female,20 to 24,Hispanic,1624296
2006,White,Female,25 to 29,Hispanic,1667502
2006,White,Female,30 to 34,Hispanic,1624235
2006,White,Female,35 to 39,Hispanic,1511870
2006,White,Female,40 to 44,Hispanic,1366755
2006,White,Female,45 to 49,Hispanic,1144651
2006,White,Female,5 to 9,Hispanic,1763441
2006,White,Female,50 to 54,Hispanic,904882
2006,White,Female,55 to 59,Hispanic,715968
2006,White,Female,60 to 64,Hispanic,512423
2006,White,Female,65 to 69,Hispanic,394599
2006,White,Female,70 to 74,Hispanic,313213
2006,White,Female,75 to 79,Hispanic,245843
2006,White,Female,80 to 84,Hispanic,162961
2006,White,Female,85 years and over,Hispanic,128542
2006,White,Female,Under 5,Hispanic,2053551
2006,White,Female,10 to 14,NonHispanic,5901668
2006,White,Female,15 to 19,NonHispanic,6314169
2006,White,Female,20 to 24,NonHispanic,6169198
2006,White,Female,25 to 29,NonHispanic,5904718
2006,White,Female,30 to 34,NonHispanic,5655747
2006,White,Female,35 to 39,NonHispanic,6615308
2006,White,Female,40 to 44,NonHispanic,7488825
2006,White,Female,45 to 49,NonHispanic,8074939
2006,White,Female,5 to 9,NonHispanic,5389259
2006,White,Female,50 to 54,NonHispanic,7614031
2006,White,Female,55 to 59,NonHispanic,7109952
2006,White,Female,60 to 64,NonHispanic,5419092
2006,White,Female,65 to 69,NonHispanic,4332110
2006,White,Female,70 to 74,NonHispanic,3722386
2006,White,Female,75 to 79,NonHispanic,3473659
2006,White,Female,80 to 84,NonHispanic,2915161
2006,White,Female,85 years and over,NonHispanic,2882381
2006,White,Female,Under 5,NonHispanic,5215942
2006,White,Male,10 to 14,Hispanic,1875896
2006,White,Male,15 to 19,Hispanic,1838723
2006,White,Male,20 to 24,Hispanic,1933620
2006,White,Male,25 to 29,Hispanic,1940009
2006,White,Male,30 to 34,Hispanic,1798664
2006,White,Male,35 to 39,Hispanic,1632508
2006,White,Male,40 to 44,Hispanic,1443085
2006,White,Male,45 to 49,Hispanic,1171201
2006,White,Male,5 to 9,Hispanic,1848222
2006,White,Male,50 to 54,Hispanic,883095
2006,White,Male,55 to 59,Hispanic,665779
2006,White,Male,60 to 64,Hispanic,446254
2006,White,Male,65 to 69,Hispanic,325878
2006,White,Male,70 to 74,Hispanic,239454
2006,White,Male,75 to 79,Hispanic,175448
2006,White,Male,80 to 84,Hispanic,106308
2006,White,Male,85 years and over,Hispanic,64456
2006,White,Male,Under 5,Hispanic,2137494
2006,White,Male,10 to 14,NonHispanic,6243856
2006,White,Male,15 to 19,NonHispanic,6663968
2006,White,Male,20 to 24,NonHispanic,6399084
2006,White,Male,25 to 29,NonHispanic,5919242
2006,White,Male,30 to 34,NonHispanic,5757091
2006,White,Male,35 to 39,NonHispanic,6690681
2006,White,Male,40 to 44,NonHispanic,7476902
2006,White,Male,45 to 49,NonHispanic,8001588
2006,White,Male,5 to 9,NonHispanic,5680496
2006,White,Male,50 to 54,NonHispanic,7454173
2006,White,Male,55 to 59,NonHispanic,6861030
2006,White,Male,60 to 64,NonHispanic,5099379
2006,White,Male,65 to 69,NonHispanic,3915354
2006,White,Male,70 to 74,NonHispanic,3156625
2006,White,Male,75 to 79,NonHispanic,2651090
2006,White,Male,80 to 84,NonHispanic,1861083
2006,White,Male,85 years and over,NonHispanic,1311258
2006,White,Male,Under 5,NonHispanic,5491252
2007,Black,Female,10 to 14,Hispanic,98471
2007,Black,Female,15 to 19,Hispanic,96052
2007,Black,Female,20 to 24,Hispanic,90300
2007,Black,Female,25 to 29,Hispanic,97471
2007,Black,Female,30 to 34,Hispanic,86818
2007,Black,Female,35 to 39,Hispanic,76384
2007,Black,Female,40 to 44,Hispanic,66361
2007,Black,Female,45 to 49,Hispanic,56707
2007,Black,Female,5 to 9,Hispanic,97384
2007,Black,Female,50 to 54,Hispanic,45344
2007,Black,Female,55 to 59,Hispanic,32991
2007,Black,Female,60 to 64,Hispanic,23047
2007,Black,Female,65 to 69,Hispanic,16997
2007,Black,Female,70 to 74,Hispanic,12911
2007,Black,Female,75 to 79,Hispanic,9504
2007,Black,Female,80 to 84,Hispanic,6222
2007,Black,Female,85 years and over,Hispanic,5260
2007,Black,Female,Under 5,Hispanic,121138
2007,Black,Female,10 to 14,NonHispanic,1518181
2007,Black,Female,15 to 19,NonHispanic,1653540
2007,Black,Female,20 to 24,NonHispanic,1447068
2007,Black,Female,25 to 29,NonHispanic,1393586
2007,Black,Female,30 to 34,NonHispanic,1282030
2007,Black,Female,35 to 39,NonHispanic,1385637
2007,Black,Female,40 to 44,NonHispanic,1447702
2007,Black,Female,45 to 49,NonHispanic,1450880
2007,Black,Female,5 to 9,NonHispanic,1365505
2007,Black,Female,50 to 54,NonHispanic,1296597
2007,Black,Female,55 to 59,NonHispanic,1070188
2007,Black,Female,60 to 64,NonHispanic,758308
2007,Black,Female,65 to 69,NonHispanic,585457
2007,Black,Female,70 to 74,NonHispanic,467281
2007,Black,Female,75 to 79,NonHispanic,363859
2007,Black,Female,80 to 84,NonHispanic,265558
2007,Black,Female,85 years and over,NonHispanic,245632
2007,Black,Female,Under 5,NonHispanic,1338523
2007,Black,Male,10 to 14,Hispanic,102096
2007,Black,Male,15 to 19,Hispanic,99727
2007,Black,Male,20 to 24,Hispanic,92595
2007,Black,Male,25 to 29,Hispanic,92847
2007,Black,Male,30 to 34,Hispanic,76199
2007,Black,Male,35 to 39,Hispanic,67692
2007,Black,Male,40 to 44,Hispanic,60285
2007,Black,Male,45 to 49,Hispanic,50131
2007,Black,Male,5 to 9,Hispanic,100328
2007,Black,Male,50 to 54,Hispanic,40783
2007,Black,Male,55 to 59,Hispanic,28871
2007,Black,Male,60 to 64,Hispanic,18994
2007,Black,Male,65 to 69,Hispanic,13128
2007,Black,Male,70 to 74,Hispanic,9343
2007,Black,Male,75 to 79,Hispanic,5932
2007,Black,Male,80 to 84,Hispanic,3421
2007,Black,Male,85 years and over,Hispanic,2338
2007,Black,Male,Under 5,Hispanic,125703
2007,Black,Male,10 to 14,NonHispanic,1569985
2007,Black,Male,15 to 19,NonHispanic,1705436
2007,Black,Male,20 to 24,NonHispanic,1439955
2007,Black,Male,25 to 29,NonHispanic,1260510
2007,Black,Male,30 to 34,NonHispanic,1139064
2007,Black,Male,35 to 39,NonHispanic,1230041
2007,Black,Male,40 to 44,NonHispanic,1285459
2007,Black,Male,45 to 49,NonHispanic,1288963
2007,Black,Male,5 to 9,NonHispanic,1406218
2007,Black,Male,50 to 54,NonHispanic,1128758
2007,Black,Male,55 to 59,NonHispanic,900347
2007,Black,Male,60 to 64,NonHispanic,611672
2007,Black,Male,65 to 69,NonHispanic,444682
2007,Black,Male,70 to 74,NonHispanic,328361
2007,Black,Male,75 to 79,NonHispanic,222639
2007,Black,Male,80 to 84,NonHispanic,138062
2007,Black,Male,85 years and over,NonHispanic,92104
2007,Black,Male,Under 5,NonHispanic,1377970
2007,Other,Female,10 to 14,Hispanic,142509
2007,Other,Female,15 to 19,Hispanic,134667
2007,Other,Female,20 to 24,Hispanic,119816
2007,Other,Female,25 to 29,Hispanic,120459
2007,Other,Female,30 to 34,Hispanic,111232
2007,Other,Female,35 to 39,Hispanic,98581
2007,Other,Female,40 to 44,Hispanic,84673
2007,Other,Female,45 to 49,Hispanic,70736
2007,Other,Female,5 to 9,Hispanic,147043
2007,Other,Female,50 to 54,Hispanic,54964
2007,Other,Female,55 to 59,Hispanic,38648
2007,Other,Female,60 to 64,Hispanic,25378
2007,Other,Female,65 to 69,Hispanic,16904
2007,Other,Female,70 to 74,Hispanic,12719
2007,Other,Female,75 to 79,Hispanic,9119
2007,Other,Female,80 to 84,Hispanic,5807
2007,Other,Female,85 years and over,Hispanic,4533
2007,Other,Female,Under 5,Hispanic,177073
2007,Other,Female,10 to 14,NonHispanic,804908
2007,Other,Female,15 to 19,NonHispanic,809646
2007,Other,Female,20 to 24,NonHispanic,823771
2007,Other,Female,25 to 29,NonHispanic,901158
2007,Other,Female,30 to 34,NonHispanic,868600
2007,Other,Female,35 to 39,NonHispanic,858896
2007,Other,Female,40 to 44,NonHispanic,782108
2007,Other,Female,45 to 49,NonHispanic,745661
2007,Other,Female,5 to 9,NonHispanic,841007
2007,Other,Female,50 to 54,NonHispanic,676779
2007,Other,Female,55 to 59,NonHispanic,572514
2007,Other,Female,60 to 64,NonHispanic,407515
2007,Other,Female,65 to 69,NonHispanic,299629
2007,Other,Female,70 to 74,NonHispanic,229536
2007,Other,Female,75 to 79,NonHispanic,174588
2007,Other,Female,80 to 84,NonHispanic,118628
2007,Other,Female,85 years and over,NonHispanic,96029
2007,Other,Female,Under 5,NonHispanic,917265
2007,Other,Male,10 to 14,Hispanic,145584
2007,Other,Male,15 to 19,Hispanic,143388
2007,Other,Male,20 to 24,Hispanic,138899
2007,Other,Male,25 to 29,Hispanic,134451
2007,Other,Male,30 to 34,Hispanic,117090
2007,Other,Male,35 to 39,Hispanic,100602
2007,Other,Male,40 to 44,Hispanic,87047
2007,Other,Male,45 to 49,Hispanic,71711
2007,Other,Male,5 to 9,Hispanic,151608
2007,Other,Male,50 to 54,Hispanic,54430
2007,Other,Male,55 to 59,Hispanic,36362
2007,Other,Male,60 to 64,Hispanic,23008
2007,Other,Male,65 to 69,Hispanic,14495
2007,Other,Male,70 to 74,Hispanic,9577
2007,Other,Male,75 to 79,Hispanic,6294
2007,Other,Male,80 to 84,Hispanic,3699
2007,Other,Male,85 years and over,Hispanic,2600
2007,Other,Male,Under 5,Hispanic,184679
2007,Other,Male,10 to 14,NonHispanic,828830
2007,Other,Male,15 to 19,NonHispanic,841579
2007,Other,Male,20 to 24,NonHispanic,824091
2007,Other,Male,25 to 29,NonHispanic,821567
2007,Other,Male,30 to 34,NonHispanic,795959
2007,Other,Male,35 to 39,NonHispanic,782385
2007,Other,Male,40 to 44,NonHispanic,709238
2007,Other,Male,45 to 49,NonHispanic,666448
2007,Other,Male,5 to 9,NonHispanic,850872
2007,Other,Male,50 to 54,NonHispanic,586895
2007,Other,Male,55 to 59,NonHispanic,484944
2007,Other,Male,60 to 64,NonHispanic,349449
2007,Other,Male,65 to 69,NonHispanic,258936
2007,Other,Male,70 to 74,NonHispanic,183222
2007,Other,Male,75 to 79,NonHispanic,124116
2007,Other,Male,80 to 84,NonHispanic,77889
2007,Other,Male,85 years and over,NonHispanic,54160
2007,Other,Male,Under 5,NonHispanic,948384
2007,White,Female,10 to 14,Hispanic,1823741
2007,White,Female,15 to 19,Hispanic,1742944
2007,White,Female,20 to 24,Hispanic,1644450
2007,White,Female,25 to 29,Hispanic,1708480
2007,White,Female,30 to 34,Hispanic,1657836
2007,White,Female,35 to 39,Hispanic,1566984
2007,White,Female,40 to 44,Hispanic,1402404
2007,White,Female,45 to 49,Hispanic,1196909
2007,White,Female,5 to 9,Hispanic,1834742
2007,White,Female,50 to 54,Hispanic,959153
2007,White,Female,55 to 59,Hispanic,748716
2007,White,Female,60 to 64,Hispanic,551815
2007,White,Female,65 to 69,Hispanic,411904
2007,White,Female,70 to 74,Hispanic,324703
2007,White,Female,75 to 79,Hispanic,254461
2007,White,Female,80 to 84,Hispanic,171084
2007,White,Female,85 years and over,Hispanic,136956
2007,White,Female,Under 5,Hispanic,2101308
2007,White,Female,10 to 14,NonHispanic,5782272
2007,White,Female,15 to 19,NonHispanic,6294477
2007,White,Female,20 to 24,NonHispanic,6144758
2007,White,Female,25 to 29,NonHispanic,6008105
2007,White,Female,30 to 34,NonHispanic,5552818
2007,White,Female,35 to 39,NonHispanic,6516357
2007,White,Female,40 to 44,NonHispanic,7215915
2007,White,Female,45 to 49,NonHispanic,8021320
2007,White,Female,5 to 9,NonHispanic,5355002
2007,White,Female,50 to 54,NonHispanic,7762912
2007,White,Female,55 to 59,NonHispanic,7046416
2007,White,Female,60 to 64,NonHispanic,5873135
2007,White,Female,65 to 69,NonHispanic,4493914
2007,White,Female,70 to 74,NonHispanic,3723847
2007,White,Female,75 to 79,NonHispanic,3413693
2007,White,Female,80 to 84,NonHispanic,2901968
2007,White,Female,85 years and over,NonHispanic,2957899
2007,White,Female,Under 5,NonHispanic,5184962
2007,White,Male,10 to 14,Hispanic,1908606
2007,White,Male,15 to 19,Hispanic,1909160
2007,White,Male,20 to 24,Hispanic,1940313
2007,White,Male,25 to 29,Hispanic,1976371
2007,White,Male,30 to 34,Hispanic,1825667
2007,White,Male,35 to 39,Hispanic,1682600
2007,White,Male,40 to 44,Hispanic,1477854
2007,White,Male,45 to 49,Hispanic,1228025
2007,White,Male,5 to 9,Hispanic,1919736
2007,White,Male,50 to 54,Hispanic,937513
2007,White,Male,55 to 59,Hispanic,697366
2007,White,Male,60 to 64,Hispanic,482936
2007,White,Male,65 to 69,Hispanic,340520
2007,White,Male,70 to 74,Hispanic,248642
2007,White,Male,75 to 79,Hispanic,181829
2007,White,Male,80 to 84,Hispanic,111863
2007,White,Male,85 years and over,Hispanic,70228
2007,White,Male,Under 5,Hispanic,2188874
2007,White,Male,10 to 14,NonHispanic,6115859
2007,White,Male,15 to 19,NonHispanic,6637200
2007,White,Male,20 to 24,NonHispanic,6371983
2007,White,Male,25 to 29,NonHispanic,6027693
2007,White,Male,30 to 34,NonHispanic,5657452
2007,White,Male,35 to 39,NonHispanic,6597732
2007,White,Male,40 to 44,NonHispanic,7213293
2007,White,Male,45 to 49,NonHispanic,7952270
2007,White,Male,5 to 9,NonHispanic,5645166
2007,White,Male,50 to 54,NonHispanic,7596050
2007,White,Male,55 to 59,NonHispanic,6797409
2007,White,Male,60 to 64,NonHispanic,5548405
2007,White,Male,65 to 69,NonHispanic,4073669
2007,White,Male,70 to 74,NonHispanic,3178350
2007,White,Male,75 to 79,NonHispanic,2634329
2007,White,Male,80 to 84,NonHispanic,1882875
2007,White,Male,85 years and over,NonHispanic,1371806
2007,White,Male,Under 5,NonHispanic,5460083
2008,Black,Female,10 to 14,Hispanic,101900
2008,Black,Female,15 to 19,Hispanic,102285
2008,Black,Female,20 to 24,Hispanic,96522
2008,Black,Female,25 to 29,Hispanic,100848
2008,Black,Female,30 to 34,Hispanic,90552
2008,Black,Female,35 to 39,Hispanic,79480
2008,Black,Female,40 to 44,Hispanic,68703
2008,Black,Female,45 to 49,Hispanic,60150
2008,Black,Female,5 to 9,Hispanic,101021
2008,Black,Female,50 to 54,Hispanic,48322
2008,Black,Female,55 to 59,Hispanic,35245
2008,Black,Female,60 to 64,Hispanic,24908
2008,Black,Female,65 to 69,Hispanic,18052
2008,Black,Female,70 to 74,Hispanic,13637
2008,Black,Female,75 to 79,Hispanic,9906
2008,Black,Female,80 to 84,Hispanic,6689
2008,Black,Female,85 years and over,Hispanic,5595
2008,Black,Female,Under 5,Hispanic,131175
2008,Black,Female,10 to 14,NonHispanic,1483394
2008,Black,Female,15 to 19,NonHispanic,1672562
2008,Black,Female,20 to 24,NonHispanic,1465246
2008,Black,Female,25 to 29,NonHispanic,1410956
2008,Black,Female,30 to 34,NonHispanic,1286351
2008,Black,Female,35 to 39,NonHispanic,1382148
2008,Black,Female,40 to 44,NonHispanic,1421652
2008,Black,Female,45 to 49,NonHispanic,1462085
2008,Black,Female,5 to 9,NonHispanic,1362544
2008,Black,Female,50 to 54,NonHispanic,1341256
2008,Black,Female,55 to 59,NonHispanic,1107695
2008,Black,Female,60 to 64,NonHispanic,803801
2008,Black,Female,65 to 69,NonHispanic,609432
2008,Black,Female,70 to 74,NonHispanic,474667
2008,Black,Female,75 to 79,NonHispanic,367192
2008,Black,Female,80 to 84,NonHispanic,268860
2008,Black,Female,85 years and over,NonHispanic,254124
2008,Black,Female,Under 5,NonHispanic,1357088
2008,Black,Male,10 to 14,Hispanic,105309
2008,Black,Male,15 to 19,Hispanic,106603
2008,Black,Male,20 to 24,Hispanic,97807
2008,Black,Male,25 to 29,Hispanic,96205
2008,Black,Male,30 to 34,Hispanic,80881
2008,Black,Male,35 to 39,Hispanic,69978
2008,Black,Male,40 to 44,Hispanic,62548
2008,Black,Male,45 to 49,Hispanic,53237
2008,Black,Male,5 to 9,Hispanic,104265
2008,Black,Male,50 to 54,Hispanic,43290
2008,Black,Male,55 to 59,Hispanic,30854
2008,Black,Male,60 to 64,Hispanic,20614
2008,Black,Male,65 to 69,Hispanic,14017
2008,Black,Male,70 to 74,Hispanic,9935
2008,Black,Male,75 to 79,Hispanic,6296
2008,Black,Male,80 to 84,Hispanic,3640
2008,Black,Male,85 years and over,Hispanic,2519
2008,Black,Male,Under 5,Hispanic,135717
2008,Black,Male,10 to 14,NonHispanic,1533552
2008,Black,Male,15 to 19,NonHispanic,1728203
2008,Black,Male,20 to 24,NonHispanic,1448484
2008,Black,Male,25 to 29,NonHispanic,1288865
2008,Black,Male,30 to 34,NonHispanic,1146649
2008,Black,Male,35 to 39,NonHispanic,1228266
2008,Black,Male,40 to 44,NonHispanic,1265608
2008,Black,Male,45 to 49,NonHispanic,1299220
2008,Black,Male,5 to 9,NonHispanic,1402637
2008,Black,Male,50 to 54,NonHispanic,1174666
2008,Black,Male,55 to 59,NonHispanic,932630
2008,Black,Male,60 to 64,NonHispanic,652437
2008,Black,Male,65 to 69,NonHispanic,463952
2008,Black,Male,70 to 74,NonHispanic,335333
2008,Black,Male,75 to 79,NonHispanic,226556
2008,Black,Male,80 to 84,NonHispanic,140064
2008,Black,Male,85 years and over,NonHispanic,96573
2008,Black,Male,Under 5,NonHispanic,1395961
2008,Other,Female,10 to 14,Hispanic,153597
2008,Other,Female,15 to 19,Hispanic,146512
2008,Other,Female,20 to 24,Hispanic,130746
2008,Other,Female,25 to 29,Hispanic,129991
2008,Other,Female,30 to 34,Hispanic,120108
2008,Other,Female,35 to 39,Hispanic,105866
2008,Other,Female,40 to 44,Hispanic,90839
2008,Other,Female,45 to 49,Hispanic,77586
2008,Other,Female,5 to 9,Hispanic,162188
2008,Other,Female,50 to 54,Hispanic,60786
2008,Other,Female,55 to 59,Hispanic,42744
2008,Other,Female,60 to 64,Hispanic,28643
2008,Other,Female,65 to 69,Hispanic,18913
2008,Other,Female,70 to 74,Hispanic,13986
2008,Other,Female,75 to 79,Hispanic,9861
2008,Other,Female,80 to 84,Hispanic,6431
2008,Other,Female,85 years and over,Hispanic,5048
2008,Other,Female,Under 5,Hispanic,195085
2008,Other,Female,10 to 14,NonHispanic,828446
2008,Other,Female,15 to 19,NonHispanic,835273
2008,Other,Female,20 to 24,NonHispanic,843924
2008,Other,Female,25 to 29,NonHispanic,926869
2008,Other,Female,30 to 34,NonHispanic,884278
2008,Other,Female,35 to 39,NonHispanic,890216
2008,Other,Female,40 to 44,NonHispanic,796299
2008,Other,Female,45 to 49,NonHispanic,768399
2008,Other,Female,5 to 9,NonHispanic,877246
2008,Other,Female,50 to 54,NonHispanic,702673
2008,Other,Female,55 to 59,NonHispanic,596686
2008,Other,Female,60 to 64,NonHispanic,443545
2008,Other,Female,65 to 69,NonHispanic,316777
2008,Other,Female,70 to 74,NonHispanic,238870
2008,Other,Female,75 to 79,NonHispanic,181130
2008,Other,Female,80 to 84,NonHispanic,124758
2008,Other,Female,85 years and over,NonHispanic,102740
2008,Other,Female,Under 5,NonHispanic,949031
2008,Other,Male,10 to 14,Hispanic,156795
2008,Other,Male,15 to 19,Hispanic,155088
2008,Other,Male,20 to 24,Hispanic,149663
2008,Other,Male,25 to 29,Hispanic,146139
2008,Other,Male,30 to 34,Hispanic,128002
2008,Other,Male,35 to 39,Hispanic,109518
2008,Other,Male,40 to 44,Hispanic,94570
2008,Other,Male,45 to 49,Hispanic,78505
2008,Other,Male,5 to 9,Hispanic,167191
2008,Other,Male,50 to 54,Hispanic,60629
2008,Other,Male,55 to 59,Hispanic,40286
2008,Other,Male,60 to 64,Hispanic,26454
2008,Other,Male,65 to 69,Hispanic,16114
2008,Other,Male,70 to 74,Hispanic,10667
2008,Other,Male,75 to 79,Hispanic,6839
2008,Other,Male,80 to 84,Hispanic,4051
2008,Other,Male,85 years and over,Hispanic,2887
2008,Other,Male,Under 5,Hispanic,203273
2008,Other,Male,10 to 14,NonHispanic,850863
2008,Other,Male,15 to 19,NonHispanic,866790
2008,Other,Male,20 to 24,NonHispanic,843457
2008,Other,Male,25 to 29,NonHispanic,845696
2008,Other,Male,30 to 34,NonHispanic,801155
2008,Other,Male,35 to 39,NonHispanic,807635
2008,Other,Male,40 to 44,NonHispanic,718363
2008,Other,Male,45 to 49,NonHispanic,686686
2008,Other,Male,5 to 9,NonHispanic,888077
2008,Other,Male,50 to 54,NonHispanic,612113
2008,Other,Male,55 to 59,NonHispanic,504868
2008,Other,Male,60 to 64,NonHispanic,376802
2008,Other,Male,65 to 69,NonHispanic,272697
2008,Other,Male,70 to 74,NonHispanic,194175
2008,Other,Male,75 to 79,NonHispanic,129689
2008,Other,Male,80 to 84,NonHispanic,81057
2008,Other,Male,85 years and over,NonHispanic,58260
2008,Other,Male,Under 5,NonHispanic,980394
2008,White,Female,10 to 14,Hispanic,1855662
2008,White,Female,15 to 19,Hispanic,1811295
2008,White,Female,20 to 24,Hispanic,1674997
2008,White,Female,25 to 29,Hispanic,1745694
2008,White,Female,30 to 34,Hispanic,1687633
2008,White,Female,35 to 39,Hispanic,1615921
2008,White,Female,40 to 44,Hispanic,1439805
2008,White,Female,45 to 49,Hispanic,1251499
2008,White,Female,5 to 9,Hispanic,1910317
2008,White,Female,50 to 54,Hispanic,1009324
2008,White,Female,55 to 59,Hispanic,786854
2008,White,Female,60 to 64,Hispanic,589260
2008,White,Female,65 to 69,Hispanic,433950
2008,White,Female,70 to 74,Hispanic,338601
2008,White,Female,75 to 79,Hispanic,261401
2008,White,Female,80 to 84,Hispanic,180671
2008,White,Female,85 years and over,Hispanic,145447
2008,White,Female,Under 5,Hispanic,2138628
2008,White,Female,10 to 14,NonHispanic,5685475
2008,White,Female,15 to 19,NonHispanic,6237221
2008,White,Female,20 to 24,NonHispanic,6128131
2008,White,Female,25 to 29,NonHispanic,6079174
2008,White,Female,30 to 34,NonHispanic,5556957
2008,White,Female,35 to 39,NonHispanic,6364178
2008,White,Female,40 to 44,NonHispanic,6940626
2008,White,Female,45 to 49,NonHispanic,7937264
2008,White,Female,5 to 9,NonHispanic,5335172
2008,White,Female,50 to 54,NonHispanic,7878192
2008,White,Female,55 to 59,NonHispanic,7133014
2008,White,Female,60 to 64,NonHispanic,6089368
2008,White,Female,65 to 69,NonHispanic,4750784
2008,White,Female,70 to 74,NonHispanic,3776575
2008,White,Female,75 to 79,NonHispanic,3349007
2008,White,Female,80 to 84,NonHispanic,2890537
2008,White,Female,85 years and over,NonHispanic,3020072
2008,White,Female,Under 5,NonHispanic,5143176
2008,White,Male,10 to 14,Hispanic,1942166
2008,White,Male,15 to 19,Hispanic,1973189
2008,White,Male,20 to 24,Hispanic,1958531
2008,White,Male,25 to 29,Hispanic,2001893
2008,White,Male,30 to 34,Hispanic,1854717
2008,White,Male,35 to 39,Hispanic,1722917
2008,White,Male,40 to 44,Hispanic,1520122
2008,White,Male,45 to 49,Hispanic,1282768
2008,White,Male,5 to 9,Hispanic,1995212
2008,White,Male,50 to 54,Hispanic,991610
2008,White,Male,55 to 59,Hispanic,732602
2008,White,Male,60 to 64,Hispanic,518484
2008,White,Male,65 to 69,Hispanic,357742
2008,White,Male,70 to 74,Hispanic,261158
2008,White,Male,75 to 79,Hispanic,186701
2008,White,Male,80 to 84,Hispanic,117899
2008,White,Male,85 years and over,Hispanic,76613
2008,White,Male,Under 5,Hispanic,2228196
2008,White,Male,10 to 14,NonHispanic,6009496
2008,White,Male,15 to 19,NonHispanic,6575859
2008,White,Male,20 to 24,NonHispanic,6343104
2008,White,Male,25 to 29,NonHispanic,6130338
2008,White,Male,30 to 34,NonHispanic,5667522
2008,White,Male,35 to 39,NonHispanic,6441340
2008,White,Male,40 to 44,NonHispanic,6955888
2008,White,Male,45 to 49,NonHispanic,7863574
2008,White,Male,5 to 9,NonHispanic,5623732
2008,White,Male,50 to 54,NonHispanic,7716613
2008,White,Male,55 to 59,NonHispanic,6871090
2008,White,Male,60 to 64,NonHispanic,5768179
2008,White,Male,65 to 69,NonHispanic,4321917
2008,White,Male,70 to 74,NonHispanic,3243728
2008,White,Male,75 to 79,NonHispanic,2611165
2008,White,Male,80 to 84,NonHispanic,1905702
2008,White,Male,85 years and over,NonHispanic,1425962
2008,White,Male,Under 5,NonHispanic,5413403
2009,Black,Female,10 to 14,Hispanic,105419
2009,Black,Female,15 to 19,Hispanic,108635
2009,Black,Female,20 to 24,Hispanic,103577
2009,Black,Female,25 to 29,Hispanic,103538
2009,Black,Female,30 to 34,Hispanic,95191
2009,Black,Female,35 to 39,Hispanic,82121
2009,Black,Female,40 to 44,Hispanic,70957
2009,Black,Female,45 to 49,Hispanic,63522
2009,Black,Female,5 to 9,Hispanic,107787
2009,Black,Female,50 to 54,Hispanic,51237
2009,Black,Female,55 to 59,Hispanic,37582
2009,Black,Female,60 to 64,Hispanic,27288
2009,Black,Female,65 to 69,Hispanic,18981
2009,Black,Female,70 to 74,Hispanic,14384
2009,Black,Female,75 to 79,Hispanic,10336
2009,Black,Female,80 to 84,Hispanic,7111
2009,Black,Female,85 years and over,Hispanic,5968
2009,Black,Female,Under 5,Hispanic,136072
2009,Black,Female,10 to 14,NonHispanic,1455759
2009,Black,Female,15 to 19,NonHispanic,1668594
2009,Black,Female,20 to 24,NonHispanic,1495053
2009,Black,Female,25 to 29,NonHispanic,1412670
2009,Black,Female,30 to 34,NonHispanic,1315694
2009,Black,Female,35 to 39,NonHispanic,1371114
2009,Black,Female,40 to 44,NonHispanic,1388327
2009,Black,Female,45 to 49,NonHispanic,1472102
2009,Black,Female,5 to 9,NonHispanic,1364444
2009,Black,Female,50 to 54,NonHispanic,1378313
2009,Black,Female,55 to 59,NonHispanic,1147456
2009,Black,Female,60 to 64,NonHispanic,861058
2009,Black,Female,65 to 69,NonHispanic,632907
2009,Black,Female,70 to 74,NonHispanic,481849
2009,Black,Female,75 to 79,NonHispanic,369953
2009,Black,Female,80 to 84,NonHispanic,270841
2009,Black,Female,85 years and over,NonHispanic,263493
2009,Black,Female,Under 5,NonHispanic,1368949
2009,Black,Male,10 to 14,Hispanic,109119
2009,Black,Male,15 to 19,Hispanic,112602
2009,Black,Male,20 to 24,Hispanic,104120
2009,Black,Male,25 to 29,Hispanic,99114
2009,Black,Male,30 to 34,Hispanic,85744
2009,Black,Male,35 to 39,Hispanic,72218
2009,Black,Male,40 to 44,Hispanic,64258
2009,Black,Male,45 to 49,Hispanic,56547
2009,Black,Male,5 to 9,Hispanic,111323
2009,Black,Male,50 to 54,Hispanic,45632
2009,Black,Male,55 to 59,Hispanic,33038
2009,Black,Male,60 to 64,Hispanic,22530
2009,Black,Male,65 to 69,Hispanic,14917
2009,Black,Male,70 to 74,Hispanic,10534
2009,Black,Male,75 to 79,Hispanic,6651
2009,Black,Male,80 to 84,Hispanic,3893
2009,Black,Male,85 years and over,Hispanic,2750
2009,Black,Male,Under 5,Hispanic,140982
2009,Black,Male,10 to 14,NonHispanic,1505464
2009,Black,Male,15 to 19,NonHispanic,1724470
2009,Black,Male,20 to 24,NonHispanic,1469569
2009,Black,Male,25 to 29,NonHispanic,1300853
2009,Black,Male,30 to 34,NonHispanic,1178076
2009,Black,Male,35 to 39,NonHispanic,1217445
2009,Black,Male,40 to 44,NonHispanic,1240813
2009,Black,Male,45 to 49,NonHispanic,1309907
2009,Black,Male,5 to 9,NonHispanic,1405054
2009,Black,Male,50 to 54,NonHispanic,1211921
2009,Black,Male,55 to 59,NonHispanic,968258
2009,Black,Male,60 to 64,NonHispanic,700777
2009,Black,Male,65 to 69,NonHispanic,483087
2009,Black,Male,70 to 74,NonHispanic,342272
2009,Black,Male,75 to 79,NonHispanic,229997
2009,Black,Male,80 to 84,NonHispanic,141767
2009,Black,Male,85 years and over,NonHispanic,101522
2009,Black,Male,Under 5,NonHispanic,1406764
2009,Other,Female,10 to 14,Hispanic,165137
2009,Other,Female,15 to 19,Hispanic,159289
2009,Other,Female,20 to 24,Hispanic,141981
2009,Other,Female,25 to 29,Hispanic,139745
2009,Other,Female,30 to 34,Hispanic,129294
2009,Other,Female,35 to 39,Hispanic,113152
2009,Other,Female,40 to 44,Hispanic,96805
2009,Other,Female,45 to 49,Hispanic,84898
2009,Other,Female,5 to 9,Hispanic,179290
2009,Other,Female,50 to 54,Hispanic,67029
2009,Other,Female,55 to 59,Hispanic,47416
2009,Other,Female,60 to 64,Hispanic,32380
2009,Other,Female,65 to 69,Hispanic,21353
2009,Other,Female,70 to 74,Hispanic,15251
2009,Other,Female,75 to 79,Hispanic,10697
2009,Other,Female,80 to 84,Hispanic,7129
2009,Other,Female,85 years and over,Hispanic,5645
2009,Other,Female,Under 5,Hispanic,212176
2009,Other,Female,10 to 14,NonHispanic,854311
2009,Other,Female,15 to 19,NonHispanic,858293
2009,Other,Female,20 to 24,NonHispanic,868377
2009,Other,Female,25 to 29,NonHispanic,943180
2009,Other,Female,30 to 34,NonHispanic,906491
2009,Other,Female,35 to 39,NonHispanic,912722
2009,Other,Female,40 to 44,NonHispanic,814983
2009,Other,Female,45 to 49,NonHispanic,792909
2009,Other,Female,5 to 9,NonHispanic,914866
2009,Other,Female,50 to 54,NonHispanic,724921
2009,Other,Female,55 to 59,NonHispanic,620015
2009,Other,Female,60 to 64,NonHispanic,480669
2009,Other,Female,65 to 69,NonHispanic,336722
2009,Other,Female,70 to 74,NonHispanic,249297
2009,Other,Female,75 to 79,NonHispanic,187016
2009,Other,Female,80 to 84,NonHispanic,130151
2009,Other,Female,85 years and over,NonHispanic,110000
2009,Other,Female,Under 5,NonHispanic,970094
2009,Other,Male,10 to 14,Hispanic,169362
2009,Other,Male,15 to 19,Hispanic,166991
2009,Other,Male,20 to 24,Hispanic,161165
2009,Other,Male,25 to 29,Hispanic,157056
2009,Other,Male,30 to 34,Hispanic,139762
2009,Other,Male,35 to 39,Hispanic,118668
2009,Other,Male,40 to 44,Hispanic,102013
2009,Other,Male,45 to 49,Hispanic,86040
2009,Other,Male,5 to 9,Hispanic,184739
2009,Other,Male,50 to 54,Hispanic,66907
2009,Other,Male,55 to 59,Hispanic,44882
2009,Other,Male,60 to 64,Hispanic,29979
2009,Other,Male,65 to 69,Hispanic,17917
2009,Other,Male,70 to 74,Hispanic,11778
2009,Other,Male,75 to 79,Hispanic,7380
2009,Other,Male,80 to 84,Hispanic,4556
2009,Other,Male,85 years and over,Hispanic,3248
2009,Other,Male,Under 5,Hispanic,220851
2009,Other,Male,10 to 14,NonHispanic,874101
2009,Other,Male,15 to 19,NonHispanic,889053
2009,Other,Male,20 to 24,NonHispanic,867467
2009,Other,Male,25 to 29,NonHispanic,860908
2009,Other,Male,30 to 34,NonHispanic,813489
2009,Other,Male,35 to 39,NonHispanic,824122
2009,Other,Male,40 to 44,NonHispanic,732411
2009,Other,Male,45 to 49,NonHispanic,709424
2009,Other,Male,5 to 9,NonHispanic,926500
2009,Other,Male,50 to 54,NonHispanic,632765
2009,Other,Male,55 to 59,NonHispanic,524142
2009,Other,Male,60 to 64,NonHispanic,405736
2009,Other,Male,65 to 69,NonHispanic,286938
2009,Other,Male,70 to 74,NonHispanic,205722
2009,Other,Male,75 to 79,NonHispanic,135651
2009,Other,Male,80 to 84,NonHispanic,84096
2009,Other,Male,85 years and over,NonHispanic,62513
2009,Other,Male,Under 5,NonHispanic,1002844
2009,White,Female,10 to 14,Hispanic,1891605
2009,White,Female,15 to 19,Hispanic,1872912
2009,White,Female,20 to 24,Hispanic,1715075
2009,White,Female,25 to 29,Hispanic,1771927
2009,White,Female,30 to 34,Hispanic,1718151
2009,White,Female,35 to 39,Hispanic,1658932
2009,White,Female,40 to 44,Hispanic,1470239
2009,White,Female,45 to 49,Hispanic,1307935
2009,White,Female,5 to 9,Hispanic,1986859
2009,White,Female,50 to 54,Hispanic,1060565
2009,White,Female,55 to 59,Hispanic,829136
2009,White,Female,60 to 64,Hispanic,626513
2009,White,Female,65 to 69,Hispanic,458298
2009,White,Female,70 to 74,Hispanic,353266
2009,White,Female,75 to 79,Hispanic,268224
2009,White,Female,80 to 84,Hispanic,189744
2009,White,Female,85 years and over,Hispanic,155402
2009,White,Female,Under 5,Hispanic,2150289
2009,White,Female,10 to 14,NonHispanic,5616501
2009,White,Female,15 to 19,NonHispanic,6136848
2009,White,Female,20 to 24,NonHispanic,6135350
2009,White,Female,25 to 29,NonHispanic,6095811
2009,White,Female,30 to 34,NonHispanic,5635738
2009,White,Female,35 to 39,NonHispanic,6154128
2009,White,Female,40 to 44,NonHispanic,6708130
2009,White,Female,45 to 49,NonHispanic,7855208
2009,White,Female,5 to 9,NonHispanic,5321498
2009,White,Female,50 to 54,NonHispanic,7939215
2009,White,Female,55 to 59,NonHispanic,7264612
2009,White,Female,60 to 64,NonHispanic,6355416
2009,White,Female,65 to 69,NonHispanic,4939617
2009,White,Female,70 to 74,NonHispanic,3853232
2009,White,Female,75 to 79,NonHispanic,3289554
2009,White,Female,80 to 84,NonHispanic,2849884
2009,White,Female,85 years and over,NonHispanic,3091446
2009,White,Female,Under 5,NonHispanic,5064849
2009,White,Male,10 to 14,Hispanic,1978569
2009,White,Male,15 to 19,Hispanic,2026587
2009,White,Male,20 to 24,Hispanic,1987591
2009,White,Male,25 to 29,Hispanic,2013224
2009,White,Male,30 to 34,Hispanic,1881767
2009,White,Male,35 to 39,Hispanic,1756450
2009,White,Male,40 to 44,Hispanic,1553160
2009,White,Male,45 to 49,Hispanic,1341227
2009,White,Male,5 to 9,Hispanic,2072916
2009,White,Male,50 to 54,Hispanic,1044582
2009,White,Male,55 to 59,Hispanic,771862
2009,White,Male,60 to 64,Hispanic,555946
2009,White,Male,65 to 69,Hispanic,376735
2009,White,Male,70 to 74,Hispanic,273621
2009,White,Male,75 to 79,Hispanic,192547
2009,White,Male,80 to 84,Hispanic,124115
2009,White,Male,85 years and over,Hispanic,83431
2009,White,Male,Under 5,Hispanic,2240448
2009,White,Male,10 to 14,NonHispanic,5935217
2009,White,Male,15 to 19,NonHispanic,6468536
2009,White,Male,20 to 24,NonHispanic,6334797
2009,White,Male,25 to 29,NonHispanic,6180202
2009,White,Male,30 to 34,NonHispanic,5745717
2009,White,Male,35 to 39,NonHispanic,6226724
2009,White,Male,40 to 44,NonHispanic,6737919
2009,White,Male,45 to 49,NonHispanic,7782526
2009,White,Male,5 to 9,NonHispanic,5607223
2009,White,Male,50 to 54,NonHispanic,7781756
2009,White,Male,55 to 59,NonHispanic,6992204
2009,White,Male,60 to 64,NonHispanic,6026705
2009,White,Male,65 to 69,NonHispanic,4504905
2009,White,Male,70 to 74,NonHispanic,3329516
2009,White,Male,75 to 79,NonHispanic,2587058
2009,White,Male,80 to 84,NonHispanic,1914424
2009,White,Male,85 years and over,NonHispanic,1481883
2009,White,Male,Under 5,NonHispanic,5330200
2010,Black,Female,10 to 14,Hispanic,110243
2010,Black,Female,15 to 19,Hispanic,112588
2010,Black,Female,20 to 24,Hispanic,112461
2010,Black,Female,25 to 29,Hispanic,106726
2010,Black,Female,30 to 34,Hispanic,99995
2010,Black,Female,35 to 39,Hispanic,84804
2010,Black,Female,40 to 44,Hispanic,74262
2010,Black,Female,45 to 49,Hispanic,66350
2010,Black,Female,5 to 9,Hispanic,118591
2010,Black,Female,50 to 54,Hispanic,54523
2010,Black,Female,55 to 59,Hispanic,40146
2010,Black,Female,60 to 64,Hispanic,30097
2010,Black,Female,65 to 69,Hispanic,20204
2010,Black,Female,70 to 74,Hispanic,15136
2010,Black,Female,75 to 79,Hispanic,10909
2010,Black,Female,80 to 84,Hispanic,7482
2010,Black,Female,85 years and over,Hispanic,6448
2010,Black,Female,Under 5,Hispanic,135835
2010,Black,Female,10 to 14,NonHispanic,1442524
2010,Black,Female,15 to 19,NonHispanic,1636987
2010,Black,Female,20 to 24,NonHispanic,1540418
2010,Black,Female,25 to 29,NonHispanic,1402743
2010,Black,Female,30 to 34,NonHispanic,1351544
2010,Black,Female,35 to 39,NonHispanic,1346269
2010,Black,Female,40 to 44,NonHispanic,1375578
2010,Black,Female,45 to 49,NonHispanic,1465822
2010,Black,Female,5 to 9,NonHispanic,1361729
2010,Black,Female,50 to 54,NonHispanic,1414368
2010,Black,Female,55 to 59,NonHispanic,1186270
2010,Black,Female,60 to 64,NonHispanic,927451
2010,Black,Female,65 to 69,NonHispanic,653291
2010,Black,Female,70 to 74,NonHispanic,493259
2010,Black,Female,75 to 79,NonHispanic,374936
2010,Black,Female,80 to 84,NonHispanic,274832
2010,Black,Female,85 years and over,NonHispanic,273568
2010,Black,Female,Under 5,NonHispanic,1368464
2010,Black,Male,10 to 14,Hispanic,113958
2010,Black,Male,15 to 19,Hispanic,117542
2010,Black,Male,20 to 24,Hispanic,112147
2010,Black,Male,25 to 29,Hispanic,101543
2010,Black,Male,30 to 34,Hispanic,91232
2010,Black,Male,35 to 39,Hispanic,74479
2010,Black,Male,40 to 44,Hispanic,67163
2010,Black,Male,45 to 49,Hispanic,59285
2010,Black,Male,5 to 9,Hispanic,122694
2010,Black,Male,50 to 54,Hispanic,48421
2010,Black,Male,55 to 59,Hispanic,35512
2010,Black,Male,60 to 64,Hispanic,24999
2010,Black,Male,65 to 69,Hispanic,15883
2010,Black,Male,70 to 74,Hispanic,11138
2010,Black,Male,75 to 79,Hispanic,7026
2010,Black,Male,80 to 84,Hispanic,4295
2010,Black,Male,85 years and over,Hispanic,2944
2010,Black,Male,Under 5,Hispanic,140756
2010,Black,Male,10 to 14,NonHispanic,1490850
2010,Black,Male,15 to 19,NonHispanic,1695162
2010,Black,Male,20 to 24,NonHispanic,1511121
2010,Black,Male,25 to 29,NonHispanic,1297281
2010,Black,Male,30 to 34,NonHispanic,1216200
2010,Black,Male,35 to 39,NonHispanic,1193766
2010,Black,Male,40 to 44,NonHispanic,1231952
2010,Black,Male,45 to 49,NonHispanic,1307411
2010,Black,Male,5 to 9,NonHispanic,1403213
2010,Black,Male,50 to 54,NonHispanic,1247412
2010,Black,Male,55 to 59,NonHispanic,1004561
2010,Black,Male,60 to 64,NonHispanic,758510
2010,Black,Male,65 to 69,NonHispanic,501243
2010,Black,Male,70 to 74,NonHispanic,351677
2010,Black,Male,75 to 79,NonHispanic,236119
2010,Black,Male,80 to 84,NonHispanic,145241
2010,Black,Male,85 years and over,NonHispanic,106685
2010,Black,Male,Under 5,NonHispanic,1406555
2010,Other,Female,10 to 14,Hispanic,180717
2010,Other,Female,15 to 19,Hispanic,173516
2010,Other,Female,20 to 24,Hispanic,157164
2010,Other,Female,25 to 29,Hispanic,151646
2010,Other,Female,30 to 34,Hispanic,141790
2010,Other,Female,35 to 39,Hispanic,122903
2010,Other,Female,40 to 44,Hispanic,106803
2010,Other,Female,45 to 49,Hispanic,93600
2010,Other,Female,5 to 9,Hispanic,200014
2010,Other,Female,50 to 54,Hispanic,75804
2010,Other,Female,55 to 59,Hispanic,54248
2010,Other,Female,60 to 64,Hispanic,37873
2010,Other,Female,65 to 69,Hispanic,24726
2010,Other,Female,70 to 74,Hispanic,17266
2010,Other,Female,75 to 79,Hispanic,12028
2010,Other,Female,80 to 84,Hispanic,8024
2010,Other,Female,85 years and over,Hispanic,6471
2010,Other,Female,Under 5,Hispanic,228959
2010,Other,Female,10 to 14,NonHispanic,885826
2010,Other,Female,15 to 19,NonHispanic,881271
2010,Other,Female,20 to 24,NonHispanic,902700
2010,Other,Female,25 to 29,NonHispanic,956872
2010,Other,Female,30 to 34,NonHispanic,934296
2010,Other,Female,35 to 39,NonHispanic,930812
2010,Other,Female,40 to 44,NonHispanic,848201
2010,Other,Female,45 to 49,NonHispanic,808957
2010,Other,Female,5 to 9,NonHispanic,950266
2010,Other,Female,50 to 54,NonHispanic,752065
2010,Other,Female,55 to 59,NonHispanic,646095
2010,Other,Female,60 to 64,NonHispanic,525760
2010,Other,Female,65 to 69,NonHispanic,358369
2010,Other,Female,70 to 74,NonHispanic,263071
2010,Other,Female,75 to 79,NonHispanic,193549
2010,Other,Female,80 to 84,NonHispanic,136904
2010,Other,Female,85 years and over,NonHispanic,117786
2010,Other,Female,Under 5,NonHispanic,989304
2010,Other,Male,10 to 14,Hispanic,186582
2010,Other,Male,15 to 19,Hispanic,181325
2010,Other,Male,20 to 24,Hispanic,176097
2010,Other,Male,25 to 29,Hispanic,169075
2010,Other,Male,30 to 34,Hispanic,154476
2010,Other,Male,35 to 39,Hispanic,130137
2010,Other,Male,40 to 44,Hispanic,112710
2010,Other,Male,45 to 49,Hispanic,95609
2010,Other,Male,5 to 9,Hispanic,206361
2010,Other,Male,50 to 54,Hispanic,75474
2010,Other,Male,55 to 59,Hispanic,51636
2010,Other,Male,60 to 64,Hispanic,35026
2010,Other,Male,65 to 69,Hispanic,21015
2010,Other,Male,70 to 74,Hispanic,13607
2010,Other,Male,75 to 79,Hispanic,8399
2010,Other,Male,80 to 84,Hispanic,5138
2010,Other,Male,85 years and over,Hispanic,3765
2010,Other,Male,Under 5,Hispanic,238219
2010,Other,Male,10 to 14,NonHispanic,905032
2010,Other,Male,15 to 19,NonHispanic,910474
2010,Other,Male,20 to 24,NonHispanic,903188
2010,Other,Male,25 to 29,NonHispanic,876047
2010,Other,Male,30 to 34,NonHispanic,830901
2010,Other,Male,35 to 39,NonHispanic,835678
2010,Other,Male,40 to 44,NonHispanic,759682
2010,Other,Male,45 to 49,NonHispanic,723724
2010,Other,Male,5 to 9,NonHispanic,961550
2010,Other,Male,50 to 54,NonHispanic,657926
2010,Other,Male,55 to 59,NonHispanic,547318
2010,Other,Male,60 to 64,NonHispanic,441612
2010,Other,Male,65 to 69,NonHispanic,302368
2010,Other,Male,70 to 74,NonHispanic,218856
2010,Other,Male,75 to 79,NonHispanic,142672
2010,Other,Male,80 to 84,NonHispanic,88690
2010,Other,Male,85 years and over,NonHispanic,66681
2010,Other,Male,Under 5,NonHispanic,1023677
2010,White,Female,10 to 14,Hispanic,1935245
2010,White,Female,15 to 19,Hispanic,1911549
2010,White,Female,20 to 24,Hispanic,1767405
2010,White,Female,25 to 29,Hispanic,1778852
2010,White,Female,30 to 34,Hispanic,1750816
2010,White,Female,35 to 39,Hispanic,1687579
2010,White,Female,40 to 44,Hispanic,1509880
2010,White,Female,45 to 49,Hispanic,1346946
2010,White,Female,5 to 9,Hispanic,2039047
2010,White,Female,50 to 54,Hispanic,1115575
2010,White,Female,55 to 59,Hispanic,871238
2010,White,Female,60 to 64,Hispanic,671362
2010,White,Female,65 to 69,Hispanic,481901
2010,White,Female,70 to 74,Hispanic,366456
2010,White,Female,75 to 79,Hispanic,277216
2010,White,Female,80 to 84,Hispanic,199936
2010,White,Female,85 years and over,Hispanic,166216
2010,White,Female,Under 5,Hispanic,2139451
2010,White,Female,10 to 14,NonHispanic,5557660
2010,White,Female,15 to 19,NonHispanic,6001342
2010,White,Female,20 to 24,NonHispanic,6157619
2010,White,Female,25 to 29,NonHispanic,6078016
2010,White,Female,30 to 34,NonHispanic,5740098
2010,White,Female,35 to 39,NonHispanic,5916531
2010,White,Female,40 to 44,NonHispanic,6591905
2010,White,Female,45 to 49,NonHispanic,7680391
2010,White,Female,5 to 9,NonHispanic,5280135
2010,White,Female,50 to 54,NonHispanic,7984452
2010,White,Female,55 to 59,NonHispanic,7414593
2010,White,Female,60 to 64,NonHispanic,6644726
2010,White,Female,65 to 69,NonHispanic,5092838
2010,White,Female,70 to 74,NonHispanic,3910546
2010,White,Female,75 to 79,NonHispanic,3264513
2010,White,Female,80 to 84,NonHispanic,2823932
2010,White,Female,85 years and over,NonHispanic,3157385
2010,White,Female,Under 5,NonHispanic,5003166
2010,White,Male,10 to 14,Hispanic,2023156
2010,White,Male,15 to 19,Hispanic,2056333
2010,White,Male,20 to 24,Hispanic,2025320
2010,White,Male,25 to 29,Hispanic,2005564
2010,White,Male,30 to 34,Hispanic,1906577
2010,White,Male,35 to 39,Hispanic,1770155
2010,White,Male,40 to 44,Hispanic,1591516
2010,White,Male,45 to 49,Hispanic,1379887
2010,White,Male,5 to 9,Hispanic,2122704
2010,White,Male,50 to 54,Hispanic,1100956
2010,White,Male,55 to 59,Hispanic,815115
2010,White,Male,60 to 64,Hispanic,596027
2010,White,Male,65 to 69,Hispanic,398597
2010,White,Male,70 to 74,Hispanic,284742
2010,White,Male,75 to 79,Hispanic,199933
2010,White,Male,80 to 84,Hispanic,131819
2010,White,Male,85 years and over,Hispanic,89838
2010,White,Male,Under 5,Hispanic,2228835
2010,White,Male,10 to 14,NonHispanic,5870126
2010,White,Male,15 to 19,NonHispanic,6331653
2010,White,Male,20 to 24,NonHispanic,6349767
2010,White,Male,25 to 29,NonHispanic,6195126
2010,White,Male,30 to 34,NonHispanic,5845078
2010,White,Male,35 to 39,NonHispanic,5986209
2010,White,Male,40 to 44,NonHispanic,6635053
2010,White,Male,45 to 49,NonHispanic,7609308
2010,White,Male,5 to 9,NonHispanic,5562573
2010,White,Male,50 to 54,NonHispanic,7831541
2010,White,Male,55 to 59,NonHispanic,7138288
2010,White,Male,60 to 64,NonHispanic,6307952
2010,White,Male,65 to 69,NonHispanic,4662863
2010,White,Male,70 to 74,NonHispanic,3396403
2010,White,Male,75 to 79,NonHispanic,2593318
2010,White,Male,80 to 84,NonHispanic,1930647
2010,White,Male,85 years and over,NonHispanic,1537111
2010,White,Male,Under 5,NonHispanic,5262407
2011,Black,Female,10 to 14,Hispanic,116511
2011,Black,Female,15 to 19,Hispanic,114931
2011,Black,Female,20 to 24,Hispanic,120018
2011,Black,Female,25 to 29,Hispanic,111626
2011,Black,Female,30 to 34,Hispanic,106082
2011,Black,Female,35 to 39,Hispanic,89576
2011,Black,Female,40 to 44,Hispanic,78271
2011,Black,Female,45 to 49,Hispanic,69569
2011,Black,Female,5 to 9,Hispanic,124747
2011,Black,Female,50 to 54,Hispanic,57892
2011,Black,Female,55 to 59,Hispanic,43458
2011,Black,Female,60 to 64,Hispanic,32398
2011,Black,Female,65 to 69,Hispanic,22180
2011,Black,Female,70 to 74,Hispanic,15944
2011,Black,Female,75 to 79,Hispanic,11514
2011,Black,Female,80 to 84,Hispanic,7906
2011,Black,Female,85 years and over,Hispanic,6957
2011,Black,Female,Under 5,Hispanic,140428
2011,Black,Female,10 to 14,NonHispanic,1443535
2011,Black,Female,15 to 19,NonHispanic,1594144
2011,Black,Female,20 to 24,NonHispanic,1602514
2011,Black,Female,25 to 29,NonHispanic,1397624
2011,Black,Female,30 to 34,NonHispanic,1377449
2011,Black,Female,35 to 39,NonHispanic,1312921
2011,Black,Female,40 to 44,NonHispanic,1381566
2011,Black,Female,45 to 49,NonHispanic,1448306
2011,Black,Female,5 to 9,NonHispanic,1353081
2011,Black,Female,50 to 54,NonHispanic,1432274
2011,Black,Female,55 to 59,NonHispanic,1226495
2011,Black,Female,60 to 64,NonHispanic,995040
2011,Black,Female,65 to 69,NonHispanic,674294
2011,Black,Female,70 to 74,NonHispanic,506718
2011,Black,Female,75 to 79,NonHispanic,384940
2011,Black,Female,80 to 84,NonHispanic,275624
2011,Black,Female,85 years and over,NonHispanic,279229
2011,Black,Female,Under 5,NonHispanic,1356024
2011,Black,Male,10 to 14,Hispanic,120904
2011,Black,Male,15 to 19,Hispanic,120742
2011,Black,Male,20 to 24,Hispanic,120685
2011,Black,Male,25 to 29,Hispanic,106858
2011,Black,Male,30 to 34,Hispanic,97101
2011,Black,Male,35 to 39,Hispanic,79200
2011,Black,Male,40 to 44,Hispanic,70076
2011,Black,Male,45 to 49,Hispanic,62961
2011,Black,Male,5 to 9,Hispanic,128753
2011,Black,Male,50 to 54,Hispanic,51424
2011,Black,Male,55 to 59,Hispanic,38593
2011,Black,Male,60 to 64,Hispanic,27263
2011,Black,Male,65 to 69,Hispanic,17480
2011,Black,Male,70 to 74,Hispanic,11749
2011,Black,Male,75 to 79,Hispanic,7643
2011,Black,Male,80 to 84,Hispanic,4544
2011,Black,Male,85 years and over,Hispanic,3185
2011,Black,Male,Under 5,Hispanic,145287
2011,Black,Male,10 to 14,NonHispanic,1493016
2011,Black,Male,15 to 19,NonHispanic,1654189
2011,Black,Male,20 to 24,NonHispanic,1585324
2011,Black,Male,25 to 29,NonHispanic,1291494
2011,Black,Male,30 to 34,NonHispanic,1234338
2011,Black,Male,35 to 39,NonHispanic,1163016
2011,Black,Male,40 to 44,NonHispanic,1232224
2011,Black,Male,45 to 49,NonHispanic,1293336
2011,Black,Male,5 to 9,NonHispanic,1392527
2011,Black,Male,50 to 54,NonHispanic,1264276
2011,Black,Male,55 to 59,NonHispanic,1043397
2011,Black,Male,60 to 64,NonHispanic,813150
2011,Black,Male,65 to 69,NonHispanic,522414
2011,Black,Male,70 to 74,NonHispanic,362984
2011,Black,Male,75 to 79,NonHispanic,245477
2011,Black,Male,80 to 84,NonHispanic,147452
2011,Black,Male,85 years and over,NonHispanic,110264
2011,Black,Male,Under 5,NonHispanic,1395363
2011,Other,Female,10 to 14,Hispanic,205866
2011,Other,Female,15 to 19,Hispanic,194337
2011,Other,Female,20 to 24,Hispanic,179408
2011,Other,Female,25 to 29,Hispanic,169069
2011,Other,Female,30 to 34,Hispanic,161982
2011,Other,Female,35 to 39,Hispanic,141297
2011,Other,Female,40 to 44,Hispanic,125003
2011,Other,Female,45 to 49,Hispanic,108669
2011,Other,Female,5 to 9,Hispanic,225718
2011,Other,Female,50 to 54,Hispanic,89676
2011,Other,Female,55 to 59,Hispanic,66388
2011,Other,Female,60 to 64,Hispanic,47282
2011,Other,Female,65 to 69,Hispanic,31168
2011,Other,Female,70 to 74,Hispanic,21100
2011,Other,Female,75 to 79,Hispanic,14470
2011,Other,Female,80 to 84,Hispanic,9621
2011,Other,Female,85 years and over,Hispanic,8025
2011,Other,Female,Under 5,Hispanic,251376
2011,Other,Female,10 to 14,NonHispanic,927099
2011,Other,Female,15 to 19,NonHispanic,910530
2011,Other,Female,20 to 24,NonHispanic,964094
2011,Other,Female,25 to 29,NonHispanic,990441
2011,Other,Female,30 to 34,NonHispanic,979733
2011,Other,Female,35 to 39,NonHispanic,952876
2011,Other,Female,40 to 44,NonHispanic,896441
2011,Other,Female,45 to 49,NonHispanic,835603
2011,Other,Female,5 to 9,NonHispanic,979169
2011,Other,Female,50 to 54,NonHispanic,781885
2011,Other,Female,55 to 59,NonHispanic,690461
2011,Other,Female,60 to 64,NonHispanic,573516
2011,Other,Female,65 to 69,NonHispanic,387972
2011,Other,Female,70 to 74,NonHispanic,282562
2011,Other,Female,75 to 79,NonHispanic,204390
2011,Other,Female,80 to 84,NonHispanic,143978
2011,Other,Female,85 years and over,NonHispanic,126288
2011,Other,Female,Under 5,NonHispanic,1013797
2011,Other,Male,10 to 14,Hispanic,212418
2011,Other,Male,15 to 19,Hispanic,202838
2011,Other,Male,20 to 24,Hispanic,197635
2011,Other,Male,25 to 29,Hispanic,187660
2011,Other,Male,30 to 34,Hispanic,174394
2011,Other,Male,35 to 39,Hispanic,148778
2011,Other,Male,40 to 44,Hispanic,129846
2011,Other,Male,45 to 49,Hispanic,110515
2011,Other,Male,5 to 9,Hispanic,233336
2011,Other,Male,50 to 54,Hispanic,88948
2011,Other,Male,55 to 59,Hispanic,63748
2011,Other,Male,60 to 64,Hispanic,43485
2011,Other,Male,65 to 69,Hispanic,26686
2011,Other,Male,70 to 74,Hispanic,16824
2011,Other,Male,75 to 79,Hispanic,10234
2011,Other,Male,80 to 84,Hispanic,6161
2011,Other,Male,85 years and over,Hispanic,4637
2011,Other,Male,Under 5,Hispanic,260754
2011,Other,Male,10 to 14,NonHispanic,946846
2011,Other,Male,15 to 19,NonHispanic,941339
2011,Other,Male,20 to 24,NonHispanic,966134
2011,Other,Male,25 to 29,NonHispanic,913775
2011,Other,Male,30 to 34,NonHispanic,864350
2011,Other,Male,35 to 39,NonHispanic,852986
2011,Other,Male,40 to 44,NonHispanic,798609
2011,Other,Male,45 to 49,NonHispanic,746984
2011,Other,Male,5 to 9,NonHispanic,994007
2011,Other,Male,50 to 54,NonHispanic,684318
2011,Other,Male,55 to 59,NonHispanic,585798
2011,Other,Male,60 to 64,NonHispanic,477926
2011,Other,Male,65 to 69,NonHispanic,325977
2011,Other,Male,70 to 74,NonHispanic,234436
2011,Other,Male,75 to 79,NonHispanic,153219
2011,Other,Male,80 to 84,NonHispanic,94010
2011,Other,Male,85 years and over,NonHispanic,70557
2011,Other,Male,Under 5,NonHispanic,1051178
2011,White,Female,10 to 14,Hispanic,1962062
2011,White,Female,15 to 19,Hispanic,1926229
2011,White,Female,20 to 24,Hispanic,1812999
2011,White,Female,25 to 29,Hispanic,1772088
2011,White,Female,30 to 34,Hispanic,1771386
2011,White,Female,35 to 39,Hispanic,1695614
2011,White,Female,40 to 44,Hispanic,1549294
2011,White,Female,45 to 49,Hispanic,1373328
2011,White,Female,5 to 9,Hispanic,2050757
2011,White,Female,50 to 54,Hispanic,1156369
2011,White,Female,55 to 59,Hispanic,915655
2011,White,Female,60 to 64,Hispanic,709029
2011,White,Female,65 to 69,Hispanic,508498
2011,White,Female,70 to 74,Hispanic,380495
2011,White,Female,75 to 79,Hispanic,286710
2011,White,Female,80 to 84,Hispanic,208488
2011,White,Female,85 years and over,Hispanic,177234
2011,White,Female,Under 5,Hispanic,2100770
2011,White,Female,10 to 14,NonHispanic,5520142
2011,White,Female,15 to 19,NonHispanic,5868997
2011,White,Female,20 to 24,NonHispanic,6219202
2011,White,Female,25 to 29,NonHispanic,6058604
2011,White,Female,30 to 34,NonHispanic,5852918
2011,White,Female,35 to 39,NonHispanic,5667962
2011,White,Female,40 to 44,NonHispanic,6560536
2011,White,Female,45 to 49,NonHispanic,7387001
2011,White,Female,5 to 9,NonHispanic,5212060
2011,White,Female,50 to 54,NonHispanic,8003052
2011,White,Female,55 to 59,NonHispanic,7529823
2011,White,Female,60 to 64,NonHispanic,6942532
2011,White,Female,65 to 69,NonHispanic,5209166
2011,White,Female,70 to 74,NonHispanic,4012781
2011,White,Female,75 to 79,NonHispanic,3254541
2011,White,Female,80 to 84,NonHispanic,2792579
2011,White,Female,85 years and over,NonHispanic,3190362
2011,White,Female,Under 5,NonHispanic,4925400
2011,White,Male,10 to 14,Hispanic,2044272
2011,White,Male,15 to 19,Hispanic,2058063
2011,White,Male,20 to 24,Hispanic,2047238
2011,White,Male,25 to 29,Hispanic,1992647
2011,White,Male,30 to 34,Hispanic,1913758
2011,White,Male,35 to 39,Hispanic,1762100
2011,White,Male,40 to 44,Hispanic,1608599
2011,White,Male,45 to 49,Hispanic,1404556
2011,White,Male,5 to 9,Hispanic,2133964
2011,White,Male,50 to 54,Hispanic,1137543
2011,White,Male,55 to 59,Hispanic,854095
2011,White,Male,60 to 64,Hispanic,630719
2011,White,Male,65 to 69,Hispanic,421976
2011,White,Male,70 to 74,Hispanic,294979
2011,White,Male,75 to 79,Hispanic,207055
2011,White,Male,80 to 84,Hispanic,138052
2011,White,Male,85 years and over,Hispanic,95902
2011,White,Male,Under 5,Hispanic,2186285
2011,White,Male,10 to 14,NonHispanic,5826958
2011,White,Male,15 to 19,NonHispanic,6215034
2011,White,Male,20 to 24,NonHispanic,6414418
2011,White,Male,25 to 29,NonHispanic,6171386
2011,White,Male,30 to 34,NonHispanic,5955322
2011,White,Male,35 to 39,NonHispanic,5741746
2011,White,Male,40 to 44,NonHispanic,6612062
2011,White,Male,45 to 49,NonHispanic,7332931
2011,White,Male,5 to 9,NonHispanic,5492614
2011,White,Male,50 to 54,NonHispanic,7851450
2011,White,Male,55 to 59,NonHispanic,7255231
2011,White,Male,60 to 64,NonHispanic,6581187
2011,White,Male,65 to 69,NonHispanic,4794553
2011,White,Male,70 to 74,NonHispanic,3499151
2011,White,Male,75 to 79,NonHispanic,2612862
2011,White,Male,80 to 84,NonHispanic,1941703
2011,White,Male,85 years and over,NonHispanic,1581763
2011,White,Male,Under 5,NonHispanic,5179513
2012,Black,Female,10 to 14,Hispanic,122765
2012,Black,Female,15 to 19,Hispanic,118253
2012,Black,Female,20 to 24,Hispanic,126691
2012,Black,Female,25 to 29,Hispanic,116369
2012,Black,Female,30 to 34,Hispanic,111897
2012,Black,Female,35 to 39,Hispanic,95263
2012,Black,Female,40 to 44,Hispanic,82053
2012,Black,Female,45 to 49,Hispanic,72802
2012,Black,Female,5 to 9,Hispanic,131644
2012,Black,Female,50 to 54,Hispanic,60987
2012,Black,Female,55 to 59,Hispanic,47043
2012,Black,Female,60 to 64,Hispanic,34570
2012,Black,Female,65 to 69,Hispanic,24429
2012,Black,Female,70 to 74,Hispanic,16725
2012,Black,Female,75 to 79,Hispanic,12175
2012,Black,Female,80 to 84,Hispanic,8265
2012,Black,Female,85 years and over,Hispanic,7574
2012,Black,Female,Under 5,Hispanic,144800
2012,Black,Female,10 to 14,NonHispanic,1435570
2012,Black,Female,15 to 19,NonHispanic,1556121
2012,Black,Female,20 to 24,NonHispanic,1655588
2012,Black,Female,25 to 29,NonHispanic,1396229
2012,Black,Female,30 to 34,NonHispanic,1395104
2012,Black,Female,35 to 39,NonHispanic,1305157
2012,Black,Female,40 to 44,NonHispanic,1385324
2012,Black,Female,45 to 49,NonHispanic,1423651
2012,Black,Female,5 to 9,NonHispanic,1359988
2012,Black,Female,50 to 54,NonHispanic,1437989
2012,Black,Female,55 to 59,NonHispanic,1276176
2012,Black,Female,60 to 64,NonHispanic,1029553
2012,Black,Female,65 to 69,NonHispanic,723900
2012,Black,Female,70 to 74,NonHispanic,525102
2012,Black,Female,75 to 79,NonHispanic,392469
2012,Black,Female,80 to 84,NonHispanic,278171
2012,Black,Female,85 years and over,NonHispanic,285123
2012,Black,Female,Under 5,NonHispanic,1335794
2012,Black,Male,10 to 14,Hispanic,127342
2012,Black,Male,15 to 19,Hispanic,124992
2012,Black,Male,20 to 24,Hispanic,129247
2012,Black,Male,25 to 29,Hispanic,111393
2012,Black,Male,30 to 34,Hispanic,103139
2012,Black,Male,35 to 39,Hispanic,84554
2012,Black,Male,40 to 44,Hispanic,73376
2012,Black,Male,45 to 49,Hispanic,65887
2012,Black,Male,5 to 9,Hispanic,136318
2012,Black,Male,50 to 54,Hispanic,54539
2012,Black,Male,55 to 59,Hispanic,41912
2012,Black,Male,60 to 64,Hispanic,29297
2012,Black,Male,65 to 69,Hispanic,19268
2012,Black,Male,70 to 74,Hispanic,12500
2012,Black,Male,75 to 79,Hispanic,8307
2012,Black,Male,80 to 84,Hispanic,4801
2012,Black,Male,85 years and over,Hispanic,3410
2012,Black,Male,Under 5,Hispanic,149726
2012,Black,Male,10 to 14,NonHispanic,1485025
2012,Black,Male,15 to 19,NonHispanic,1612374
2012,Black,Male,20 to 24,NonHispanic,1655024
2012,Black,Male,25 to 29,NonHispanic,1292938
2012,Black,Male,30 to 34,NonHispanic,1247697
2012,Black,Male,35 to 39,NonHispanic,1154085
2012,Black,Male,40 to 44,NonHispanic,1233661
2012,Black,Male,45 to 49,NonHispanic,1271471
2012,Black,Male,5 to 9,NonHispanic,1400279
2012,Black,Male,50 to 54,NonHispanic,1270605
2012,Black,Male,55 to 59,NonHispanic,1090266
2012,Black,Male,60 to 64,NonHispanic,840186
2012,Black,Male,65 to 69,NonHispanic,565431
2012,Black,Male,70 to 74,NonHispanic,378812
2012,Black,Male,75 to 79,NonHispanic,253294
2012,Black,Male,80 to 84,NonHispanic,150937
2012,Black,Male,85 years and over,NonHispanic,114418
2012,Black,Male,Under 5,NonHispanic,1373379
2012,Other,Female,10 to 14,Hispanic,230784
2012,Other,Female,15 to 19,Hispanic,215797
2012,Other,Female,20 to 24,Hispanic,201183
2012,Other,Female,25 to 29,Hispanic,186458
2012,Other,Female,30 to 34,Hispanic,181700
2012,Other,Female,35 to 39,Hispanic,160937
2012,Other,Female,40 to 44,Hispanic,142859
2012,Other,Female,45 to 49,Hispanic,123018
2012,Other,Female,5 to 9,Hispanic,253186
2012,Other,Female,50 to 54,Hispanic,103884
2012,Other,Female,55 to 59,Hispanic,78871
2012,Other,Female,60 to 64,Hispanic,55950
2012,Other,Female,65 to 69,Hispanic,38095
2012,Other,Female,70 to 74,Hispanic,25183
2012,Other,Female,75 to 79,Hispanic,16990
2012,Other,Female,80 to 84,Hispanic,11169
2012,Other,Female,85 years and over,Hispanic,9555
2012,Other,Female,Under 5,Hispanic,272867
2012,Other,Female,10 to 14,NonHispanic,964424
2012,Other,Female,15 to 19,NonHispanic,945137
2012,Other,Female,20 to 24,NonHispanic,1019874
2012,Other,Female,25 to 29,NonHispanic,1020877
2012,Other,Female,30 to 34,NonHispanic,1028615
2012,Other,Female,35 to 39,NonHispanic,978157
2012,Other,Female,40 to 44,NonHispanic,948342
2012,Other,Female,45 to 49,NonHispanic,859700
2012,Other,Female,5 to 9,NonHispanic,1015325
2012,Other,Female,50 to 54,NonHispanic,811553
2012,Other,Female,55 to 59,NonHispanic,732884
2012,Other,Female,60 to 64,NonHispanic,607833
2012,Other,Female,65 to 69,NonHispanic,430521
2012,Other,Female,70 to 74,NonHispanic,304656
2012,Other,Female,75 to 79,NonHispanic,215943
2012,Other,Female,80 to 84,NonHispanic,150821
2012,Other,Female,85 years and over,NonHispanic,135326
2012,Other,Female,Under 5,NonHispanic,1037037
2012,Other,Male,10 to 14,Hispanic,237964
2012,Other,Male,15 to 19,Hispanic,225089
2012,Other,Male,20 to 24,Hispanic,219893
2012,Other,Male,25 to 29,Hispanic,205477
2012,Other,Male,30 to 34,Hispanic,193982
2012,Other,Male,35 to 39,Hispanic,168478
2012,Other,Male,40 to 44,Hispanic,147077
2012,Other,Male,45 to 49,Hispanic,125172
2012,Other,Male,5 to 9,Hispanic,262348
2012,Other,Male,50 to 54,Hispanic,102323
2012,Other,Male,55 to 59,Hispanic,76050
2012,Other,Male,60 to 64,Hispanic,51269
2012,Other,Male,65 to 69,Hispanic,33184
2012,Other,Male,70 to 74,Hispanic,20049
2012,Other,Male,75 to 79,Hispanic,12176
2012,Other,Male,80 to 84,Hispanic,7255
2012,Other,Male,85 years and over,Hispanic,5474
2012,Other,Male,Under 5,Hispanic,282643
2012,Other,Male,10 to 14,NonHispanic,984280
2012,Other,Male,15 to 19,NonHispanic,973775
2012,Other,Male,20 to 24,NonHispanic,1028226
2012,Other,Male,25 to 29,NonHispanic,948496
2012,Other,Male,30 to 34,NonHispanic,907615
2012,Other,Male,35 to 39,NonHispanic,869825
2012,Other,Male,40 to 44,NonHispanic,841913
2012,Other,Male,45 to 49,NonHispanic,764850
2012,Other,Male,5 to 9,NonHispanic,1035370
2012,Other,Male,50 to 54,NonHispanic,711259
2012,Other,Male,55 to 59,NonHispanic,623505
2012,Other,Male,60 to 64,NonHispanic,504491
2012,Other,Male,65 to 69,NonHispanic,359697
2012,Other,Male,70 to 74,NonHispanic,251222
2012,Other,Male,75 to 79,NonHispanic,164679
2012,Other,Male,80 to 84,NonHispanic,99377
2012,Other,Male,85 years and over,NonHispanic,75329
2012,Other,Male,Under 5,NonHispanic,1076768
2012,White,Female,10 to 14,Hispanic,1983132
2012,White,Female,15 to 19,Hispanic,1930171
2012,White,Female,20 to 24,Hispanic,1864847
2012,White,Female,25 to 29,Hispanic,1758185
2012,White,Female,30 to 34,Hispanic,1790535
2012,White,Female,35 to 39,Hispanic,1706215
2012,White,Female,40 to 44,Hispanic,1586199
2012,White,Female,45 to 49,Hispanic,1394822
2012,White,Female,5 to 9,Hispanic,2072614
2012,White,Female,50 to 54,Hispanic,1196241
2012,White,Female,55 to 59,Hispanic,963300
2012,White,Female,60 to 64,Hispanic,735949
2012,White,Female,65 to 69,Hispanic,545963
2012,White,Female,70 to 74,Hispanic,396276
2012,White,Female,75 to 79,Hispanic,296957
2012,White,Female,80 to 84,Hispanic,216232
2012,White,Female,85 years and over,Hispanic,188300
2012,White,Female,Under 5,Hispanic,2037694
2012,White,Female,10 to 14,NonHispanic,5461644
2012,White,Female,15 to 19,NonHispanic,5768921
2012,White,Female,20 to 24,NonHispanic,6251965
2012,White,Female,25 to 29,NonHispanic,6019353
2012,White,Female,30 to 34,NonHispanic,5936396
2012,White,Female,35 to 39,NonHispanic,5570420
2012,White,Female,40 to 44,NonHispanic,6452458
2012,White,Female,45 to 49,NonHispanic,7110054
2012,White,Female,5 to 9,NonHispanic,5172613
2012,White,Female,50 to 54,NonHispanic,7929462
2012,White,Female,55 to 59,NonHispanic,7657810
2012,White,Female,60 to 64,NonHispanic,6869921
2012,White,Female,65 to 69,NonHispanic,5660243
2012,White,Female,70 to 74,NonHispanic,4174133
2012,White,Female,75 to 79,NonHispanic,3266875
2012,White,Female,80 to 84,NonHispanic,2751371
2012,White,Female,85 years and over,NonHispanic,3229142
2012,White,Female,Under 5,NonHispanic,4842944
2012,White,Male,10 to 14,Hispanic,2060708
2012,White,Male,15 to 19,Hispanic,2050206
2012,White,Male,20 to 24,Hispanic,2082403
2012,White,Male,25 to 29,Hispanic,1972242
2012,White,Male,30 to 34,Hispanic,1922801
2012,White,Male,35 to 39,Hispanic,1759672
2012,White,Male,40 to 44,Hispanic,1625408
2012,White,Male,45 to 49,Hispanic,1419913
2012,White,Male,5 to 9,Hispanic,2156355
2012,White,Male,50 to 54,Hispanic,1175384
2012,White,Male,55 to 59,Hispanic,897615
2012,White,Male,60 to 64,Hispanic,654166
2012,White,Male,65 to 69,Hispanic,455816
2012,White,Male,70 to 74,Hispanic,307327
2012,White,Male,75 to 79,Hispanic,214904
2012,White,Male,80 to 84,Hispanic,143419
2012,White,Male,85 years and over,Hispanic,102411
2012,White,Male,Under 5,Hispanic,2118599
2012,White,Male,10 to 14,NonHispanic,5768765
2012,White,Male,15 to 19,NonHispanic,6104893
2012,White,Male,20 to 24,NonHispanic,6478275
2012,White,Male,25 to 29,NonHispanic,6145461
2012,White,Male,30 to 34,NonHispanic,6042730
2012,White,Male,35 to 39,NonHispanic,5654904
2012,White,Male,40 to 44,NonHispanic,6515714
2012,White,Male,45 to 49,NonHispanic,7074125
2012,White,Male,5 to 9,NonHispanic,5450024
2012,White,Male,50 to 54,NonHispanic,7780950
2012,White,Male,55 to 59,NonHispanic,7382802
2012,White,Male,60 to 64,NonHispanic,6507224
2012,White,Male,65 to 69,NonHispanic,5238496
2012,White,Male,70 to 74,NonHispanic,3658424
2012,White,Male,75 to 79,NonHispanic,2646915
2012,White,Male,80 to 84,NonHispanic,1943618
2012,White,Male,85 years and over,NonHispanic,1631511
2012,White,Male,Under 5,NonHispanic,5092267
2013,Black,Female,10 to 14,Hispanic,128598
2013,Black,Female,15 to 19,Hispanic,123405
2013,Black,Female,20 to 24,Hispanic,131356
2013,Black,Female,25 to 29,Hispanic,121318
2013,Black,Female,30 to 34,Hispanic,117805
2013,Black,Female,35 to 39,Hispanic,100783
2013,Black,Female,40 to 44,Hispanic,85849
2013,Black,Female,45 to 49,Hispanic,75623
2013,Black,Female,5 to 9,Hispanic,139139
2013,Black,Female,50 to 54,Hispanic,64505
2013,Black,Female,55 to 59,Hispanic,50504
2013,Black,Female,60 to 64,Hispanic,36844
2013,Black,Female,65 to 69,Hispanic,26291
2013,Black,Female,70 to 74,Hispanic,18031
2013,Black,Female,75 to 79,Hispanic,13017
2013,Black,Female,80 to 84,Hispanic,8594
2013,Black,Female,85 years and over,Hispanic,8176
2013,Black,Female,Under 5,Hispanic,149195
2013,Black,Female,10 to 14,NonHispanic,1423139
2013,Black,Female,15 to 19,NonHispanic,1525561
2013,Black,Female,20 to 24,NonHispanic,1688954
2013,Black,Female,25 to 29,NonHispanic,1407386
2013,Black,Female,30 to 34,NonHispanic,1409639
2013,Black,Female,35 to 39,NonHispanic,1309317
2013,Black,Female,40 to 44,NonHispanic,1380393
2013,Black,Female,45 to 49,NonHispanic,1397392
2013,Black,Female,5 to 9,NonHispanic,1372879
2013,Black,Female,50 to 54,NonHispanic,1445608
2013,Black,Female,55 to 59,NonHispanic,1315330
2013,Black,Female,60 to 64,NonHispanic,1064509
2013,Black,Female,65 to 69,NonHispanic,769429
2013,Black,Female,70 to 74,NonHispanic,549747
2013,Black,Female,75 to 79,NonHispanic,400561
2013,Black,Female,80 to 84,NonHispanic,282053
2013,Black,Female,85 years and over,NonHispanic,289787
2013,Black,Female,Under 5,NonHispanic,1314936
2013,Black,Male,10 to 14,Hispanic,133970
2013,Black,Male,15 to 19,Hispanic,129825
2013,Black,Male,20 to 24,Hispanic,136252
2013,Black,Male,25 to 29,Hispanic,117087
2013,Black,Male,30 to 34,Hispanic,108303
2013,Black,Male,35 to 39,Hispanic,90462
2013,Black,Male,40 to 44,Hispanic,76130
2013,Black,Male,45 to 49,Hispanic,69115
2013,Black,Male,5 to 9,Hispanic,143780
2013,Black,Male,50 to 54,Hispanic,57736
2013,Black,Male,55 to 59,Hispanic,44983
2013,Black,Male,60 to 64,Hispanic,31436
2013,Black,Male,65 to 69,Hispanic,21195
2013,Black,Male,70 to 74,Hispanic,13510
2013,Black,Male,75 to 79,Hispanic,8821
2013,Black,Male,80 to 84,Hispanic,5113
2013,Black,Male,85 years and over,Hispanic,3714
2013,Black,Male,Under 5,Hispanic,154125
2013,Black,Male,10 to 14,NonHispanic,1470745
2013,Black,Male,15 to 19,NonHispanic,1576487
2013,Black,Male,20 to 24,NonHispanic,1703705
2013,Black,Male,25 to 29,NonHispanic,1305931
2013,Black,Male,30 to 34,NonHispanic,1258443
2013,Black,Male,35 to 39,NonHispanic,1158369
2013,Black,Male,40 to 44,NonHispanic,1224771
2013,Black,Male,45 to 49,NonHispanic,1248375
2013,Black,Male,5 to 9,NonHispanic,1412613
2013,Black,Male,50 to 54,NonHispanic,1276542
2013,Black,Male,55 to 59,NonHispanic,1129919
2013,Black,Male,60 to 64,NonHispanic,869551
2013,Black,Male,65 to 69,NonHispanic,605299
2013,Black,Male,70 to 74,NonHispanic,398108
2013,Black,Male,75 to 79,NonHispanic,260951
2013,Black,Male,80 to 84,NonHispanic,155567
2013,Black,Male,85 years and over,NonHispanic,117336
2013,Black,Male,Under 5,NonHispanic,1352920
2013,Other,Female,10 to 14,Hispanic,256546
2013,Other,Female,15 to 19,Hispanic,238057
2013,Other,Female,20 to 24,Hispanic,222123
2013,Other,Female,25 to 29,Hispanic,204052
2013,Other,Female,30 to 34,Hispanic,200733
2013,Other,Female,35 to 39,Hispanic,181027
2013,Other,Female,40 to 44,Hispanic,160527
2013,Other,Female,45 to 49,Hispanic,137376
2013,Other,Female,5 to 9,Hispanic,280077
2013,Other,Female,50 to 54,Hispanic,118269
2013,Other,Female,55 to 59,Hispanic,91006
2013,Other,Female,60 to 64,Hispanic,64840
2013,Other,Female,65 to 69,Hispanic,44934
2013,Other,Female,70 to 74,Hispanic,29535
2013,Other,Female,75 to 79,Hispanic,19725
2013,Other,Female,80 to 84,Hispanic,12590
2013,Other,Female,85 years and over,Hispanic,11150
2013,Other,Female,Under 5,Hispanic,293355
2013,Other,Female,10 to 14,NonHispanic,1007229
2013,Other,Female,15 to 19,NonHispanic,984386
2013,Other,Female,20 to 24,NonHispanic,1065264
2013,Other,Female,25 to 29,NonHispanic,1057412
2013,Other,Female,30 to 34,NonHispanic,1078691
2013,Other,Female,35 to 39,NonHispanic,1004542
2013,Other,Female,40 to 44,NonHispanic,989243
2013,Other,Female,45 to 49,NonHispanic,883575
2013,Other,Female,5 to 9,NonHispanic,1048516
2013,Other,Female,50 to 54,NonHispanic,848342
2013,Other,Female,55 to 59,NonHispanic,772620
2013,Other,Female,60 to 64,NonHispanic,644644
2013,Other,Female,65 to 69,NonHispanic,474471
2013,Other,Female,70 to 74,NonHispanic,326652
2013,Other,Female,75 to 79,NonHispanic,227846
2013,Other,Female,80 to 84,NonHispanic,158475
2013,Other,Female,85 years and over,NonHispanic,144518
2013,Other,Female,Under 5,NonHispanic,1061862
2013,Other,Male,10 to 14,Hispanic,264468
2013,Other,Male,15 to 19,Hispanic,248647
2013,Other,Male,20 to 24,Hispanic,240101
2013,Other,Male,25 to 29,Hispanic,224084
2013,Other,Male,30 to 34,Hispanic,213384
2013,Other,Male,35 to 39,Hispanic,188181
2013,Other,Male,40 to 44,Hispanic,163379
2013,Other,Male,45 to 49,Hispanic,140214
2013,Other,Male,5 to 9,Hispanic,290223
2013,Other,Male,50 to 54,Hispanic,116077
2013,Other,Male,55 to 59,Hispanic,87674
2013,Other,Male,60 to 64,Hispanic,59692
2013,Other,Male,65 to 69,Hispanic,39564
2013,Other,Male,70 to 74,Hispanic,23469
2013,Other,Male,75 to 79,Hispanic,14212
2013,Other,Male,80 to 84,Hispanic,8261
2013,Other,Male,85 years and over,Hispanic,6390
2013,Other,Male,Under 5,Hispanic,303836
2013,Other,Male,10 to 14,NonHispanic,1027095
2013,Other,Male,15 to 19,NonHispanic,1010673
2013,Other,Male,20 to 24,NonHispanic,1080316
2013,Other,Male,25 to 29,NonHispanic,988920
2013,Other,Male,30 to 34,NonHispanic,953867
2013,Other,Male,35 to 39,NonHispanic,889286
2013,Other,Male,40 to 44,NonHispanic,876243
2013,Other,Male,45 to 49,NonHispanic,781574
2013,Other,Male,5 to 9,NonHispanic,1073237
2013,Other,Male,50 to 54,NonHispanic,743494
2013,Other,Male,55 to 59,NonHispanic,658857
2013,Other,Male,60 to 64,NonHispanic,532958
2013,Other,Male,65 to 69,NonHispanic,393644
2013,Other,Male,70 to 74,NonHispanic,268078
2013,Other,Male,75 to 79,NonHispanic,176811
2013,Other,Male,80 to 84,NonHispanic,105592
2013,Other,Male,85 years and over,NonHispanic,80075
2013,Other,Male,Under 5,NonHispanic,1105847
2013,White,Female,10 to 14,Hispanic,2006695
2013,White,Female,15 to 19,Hispanic,1940586
2013,White,Female,20 to 24,Hispanic,1907963
2013,White,Female,25 to 29,Hispanic,1752903
2013,White,Female,30 to 34,Hispanic,1806900
2013,White,Female,35 to 39,Hispanic,1714304
2013,White,Female,40 to 44,Hispanic,1615938
2013,White,Female,45 to 49,Hispanic,1417092
2013,White,Female,5 to 9,Hispanic,2086651
2013,White,Female,50 to 54,Hispanic,1239249
2013,White,Female,55 to 59,Hispanic,1004846
2013,White,Female,60 to 64,Hispanic,769664
2013,White,Female,65 to 69,Hispanic,579748
2013,White,Female,70 to 74,Hispanic,416809
2013,White,Female,75 to 79,Hispanic,309433
2013,White,Female,80 to 84,Hispanic,222257
2013,White,Female,85 years and over,Hispanic,199874
2013,White,Female,Under 5,Hispanic,1973749
2013,White,Female,10 to 14,NonHispanic,5412778
2013,White,Female,15 to 19,NonHispanic,5698717
2013,White,Female,20 to 24,NonHispanic,6226652
2013,White,Female,25 to 29,NonHispanic,5997732
2013,White,Female,30 to 34,NonHispanic,6009870
2013,White,Female,35 to 39,NonHispanic,5566608
2013,White,Female,40 to 44,NonHispanic,6296752
2013,White,Female,45 to 49,NonHispanic,6828662
2013,White,Female,5 to 9,NonHispanic,5123261
2013,White,Female,50 to 54,NonHispanic,7829193
2013,White,Female,55 to 59,NonHispanic,7746668
2013,White,Female,60 to 64,NonHispanic,6943756
2013,White,Female,65 to 69,NonHispanic,5867892
2013,White,Female,70 to 74,NonHispanic,4422256
2013,White,Female,75 to 79,NonHispanic,3321885
2013,White,Female,80 to 84,NonHispanic,2700560
2013,White,Female,85 years and over,NonHispanic,3242713
2013,White,Female,Under 5,NonHispanic,4768839
2013,White,Male,10 to 14,Hispanic,2079611
2013,White,Male,15 to 19,Hispanic,2050661
2013,White,Male,20 to 24,Hispanic,2107086
2013,White,Male,25 to 29,Hispanic,1958867
2013,White,Male,30 to 34,Hispanic,1927702
2013,White,Male,35 to 39,Hispanic,1762527
2013,White,Male,40 to 44,Hispanic,1633029
2013,White,Male,45 to 49,Hispanic,1437924
2013,White,Male,5 to 9,Hispanic,2174275
2013,White,Male,50 to 54,Hispanic,1215473
2013,White,Male,55 to 59,Hispanic,937425
2013,White,Male,60 to 64,Hispanic,682038
2013,White,Male,65 to 69,Hispanic,487980
2013,White,Male,70 to 74,Hispanic,322545
2013,White,Male,75 to 79,Hispanic,225104
2013,White,Male,80 to 84,Hispanic,146991
2013,White,Male,85 years and over,Hispanic,109416
2013,White,Male,Under 5,Hispanic,2047921
2013,White,Male,10 to 14,NonHispanic,5718386
2013,White,Male,15 to 19,NonHispanic,6019944
2013,White,Male,20 to 24,NonHispanic,6485757
2013,White,Male,25 to 29,NonHispanic,6129216
2013,White,Male,30 to 34,NonHispanic,6116611
2013,White,Male,35 to 39,NonHispanic,5664375
2013,White,Male,40 to 44,NonHispanic,6357906
2013,White,Male,45 to 49,NonHispanic,6816537
2013,White,Male,5 to 9,NonHispanic,5392507
2013,White,Male,50 to 54,NonHispanic,7683573
2013,White,Male,55 to 59,NonHispanic,7480052
2013,White,Male,60 to 64,NonHispanic,6567162
2013,White,Male,65 to 69,NonHispanic,5447483
2013,White,Male,70 to 74,NonHispanic,3896488
2013,White,Male,75 to 79,NonHispanic,2713780
2013,White,Male,80 to 84,NonHispanic,1936326
2013,White,Male,85 years and over,NonHispanic,1668575
2013,White,Male,Under 5,NonHispanic,5016099
2014,Black,Female,10 to 14,Hispanic,134704
2014,Black,Female,15 to 19,Hispanic,129044
2014,Black,Female,20 to 24,Hispanic,135573
2014,Black,Female,25 to 29,Hispanic,128038
2014,Black,Female,30 to 34,Hispanic,121892
2014,Black,Female,35 to 39,Hispanic,106689
2014,Black,Female,40 to 44,Hispanic,89849
2014,Black,Female,45 to 49,Hispanic,77997
2014,Black,Female,5 to 9,Hispanic,145418
2014,Black,Female,50 to 54,Hispanic,68336
2014,Black,Female,55 to 59,Hispanic,54004
2014,Black,Female,60 to 64,Hispanic,39164
2014,Black,Female,65 to 69,Hispanic,28650
2014,Black,Female,70 to 74,Hispanic,19080
2014,Black,Female,75 to 79,Hispanic,13814
2014,Black,Female,80 to 84,Hispanic,8988
2014,Black,Female,85 years and over,Hispanic,8816
2014,Black,Female,Under 5,Hispanic,154699
2014,Black,Female,10 to 14,NonHispanic,1413807
2014,Black,Female,15 to 19,NonHispanic,1501731
2014,Black,Female,20 to 24,NonHispanic,1693688
2014,Black,Female,25 to 29,NonHispanic,1443694
2014,Black,Female,30 to 34,NonHispanic,1411369
2014,Black,Female,35 to 39,NonHispanic,1333095
2014,Black,Female,40 to 44,NonHispanic,1369118
2014,Black,Female,45 to 49,NonHispanic,1366759
2014,Black,Female,5 to 9,NonHispanic,1375876
2014,Black,Female,50 to 54,NonHispanic,1448489
2014,Black,Female,55 to 59,NonHispanic,1347954
2014,Black,Female,60 to 64,NonHispanic,1104868
2014,Black,Female,65 to 69,NonHispanic,822741
2014,Black,Female,70 to 74,NonHispanic,572647
2014,Black,Female,75 to 79,NonHispanic,409302
2014,Black,Female,80 to 84,NonHispanic,286196
2014,Black,Female,85 years and over,NonHispanic,295783
2014,Black,Female,Under 5,NonHispanic,1305203
2014,Black,Male,10 to 14,Hispanic,140410
2014,Black,Male,15 to 19,Hispanic,135597
2014,Black,Male,20 to 24,Hispanic,141776
2014,Black,Male,25 to 29,Hispanic,123845
2014,Black,Male,30 to 34,Hispanic,112767
2014,Black,Male,35 to 39,Hispanic,96735
2014,Black,Male,40 to 44,Hispanic,79240
2014,Black,Male,45 to 49,Hispanic,71504
2014,Black,Male,5 to 9,Hispanic,150110
2014,Black,Male,50 to 54,Hispanic,61413
2014,Black,Male,55 to 59,Hispanic,47701
2014,Black,Male,60 to 64,Hispanic,34075
2014,Black,Male,65 to 69,Hispanic,23075
2014,Black,Male,70 to 74,Hispanic,14447
2014,Black,Male,75 to 79,Hispanic,9570
2014,Black,Male,80 to 84,Hispanic,5350
2014,Black,Male,85 years and over,Hispanic,4074
2014,Black,Male,Under 5,Hispanic,160194
2014,Black,Male,10 to 14,NonHispanic,1460462
2014,Black,Male,15 to 19,NonHispanic,1550449
2014,Black,Male,20 to 24,NonHispanic,1718686
2014,Black,Male,25 to 29,NonHispanic,1343544
2014,Black,Male,30 to 34,NonHispanic,1258626
2014,Black,Male,35 to 39,NonHispanic,1179835
2014,Black,Male,40 to 44,NonHispanic,1210639
2014,Black,Male,45 to 49,NonHispanic,1222047
2014,Black,Male,5 to 9,NonHispanic,1414719
2014,Black,Male,50 to 54,NonHispanic,1279581
2014,Black,Male,55 to 59,NonHispanic,1163553
2014,Black,Male,60 to 64,NonHispanic,903525
2014,Black,Male,65 to 69,NonHispanic,649330
2014,Black,Male,70 to 74,NonHispanic,416132
2014,Black,Male,75 to 79,NonHispanic,269779
2014,Black,Male,80 to 84,NonHispanic,160516
2014,Black,Male,85 years and over,NonHispanic,121206
2014,Black,Male,Under 5,NonHispanic,1342962
2014,Other,Female,10 to 14,Hispanic,282676
2014,Other,Female,15 to 19,Hispanic,261096
2014,Other,Female,20 to 24,Hispanic,243240
2014,Other,Female,25 to 29,Hispanic,222903
2014,Other,Female,30 to 34,Hispanic,218939
2014,Other,Female,35 to 39,Hispanic,201365
2014,Other,Female,40 to 44,Hispanic,177407
2014,Other,Female,45 to 49,Hispanic,152363
2014,Other,Female,5 to 9,Hispanic,304986
2014,Other,Female,50 to 54,Hispanic,132304
2014,Other,Female,55 to 59,Hispanic,103041
2014,Other,Female,60 to 64,Hispanic,74476
2014,Other,Female,65 to 69,Hispanic,51874
2014,Other,Female,70 to 74,Hispanic,34074
2014,Other,Female,75 to 79,Hispanic,22315
2014,Other,Female,80 to 84,Hispanic,14158
2014,Other,Female,85 years and over,Hispanic,12711
2014,Other,Female,Under 5,Hispanic,315344
2014,Other,Female,10 to 14,NonHispanic,1054923
2014,Other,Female,15 to 19,NonHispanic,1023204
2014,Other,Female,20 to 24,NonHispanic,1105782
2014,Other,Female,25 to 29,NonHispanic,1108932
2014,Other,Female,30 to 34,NonHispanic,1125369
2014,Other,Female,35 to 39,NonHispanic,1040465
2014,Other,Female,40 to 44,NonHispanic,1022564
2014,Other,Female,45 to 49,NonHispanic,913899
2014,Other,Female,5 to 9,NonHispanic,1073261
2014,Other,Female,50 to 54,NonHispanic,886944
2014,Other,Female,55 to 59,NonHispanic,808163
2014,Other,Female,60 to 64,NonHispanic,682211
2014,Other,Female,65 to 69,NonHispanic,520123
2014,Other,Female,70 to 74,NonHispanic,351804
2014,Other,Female,75 to 79,NonHispanic,241841
2014,Other,Female,80 to 84,NonHispanic,165405
2014,Other,Female,85 years and over,NonHispanic,154464
2014,Other,Female,Under 5,NonHispanic,1092589
2014,Other,Male,10 to 14,Hispanic,291538
2014,Other,Male,15 to 19,Hispanic,273249
2014,Other,Male,20 to 24,Hispanic,259915
2014,Other,Male,25 to 29,Hispanic,243751
2014,Other,Male,30 to 34,Hispanic,231837
2014,Other,Male,35 to 39,Hispanic,207790
2014,Other,Male,40 to 44,Hispanic,179795
2014,Other,Male,45 to 49,Hispanic,154943
2014,Other,Male,5 to 9,Hispanic,316559
2014,Other,Male,50 to 54,Hispanic,129877
2014,Other,Male,55 to 59,Hispanic,99802
2014,Other,Male,60 to 64,Hispanic,68261
2014,Other,Male,65 to 69,Hispanic,46091
2014,Other,Male,70 to 74,Hispanic,26998
2014,Other,Male,75 to 79,Hispanic,16252
2014,Other,Male,80 to 84,Hispanic,9288
2014,Other,Male,85 years and over,Hispanic,7407
2014,Other,Male,Under 5,Hispanic,326354
2014,Other,Male,10 to 14,NonHispanic,1073200
2014,Other,Male,15 to 19,NonHispanic,1048281
2014,Other,Male,20 to 24,NonHispanic,1125984
2014,Other,Male,25 to 29,NonHispanic,1042980
2014,Other,Male,30 to 34,NonHispanic,999379
2014,Other,Male,35 to 39,NonHispanic,917400
2014,Other,Male,40 to 44,NonHispanic,903554
2014,Other,Male,45 to 49,NonHispanic,807644
2014,Other,Male,5 to 9,NonHispanic,1101918
2014,Other,Male,50 to 54,NonHispanic,776001
2014,Other,Male,55 to 59,NonHispanic,689411
2014,Other,Male,60 to 64,NonHispanic,563027
2014,Other,Male,65 to 69,NonHispanic,428954
2014,Other,Male,70 to 74,NonHispanic,286236
2014,Other,Male,75 to 79,NonHispanic,189546
2014,Other,Male,80 to 84,NonHispanic,112201
2014,Other,Male,85 years and over,NonHispanic,85489
2014,Other,Male,Under 5,NonHispanic,1140759
2014,White,Female,10 to 14,Hispanic,2031475
2014,White,Female,15 to 19,Hispanic,1956527
2014,White,Female,20 to 24,Hispanic,1947958
2014,White,Female,25 to 29,Hispanic,1759964
2014,White,Female,30 to 34,Hispanic,1817250
2014,White,Female,35 to 39,Hispanic,1720982
2014,White,Female,40 to 44,Hispanic,1642256
2014,White,Female,45 to 49,Hispanic,1435193
2014,White,Female,5 to 9,Hispanic,2081123
2014,White,Female,50 to 54,Hispanic,1283351
2014,White,Female,55 to 59,Hispanic,1045592
2014,White,Female,60 to 64,Hispanic,809713
2014,White,Female,65 to 69,Hispanic,614675
2014,White,Female,70 to 74,Hispanic,437955
2014,White,Female,75 to 79,Hispanic,322949
2014,White,Female,80 to 84,Hispanic,228290
2014,White,Female,85 years and over,Hispanic,212645
2014,White,Female,Under 5,Hispanic,1924104
2014,White,Female,10 to 14,NonHispanic,5368890
2014,White,Female,15 to 19,NonHispanic,5643505
2014,White,Female,20 to 24,NonHispanic,6165758
2014,White,Female,25 to 29,NonHispanic,6018656
2014,White,Female,30 to 34,NonHispanic,6042800
2014,White,Female,35 to 39,NonHispanic,5614979
2014,White,Female,40 to 44,NonHispanic,6086924
2014,White,Female,45 to 49,NonHispanic,6599615
2014,White,Female,5 to 9,NonHispanic,5041400
2014,White,Female,50 to 54,NonHispanic,7723241
2014,White,Female,55 to 59,NonHispanic,7784073
2014,White,Female,60 to 64,NonHispanic,7065869
2014,White,Female,65 to 69,NonHispanic,6119177
2014,White,Female,70 to 74,NonHispanic,4602789
2014,White,Female,75 to 79,NonHispanic,3399662
2014,White,Female,80 to 84,NonHispanic,2658584
2014,White,Female,85 years and over,NonHispanic,3259862
2014,White,Female,Under 5,NonHispanic,4729745
2014,White,Male,10 to 14,Hispanic,2104984
2014,White,Male,15 to 19,Hispanic,2060196
2014,White,Male,20 to 24,Hispanic,2131322
2014,White,Male,25 to 29,Hispanic,1957155
2014,White,Male,30 to 34,Hispanic,1927440
2014,White,Male,35 to 39,Hispanic,1763123
2014,White,Male,40 to 44,Hispanic,1640559
2014,White,Male,45 to 49,Hispanic,1451003
2014,White,Male,5 to 9,Hispanic,2169156
2014,White,Male,50 to 54,Hispanic,1255422
2014,White,Male,55 to 59,Hispanic,979163
2014,White,Male,60 to 64,Hispanic,716237
2014,White,Male,65 to 69,Hispanic,519918
2014,White,Male,70 to 74,Hispanic,338668
2014,White,Male,75 to 79,Hispanic,235428
2014,White,Male,80 to 84,Hispanic,151341
2014,White,Male,85 years and over,Hispanic,117240
2014,White,Male,Under 5,Hispanic,1997736
2014,White,Male,10 to 14,NonHispanic,5672686
2014,White,Male,15 to 19,NonHispanic,5952736
2014,White,Male,20 to 24,NonHispanic,6442866
2014,White,Male,25 to 29,NonHispanic,6160020
2014,White,Male,30 to 34,NonHispanic,6147965
2014,White,Male,35 to 39,NonHispanic,5724024
2014,White,Male,40 to 44,NonHispanic,6152144
2014,White,Male,45 to 49,NonHispanic,6606935
2014,White,Male,5 to 9,NonHispanic,5301511
2014,White,Male,50 to 54,NonHispanic,7584448
2014,White,Male,55 to 59,NonHispanic,7528449
2014,White,Male,60 to 64,NonHispanic,6675009
2014,White,Male,65 to 69,NonHispanic,5689354
2014,White,Male,70 to 74,NonHispanic,4065744
2014,White,Male,75 to 79,NonHispanic,2799440
2014,White,Male,80 to 84,NonHispanic,1929559
2014,White,Male,85 years and over,NonHispanic,1707072
2014,White,Male,Under 5,NonHispanic,4980541
2015,Black,Female,10 to 14,Hispanic,141111
2015,Black,Female,15 to 19,Hispanic,135778
2015,Black,Female,20 to 24,Hispanic,138100
2015,Black,Female,25 to 29,Hispanic,135379
2015,Black,Female,30 to 34,Hispanic,125697
2015,Black,Female,35 to 39,Hispanic,113200
2015,Black,Female,40 to 44,Hispanic,93732
2015,Black,Female,45 to 49,Hispanic,81116
2015,Black,Female,5 to 9,Hispanic,151047
2015,Black,Female,50 to 54,Hispanic,71577
2015,Black,Female,55 to 59,Hispanic,57663
2015,Black,Female,60 to 64,Hispanic,41528
2015,Black,Female,65 to 69,Hispanic,31285
2015,Black,Female,70 to 74,Hispanic,20361
2015,Black,Female,75 to 79,Hispanic,14606
2015,Black,Female,80 to 84,Hispanic,9544
2015,Black,Female,85 years and over,Hispanic,9454
2015,Black,Female,Under 5,Hispanic,160006
2015,Black,Female,10 to 14,NonHispanic,1398441
2015,Black,Female,15 to 19,NonHispanic,1500083
2015,Black,Female,20 to 24,NonHispanic,1661973
2015,Black,Female,25 to 29,NonHispanic,1490776
2015,Black,Female,30 to 34,NonHispanic,1406971
2015,Black,Female,35 to 39,NonHispanic,1368307
2015,Black,Female,40 to 44,NonHispanic,1346235
2015,Black,Female,45 to 49,NonHispanic,1356462
2015,Black,Female,5 to 9,NonHispanic,1375199
2015,Black,Female,50 to 54,NonHispanic,1441183
2015,Black,Female,55 to 59,NonHispanic,1379352
2015,Black,Female,60 to 64,NonHispanic,1144451
2015,Black,Female,65 to 69,NonHispanic,880729
2015,Black,Female,70 to 74,NonHispanic,593649
2015,Black,Female,75 to 79,NonHispanic,420690
2015,Black,Female,80 to 84,NonHispanic,291623
2015,Black,Female,85 years and over,NonHispanic,302764
2015,Black,Female,Under 5,NonHispanic,1299237
2015,Black,Male,10 to 14,Hispanic,147216
2015,Black,Male,15 to 19,Hispanic,142392
2015,Black,Male,20 to 24,Hispanic,145492
2015,Black,Male,25 to 29,Hispanic,131373
2015,Black,Male,30 to 34,Hispanic,116486
2015,Black,Male,35 to 39,Hispanic,103839
2015,Black,Male,40 to 44,Hispanic,82597
2015,Black,Male,45 to 49,Hispanic,74719
2015,Black,Male,5 to 9,Hispanic,155999
2015,Black,Male,50 to 54,Hispanic,64487
2015,Black,Male,55 to 59,Hispanic,50828
2015,Black,Male,60 to 64,Hispanic,36696
2015,Black,Male,65 to 69,Hispanic,25389
2015,Black,Male,70 to 74,Hispanic,15458
2015,Black,Male,75 to 79,Hispanic,10188
2015,Black,Male,80 to 84,Hispanic,5701
2015,Black,Male,85 years and over,Hispanic,4498
2015,Black,Male,Under 5,Hispanic,165804
2015,Black,Male,10 to 14,NonHispanic,1444340
2015,Black,Male,15 to 19,NonHispanic,1548427
2015,Black,Male,20 to 24,NonHispanic,1692549
2015,Black,Male,25 to 29,NonHispanic,1392340
2015,Black,Male,30 to 34,NonHispanic,1255167
2015,Black,Male,35 to 39,NonHispanic,1213594
2015,Black,Male,40 to 44,NonHispanic,1188117
2015,Black,Male,45 to 49,NonHispanic,1213623
2015,Black,Male,5 to 9,NonHispanic,1413547
2015,Black,Male,50 to 54,NonHispanic,1273541
2015,Black,Male,55 to 59,NonHispanic,1194286
2015,Black,Male,60 to 64,NonHispanic,939699
2015,Black,Male,65 to 69,NonHispanic,697327
2015,Black,Male,70 to 74,NonHispanic,433654
2015,Black,Male,75 to 79,NonHispanic,279281
2015,Black,Male,80 to 84,NonHispanic,165946
2015,Black,Male,85 years and over,NonHispanic,126148
2015,Black,Male,Under 5,NonHispanic,1336202
2015,Other,Female,10 to 14,Hispanic,308922
2015,Other,Female,15 to 19,Hispanic,285332
2015,Other,Female,20 to 24,Hispanic,262267
2015,Other,Female,25 to 29,Hispanic,243825
2015,Other,Female,30 to 34,Hispanic,236051
2015,Other,Female,35 to 39,Hispanic,222059
2015,Other,Female,40 to 44,Hispanic,194386
2015,Other,Female,45 to 49,Hispanic,168488
2015,Other,Female,5 to 9,Hispanic,330183
2015,Other,Female,50 to 54,Hispanic,145372
2015,Other,Female,55 to 59,Hispanic,115523
2015,Other,Female,60 to 64,Hispanic,84400
2015,Other,Female,65 to 69,Hispanic,59332
2015,Other,Female,70 to 74,Hispanic,38470
2015,Other,Female,75 to 79,Hispanic,25004
2015,Other,Female,80 to 84,Hispanic,15835
2015,Other,Female,85 years and over,Hispanic,14443
2015,Other,Female,Under 5,Hispanic,337038
2015,Other,Female,10 to 14,NonHispanic,1097068
2015,Other,Female,15 to 19,NonHispanic,1068604
2015,Other,Female,20 to 24,NonHispanic,1140124
2015,Other,Female,25 to 29,NonHispanic,1164805
2015,Other,Female,30 to 34,NonHispanic,1167812
2015,Other,Female,35 to 39,NonHispanic,1086747
2015,Other,Female,40 to 44,NonHispanic,1049677
2015,Other,Female,45 to 49,NonHispanic,959262
2015,Other,Female,5 to 9,NonHispanic,1101023
2015,Other,Female,50 to 54,NonHispanic,913073
2015,Other,Female,55 to 59,NonHispanic,845170
2015,Other,Female,60 to 64,NonHispanic,720395
2015,Other,Female,65 to 69,NonHispanic,569436
2015,Other,Female,70 to 74,NonHispanic,377347
2015,Other,Female,75 to 79,NonHispanic,257611
2015,Other,Female,80 to 84,NonHispanic,172462
2015,Other,Female,85 years and over,NonHispanic,165774
2015,Other,Female,Under 5,NonHispanic,1122419
2015,Other,Male,10 to 14,Hispanic,319135
2015,Other,Male,15 to 19,Hispanic,298905
2015,Other,Male,20 to 24,Hispanic,279198
2015,Other,Male,25 to 29,Hispanic,264576
2015,Other,Male,30 to 34,Hispanic,248300
2015,Other,Male,35 to 39,Hispanic,229485
2015,Other,Male,40 to 44,Hispanic,195942
2015,Other,Male,45 to 49,Hispanic,170853
2015,Other,Male,5 to 9,Hispanic,342676
2015,Other,Male,50 to 54,Hispanic,143100
2015,Other,Male,55 to 59,Hispanic,112079
2015,Other,Male,60 to 64,Hispanic,77604
2015,Other,Male,65 to 69,Hispanic,52482
2015,Other,Male,70 to 74,Hispanic,30828
2015,Other,Male,75 to 79,Hispanic,18479
2015,Other,Male,80 to 84,Hispanic,10394
2015,Other,Male,85 years and over,Hispanic,8423
2015,Other,Male,Under 5,Hispanic,348267
2015,Other,Male,10 to 14,NonHispanic,1115198
2015,Other,Male,15 to 19,NonHispanic,1091869
2015,Other,Male,20 to 24,NonHispanic,1163558
2015,Other,Male,25 to 29,NonHispanic,1103950
2015,Other,Male,30 to 34,NonHispanic,1042362
2015,Other,Male,35 to 39,NonHispanic,954739
2015,Other,Male,40 to 44,NonHispanic,926606
2015,Other,Male,45 to 49,NonHispanic,844892
2015,Other,Male,5 to 9,NonHispanic,1134428
2015,Other,Male,50 to 54,NonHispanic,798493
2015,Other,Male,55 to 59,NonHispanic,722026
2015,Other,Male,60 to 64,NonHispanic,593624
2015,Other,Male,65 to 69,NonHispanic,467359
2015,Other,Male,70 to 74,NonHispanic,304065
2015,Other,Male,75 to 79,NonHispanic,203389
2015,Other,Male,80 to 84,NonHispanic,119276
2015,Other,Male,85 years and over,NonHispanic,92057
2015,Other,Male,Under 5,NonHispanic,1175168
2015,White,Female,10 to 14,Hispanic,2051187
2015,White,Female,15 to 19,Hispanic,1988515
2015,White,Female,20 to 24,Hispanic,1965868
2015,White,Female,25 to 29,Hispanic,1784535
2015,White,Female,30 to 34,Hispanic,1813680
2015,White,Female,35 to 39,Hispanic,1744108
2015,White,Female,40 to 44,Hispanic,1660663
2015,White,Female,45 to 49,Hispanic,1466887
2015,White,Female,5 to 9,Hispanic,2072324
2015,White,Female,50 to 54,Hispanic,1317982
2015,White,Female,55 to 59,Hispanic,1090924
2015,White,Female,60 to 64,Hispanic,853031
2015,White,Female,65 to 69,Hispanic,653833
2015,White,Female,70 to 74,Hispanic,460999
2015,White,Female,75 to 79,Hispanic,335369
2015,White,Female,80 to 84,Hispanic,235892
2015,White,Female,85 years and over,Hispanic,227431
2015,White,Female,Under 5,Hispanic,1878915
2015,White,Female,10 to 14,NonHispanic,5302862
2015,White,Female,15 to 19,NonHispanic,5612637
2015,White,Female,20 to 24,NonHispanic,6041288
2015,White,Female,25 to 29,NonHispanic,6046585
2015,White,Female,30 to 34,NonHispanic,6048619
2015,White,Female,35 to 39,NonHispanic,5703240
2015,White,Female,40 to 44,NonHispanic,5854386
2015,White,Female,45 to 49,NonHispanic,6486249
2015,White,Female,5 to 9,NonHispanic,4970466
2015,White,Female,50 to 54,NonHispanic,7537026
2015,White,Female,55 to 59,NonHispanic,7809389
2015,White,Female,60 to 64,NonHispanic,7211780
2015,White,Female,65 to 69,NonHispanic,6376960
2015,White,Female,70 to 74,NonHispanic,4747995
2015,White,Female,75 to 79,NonHispanic,3455274
2015,White,Female,80 to 84,NonHispanic,2639449
2015,White,Female,85 years and over,NonHispanic,3262968
2015,White,Female,Under 5,NonHispanic,4696966
2015,White,Male,10 to 14,Hispanic,2127092
2015,White,Male,15 to 19,Hispanic,2091713
2015,White,Male,20 to 24,Hispanic,2134454
2015,White,Male,25 to 29,Hispanic,1968390
2015,White,Male,30 to 34,Hispanic,1913744
2015,White,Male,35 to 39,Hispanic,1787107
2015,White,Male,40 to 44,Hispanic,1645524
2015,White,Male,45 to 49,Hispanic,1474592
2015,White,Male,5 to 9,Hispanic,2157139
2015,White,Male,50 to 54,Hispanic,1288180
2015,White,Male,55 to 59,Hispanic,1027481
2015,White,Male,60 to 64,Hispanic,756765
2015,White,Male,65 to 69,Hispanic,553343
2015,White,Male,70 to 74,Hispanic,358332
2015,White,Male,75 to 79,Hispanic,245139
2015,White,Male,80 to 84,Hispanic,156729
2015,White,Male,85 years and over,Hispanic,126231
2015,White,Male,Under 5,Hispanic,1951530
2015,White,Male,10 to 14,NonHispanic,5601740
2015,White,Male,15 to 19,NonHispanic,5913032
2015,White,Male,20 to 24,NonHispanic,6337036
2015,White,Male,25 to 29,NonHispanic,6192142
2015,White,Male,30 to 34,NonHispanic,6153788
2015,White,Male,35 to 39,NonHispanic,5822552
2015,White,Male,40 to 44,NonHispanic,5924436
2015,White,Male,45 to 49,NonHispanic,6513779
2015,White,Male,5 to 9,NonHispanic,5224736
2015,White,Male,50 to 54,NonHispanic,7405594
2015,White,Male,55 to 59,NonHispanic,7566662
2015,White,Male,60 to 64,NonHispanic,6811181
2015,White,Male,65 to 69,NonHispanic,5931636
2015,White,Male,70 to 74,NonHispanic,4209552
2015,White,Male,75 to 79,NonHispanic,2862540
2015,White,Male,80 to 84,NonHispanic,1938682
2015,White,Male,85 years and over,NonHispanic,1742053
2015,White,Male,Under 5,NonHispanic,4948430
2016,Black,Female,10 to 14,Hispanic,148744
2016,Black,Female,15 to 19,Hispanic,142899
2016,Black,Female,20 to 24,Hispanic,140075
2016,Black,Female,25 to 29,Hispanic,142833
2016,Black,Female,30 to 34,Hispanic,129905
2016,Black,Female,35 to 39,Hispanic,118617
2016,Black,Female,40 to 44,Hispanic,98011
2016,Black,Female,45 to 49,Hispanic,85101
2016,Black,Female,5 to 9,Hispanic,157373
2016,Black,Female,50 to 54,Hispanic,74814
2016,Black,Female,55 to 59,Hispanic,60641
2016,Black,Female,60 to 64,Hispanic,44646
2016,Black,Female,65 to 69,Hispanic,33438
2016,Black,Female,70 to 74,Hispanic,22125
2016,Black,Female,75 to 79,Hispanic,15327
2016,Black,Female,80 to 84,Hispanic,10080
2016,Black,Female,85 years and over,Hispanic,10131
2016,Black,Female,Under 5,Hispanic,163184
2016,Black,Female,10 to 14,NonHispanic,1396584
2016,Black,Female,15 to 19,NonHispanic,1505161
2016,Black,Female,20 to 24,NonHispanic,1612650
2016,Black,Female,25 to 29,NonHispanic,1541159
2016,Black,Female,30 to 34,NonHispanic,1414599
2016,Black,Female,35 to 39,NonHispanic,1400675
2016,Black,Female,40 to 44,NonHispanic,1314227
2016,Black,Female,45 to 49,NonHispanic,1362776
2016,Black,Female,5 to 9,NonHispanic,1370958
2016,Black,Female,50 to 54,NonHispanic,1426973
2016,Black,Female,55 to 59,NonHispanic,1398592
2016,Black,Female,60 to 64,NonHispanic,1183479
2016,Black,Female,65 to 69,NonHispanic,943650
2016,Black,Female,70 to 74,NonHispanic,611858
2016,Black,Female,75 to 79,NonHispanic,432254
2016,Black,Female,80 to 84,NonHispanic,300027
2016,Black,Female,85 years and over,NonHispanic,308090
2016,Black,Female,Under 5,NonHispanic,1290240
2016,Black,Male,10 to 14,Hispanic,154963
2016,Black,Male,15 to 19,Hispanic,149864
2016,Black,Male,20 to 24,Hispanic,148128
2016,Black,Male,25 to 29,Hispanic,139218
2016,Black,Male,30 to 34,Hispanic,121752
2016,Black,Male,35 to 39,Hispanic,109450
2016,Black,Male,40 to 44,Hispanic,86914
2016,Black,Male,45 to 49,Hispanic,77710
2016,Black,Male,5 to 9,Hispanic,162242
2016,Black,Male,50 to 54,Hispanic,67955
2016,Black,Male,55 to 59,Hispanic,53484
2016,Black,Male,60 to 64,Hispanic,39416
2016,Black,Male,65 to 69,Hispanic,27485
2016,Black,Male,70 to 74,Hispanic,16706
2016,Black,Male,75 to 79,Hispanic,10749
2016,Black,Male,80 to 84,Hispanic,6218
2016,Black,Male,85 years and over,Hispanic,4840
2016,Black,Male,Under 5,Hispanic,169743
2016,Black,Male,10 to 14,NonHispanic,1441893
2016,Black,Male,15 to 19,NonHispanic,1553510
2016,Black,Male,20 to 24,NonHispanic,1640105
2016,Black,Male,25 to 29,NonHispanic,1446431
2016,Black,Male,30 to 34,NonHispanic,1265476
2016,Black,Male,35 to 39,NonHispanic,1243339
2016,Black,Male,40 to 44,NonHispanic,1161381
2016,Black,Male,45 to 49,NonHispanic,1216602
2016,Black,Male,5 to 9,NonHispanic,1411621
2016,Black,Male,50 to 54,NonHispanic,1262004
2016,Black,Male,55 to 59,NonHispanic,1212765
2016,Black,Male,60 to 64,NonHispanic,976581
2016,Black,Male,65 to 69,NonHispanic,746264
2016,Black,Male,70 to 74,NonHispanic,449788
2016,Black,Male,75 to 79,NonHispanic,287730
2016,Black,Male,80 to 84,NonHispanic,172874
2016,Black,Male,85 years and over,NonHispanic,130030
2016,Black,Male,Under 5,NonHispanic,1322659
2016,Other,Female,10 to 14,Hispanic,336305
2016,Other,Female,15 to 19,Hispanic,309888
2016,Other,Female,20 to 24,Hispanic,280134
2016,Other,Female,25 to 29,Hispanic,266233
2016,Other,Female,30 to 34,Hispanic,253647
2016,Other,Female,35 to 39,Hispanic,241885
2016,Other,Female,40 to 44,Hispanic,211651
2016,Other,Female,45 to 49,Hispanic,185163
2016,Other,Female,5 to 9,Hispanic,356025
2016,Other,Female,50 to 54,Hispanic,158543
2016,Other,Female,55 to 59,Hispanic,127128
2016,Other,Female,60 to 64,Hispanic,94527
2016,Other,Female,65 to 69,Hispanic,66921
2016,Other,Female,70 to 74,Hispanic,43328
2016,Other,Female,75 to 79,Hispanic,27633
2016,Other,Female,80 to 84,Hispanic,17514
2016,Other,Female,85 years and over,Hispanic,16197
2016,Other,Female,Under 5,Hispanic,357520
2016,Other,Female,10 to 14,NonHispanic,1135603
2016,Other,Female,15 to 19,NonHispanic,1113040
2016,Other,Female,20 to 24,NonHispanic,1170013
2016,Other,Female,25 to 29,NonHispanic,1224100
2016,Other,Female,30 to 34,NonHispanic,1211590
2016,Other,Female,35 to 39,NonHispanic,1135456
2016,Other,Female,40 to 44,NonHispanic,1073499
2016,Other,Female,45 to 49,NonHispanic,1009007
2016,Other,Female,5 to 9,NonHispanic,1131446
2016,Other,Female,50 to 54,NonHispanic,939692
2016,Other,Female,55 to 59,NonHispanic,875143
2016,Other,Female,60 to 64,NonHispanic,762581
2016,Other,Female,65 to 69,NonHispanic,613627
2016,Other,Female,70 to 74,NonHispanic,403310
2016,Other,Female,75 to 79,NonHispanic,273357
2016,Other,Female,80 to 84,NonHispanic,181184
2016,Other,Female,85 years and over,NonHispanic,176430
2016,Other,Female,Under 5,NonHispanic,1148108
2016,Other,Male,10 to 14,Hispanic,348368
2016,Other,Male,15 to 19,Hispanic,324864
2016,Other,Male,20 to 24,Hispanic,298089
2016,Other,Male,25 to 29,Hispanic,286257
2016,Other,Male,30 to 34,Hispanic,266306
2016,Other,Male,35 to 39,Hispanic,249082
2016,Other,Male,40 to 44,Hispanic,213318
2016,Other,Male,45 to 49,Hispanic,186709
2016,Other,Male,5 to 9,Hispanic,368983
2016,Other,Male,50 to 54,Hispanic,156143
2016,Other,Male,55 to 59,Hispanic,123307
2016,Other,Male,60 to 64,Hispanic,87622
2016,Other,Male,65 to 69,Hispanic,59003
2016,Other,Male,70 to 74,Hispanic,34794
2016,Other,Male,75 to 79,Hispanic,20593
2016,Other,Male,80 to 84,Hispanic,11552
2016,Other,Male,85 years and over,Hispanic,9447
2016,Other,Male,Under 5,Hispanic,369843
2016,Other,Male,10 to 14,NonHispanic,1157018
2016,Other,Male,15 to 19,NonHispanic,1134619
2016,Other,Male,20 to 24,NonHispanic,1195241
2016,Other,Male,25 to 29,NonHispanic,1165569
2016,Other,Male,30 to 34,NonHispanic,1090437
2016,Other,Male,35 to 39,NonHispanic,996547
2016,Other,Male,40 to 44,NonHispanic,945801
2016,Other,Male,45 to 49,NonHispanic,886364
2016,Other,Male,5 to 9,NonHispanic,1170072
2016,Other,Male,50 to 54,NonHispanic,822190
2016,Other,Male,55 to 59,NonHispanic,747628
2016,Other,Male,60 to 64,NonHispanic,629360
2016,Other,Male,65 to 69,NonHispanic,499269
2016,Other,Male,70 to 74,NonHispanic,323495
2016,Other,Male,75 to 79,NonHispanic,215994
2016,Other,Male,80 to 84,NonHispanic,127953
2016,Other,Male,85 years and over,NonHispanic,98197
2016,Other,Male,Under 5,NonHispanic,1200432
2016,White,Female,10 to 14,Hispanic,2078935
2016,White,Female,15 to 19,Hispanic,2025702
2016,White,Female,20 to 24,Hispanic,1973511
2016,White,Female,25 to 29,Hispanic,1823027
2016,White,Female,30 to 34,Hispanic,1816575
2016,White,Female,35 to 39,Hispanic,1765813
2016,White,Female,40 to 44,Hispanic,1672280
2016,White,Female,45 to 49,Hispanic,1507548
2016,White,Female,5 to 9,Hispanic,2048938
2016,White,Female,50 to 54,Hispanic,1349797
2016,White,Female,55 to 59,Hispanic,1132443
2016,White,Female,60 to 64,Hispanic,897148
2016,White,Female,65 to 69,Hispanic,691077
2016,White,Female,70 to 74,Hispanic,486669
2016,White,Female,75 to 79,Hispanic,348754
2016,White,Female,80 to 84,Hispanic,244365
2016,White,Female,85 years and over,Hispanic,240990
2016,White,Female,Under 5,Hispanic,1841482
2016,White,Female,10 to 14,NonHispanic,5249458
2016,White,Female,15 to 19,NonHispanic,5581278
2016,White,Female,20 to 24,NonHispanic,5902914
2016,White,Female,25 to 29,NonHispanic,6079325
2016,White,Female,30 to 34,NonHispanic,6050351
2016,White,Female,35 to 39,NonHispanic,5822123
2016,White,Female,40 to 44,NonHispanic,5608118
2016,White,Female,45 to 49,NonHispanic,6455137
2016,White,Female,5 to 9,NonHispanic,4907876
2016,White,Female,50 to 54,NonHispanic,7252726
2016,White,Female,55 to 59,NonHispanic,7830764
2016,White,Female,60 to 64,NonHispanic,7324344
2016,White,Female,65 to 69,NonHispanic,6665342
2016,White,Female,70 to 74,NonHispanic,4855235
2016,White,Female,75 to 79,NonHispanic,3546294
2016,White,Female,80 to 84,NonHispanic,2636738
2016,White,Female,85 years and over,NonHispanic,3264953
2016,White,Female,Under 5,NonHispanic,4656197
2016,White,Male,10 to 14,Hispanic,2160151
2016,White,Male,15 to 19,Hispanic,2127636
2016,White,Male,20 to 24,Hispanic,2127657
2016,White,Male,25 to 29,Hispanic,1987902
2016,White,Male,30 to 34,Hispanic,1914475
2016,White,Male,35 to 39,Hispanic,1803655
2016,White,Male,40 to 44,Hispanic,1648877
2016,White,Male,45 to 49,Hispanic,1499562
2016,White,Male,5 to 9,Hispanic,2131884
2016,White,Male,50 to 54,Hispanic,1320926
2016,White,Male,55 to 59,Hispanic,1068669
2016,White,Male,60 to 64,Hispanic,796310
2016,White,Male,65 to 69,Hispanic,587922
2016,White,Male,70 to 74,Hispanic,379904
2016,White,Male,75 to 79,Hispanic,254902
2016,White,Male,80 to 84,Hispanic,163036
2016,White,Male,85 years and over,Hispanic,134593
2016,White,Male,Under 5,Hispanic,1913137
2016,White,Male,10 to 14,NonHispanic,5549647
2016,White,Male,15 to 19,NonHispanic,5870778
2016,White,Male,20 to 24,NonHispanic,6203572
2016,White,Male,25 to 29,NonHispanic,6227045
2016,White,Male,30 to 34,NonHispanic,6165525
2016,White,Male,35 to 39,NonHispanic,5946774
2016,White,Male,40 to 44,NonHispanic,5680558
2016,White,Male,45 to 49,NonHispanic,6494101
2016,White,Male,5 to 9,NonHispanic,5159217
2016,White,Male,50 to 54,NonHispanic,7140862
2016,White,Male,55 to 59,NonHispanic,7593446
2016,White,Male,60 to 64,NonHispanic,6922866
2016,White,Male,65 to 69,NonHispanic,6187175
2016,White,Male,70 to 74,NonHispanic,4323002
2016,White,Male,75 to 79,NonHispanic,2950061
2016,White,Male,80 to 84,NonHispanic,1958746
2016,White,Male,85 years and over,NonHispanic,1773709
2016,White,Male,Under 5,NonHispanic,4903151
2017,Black,Female,10 to 14,Hispanic,157391
2017,Black,Female,15 to 19,Hispanic,149870
2017,Black,Female,20 to 24,Hispanic,143316
2017,Black,Female,25 to 29,Hispanic,149196
2017,Black,Female,30 to 34,Hispanic,134122
2017,Black,Female,35 to 39,Hispanic,123790
2017,Black,Female,40 to 44,Hispanic,102938
2017,Black,Female,45 to 49,Hispanic,88888
2017,Black,Female,5 to 9,Hispanic,163536
2017,Black,Female,50 to 54,Hispanic,78072
2017,Black,Female,55 to 59,Hispanic,63407
2017,Black,Female,60 to 64,Hispanic,47930
2017,Black,Female,65 to 69,Hispanic,35505
2017,Black,Female,70 to 74,Hispanic,24146
2017,Black,Female,75 to 79,Hispanic,15993
2017,Black,Female,80 to 84,Hispanic,10690
2017,Black,Female,85 years and over,Hispanic,10833
2017,Black,Female,Under 5,Hispanic,166511
2017,Black,Female,10 to 14,NonHispanic,1409688
2017,Black,Female,15 to 19,NonHispanic,1500647
2017,Black,Female,20 to 24,NonHispanic,1567712
2017,Black,Female,25 to 29,NonHispanic,1579606
2017,Black,Female,30 to 34,NonHispanic,1425175
2017,Black,Female,35 to 39,NonHispanic,1424247
2017,Black,Female,40 to 44,NonHispanic,1306408
2017,Black,Female,45 to 49,NonHispanic,1366000
2017,Black,Female,5 to 9,NonHispanic,1359023
2017,Black,Female,50 to 54,NonHispanic,1405554
2017,Black,Female,55 to 59,NonHispanic,1405777
2017,Black,Female,60 to 64,NonHispanic,1230800
2017,Black,Female,65 to 69,NonHispanic,975160
2017,Black,Female,70 to 74,NonHispanic,655647
2017,Black,Female,75 to 79,NonHispanic,447088
2017,Black,Female,80 to 84,NonHispanic,305670
2017,Black,Female,85 years and over,NonHispanic,313479
2017,Black,Female,Under 5,NonHispanic,1280789
2017,Black,Male,10 to 14,Hispanic,164248
2017,Black,Male,15 to 19,Hispanic,156859
2017,Black,Male,20 to 24,Hispanic,151817
2017,Black,Male,25 to 29,Hispanic,146311
2017,Black,Male,30 to 34,Hispanic,126252
2017,Black,Male,35 to 39,Hispanic,115190
2017,Black,Male,40 to 44,Hispanic,91762
2017,Black,Male,45 to 49,Hispanic,81220
2017,Black,Male,5 to 9,Hispanic,168630
2017,Black,Male,50 to 54,Hispanic,70534
2017,Black,Male,55 to 59,Hispanic,56350
2017,Black,Male,60 to 64,Hispanic,42343
2017,Black,Male,65 to 69,Hispanic,29359
2017,Black,Male,70 to 74,Hispanic,18145
2017,Black,Male,75 to 79,Hispanic,11367
2017,Black,Male,80 to 84,Hispanic,6773
2017,Black,Male,85 years and over,Hispanic,5163
2017,Black,Male,Under 5,Hispanic,172783
2017,Black,Male,10 to 14,NonHispanic,1458205
2017,Black,Male,15 to 19,NonHispanic,1547493
2017,Black,Male,20 to 24,NonHispanic,1585586
2017,Black,Male,25 to 29,NonHispanic,1490943
2017,Black,Male,30 to 34,NonHispanic,1279712
2017,Black,Male,35 to 39,NonHispanic,1266624
2017,Black,Male,40 to 44,NonHispanic,1153355
2017,Black,Male,45 to 49,NonHispanic,1219626
2017,Black,Male,5 to 9,NonHispanic,1398559
2017,Black,Male,50 to 54,NonHispanic,1242079
2017,Black,Male,55 to 59,NonHispanic,1220818
2017,Black,Male,60 to 64,NonHispanic,1020634
2017,Black,Male,65 to 69,NonHispanic,769786
2017,Black,Male,70 to 74,NonHispanic,484928
2017,Black,Male,75 to 79,NonHispanic,299214
2017,Black,Male,80 to 84,NonHispanic,178118
2017,Black,Male,85 years and over,NonHispanic,134159
2017,Black,Male,Under 5,NonHispanic,1311555
2017,Other,Female,10 to 14,Hispanic,365488
2017,Other,Female,15 to 19,Hispanic,333836
2017,Other,Female,20 to 24,Hispanic,298541
2017,Other,Female,25 to 29,Hispanic,288079
2017,Other,Female,30 to 34,Hispanic,271175
2017,Other,Female,35 to 39,Hispanic,261164
2017,Other,Female,40 to 44,Hispanic,230035
2017,Other,Female,45 to 49,Hispanic,201406
2017,Other,Female,5 to 9,Hispanic,381170
2017,Other,Female,50 to 54,Hispanic,170764
2017,Other,Female,55 to 59,Hispanic,139087
2017,Other,Female,60 to 64,Hispanic,104995
2017,Other,Female,65 to 69,Hispanic,73689
2017,Other,Female,70 to 74,Hispanic,48655
2017,Other,Female,75 to 79,Hispanic,30464
2017,Other,Female,80 to 84,Hispanic,19246
2017,Other,Female,85 years and over,Hispanic,17884
2017,Other,Female,Under 5,Hispanic,377969
2017,Other,Female,10 to 14,NonHispanic,1179176
2017,Other,Female,15 to 19,NonHispanic,1150595
2017,Other,Female,20 to 24,NonHispanic,1199084
2017,Other,Female,25 to 29,NonHispanic,1271636
2017,Other,Female,30 to 34,NonHispanic,1248298
2017,Other,Female,35 to 39,NonHispanic,1186760
2017,Other,Female,40 to 44,NonHispanic,1098895
2017,Other,Female,45 to 49,NonHispanic,1061260
2017,Other,Female,5 to 9,NonHispanic,1160121
2017,Other,Female,50 to 54,NonHispanic,963236
2017,Other,Female,55 to 59,NonHispanic,903272
2017,Other,Female,60 to 64,NonHispanic,801299
2017,Other,Female,65 to 69,NonHispanic,643850
2017,Other,Female,70 to 74,NonHispanic,441112
2017,Other,Female,75 to 79,NonHispanic,291302
2017,Other,Female,80 to 84,NonHispanic,190404
2017,Other,Female,85 years and over,NonHispanic,186975
2017,Other,Female,Under 5,NonHispanic,1169291
2017,Other,Male,10 to 14,Hispanic,379382
2017,Other,Male,15 to 19,Hispanic,350197
2017,Other,Male,20 to 24,Hispanic,317482
2017,Other,Male,25 to 29,Hispanic,307601
2017,Other,Male,30 to 34,Hispanic,283509
2017,Other,Male,35 to 39,Hispanic,268233
2017,Other,Male,40 to 44,Hispanic,231428
2017,Other,Male,45 to 49,Hispanic,202484
2017,Other,Male,5 to 9,Hispanic,394743
2017,Other,Male,50 to 54,Hispanic,168812
2017,Other,Male,55 to 59,Hispanic,134372
2017,Other,Male,60 to 64,Hispanic,97700
2017,Other,Male,65 to 69,Hispanic,64865
2017,Other,Male,70 to 74,Hispanic,39519
2017,Other,Male,75 to 79,Hispanic,22681
2017,Other,Male,80 to 84,Hispanic,12817
2017,Other,Male,85 years and over,Hispanic,10432
2017,Other,Male,Under 5,Hispanic,390447
2017,Other,Male,10 to 14,NonHispanic,1206865
2017,Other,Male,15 to 19,NonHispanic,1170898
2017,Other,Male,20 to 24,NonHispanic,1221726
2017,Other,Male,25 to 29,NonHispanic,1218364
2017,Other,Male,30 to 34,NonHispanic,1129442
2017,Other,Male,35 to 39,NonHispanic,1046141
2017,Other,Male,40 to 44,NonHispanic,963759
2017,Other,Male,45 to 49,NonHispanic,930763
2017,Other,Male,5 to 9,NonHispanic,1202610
2017,Other,Male,50 to 54,NonHispanic,840105
2017,Other,Male,55 to 59,NonHispanic,773101
2017,Other,Male,60 to 64,NonHispanic,662941
2017,Other,Male,65 to 69,NonHispanic,521257
2017,Other,Male,70 to 74,NonHispanic,352280
2017,Other,Male,75 to 79,NonHispanic,229373
2017,Other,Male,80 to 84,NonHispanic,137051
2017,Other,Male,85 years and over,NonHispanic,104761
2017,Other,Male,Under 5,NonHispanic,1223658
2017,White,Female,10 to 14,Hispanic,2117107
2017,White,Female,15 to 19,Hispanic,2056817
2017,White,Female,20 to 24,Hispanic,1973154
2017,White,Female,25 to 29,Hispanic,1870883
2017,White,Female,30 to 34,Hispanic,1813260
2017,White,Female,35 to 39,Hispanic,1786942
2017,White,Female,40 to 44,Hispanic,1686578
2017,White,Female,45 to 49,Hispanic,1545988
2017,White,Female,5 to 9,Hispanic,2003450
2017,White,Female,50 to 54,Hispanic,1376491
2017,White,Female,55 to 59,Hispanic,1173294
2017,White,Female,60 to 64,Hispanic,943992
2017,White,Female,65 to 69,Hispanic,717689
2017,White,Female,70 to 74,Hispanic,522136
2017,White,Female,75 to 79,Hispanic,363643
2017,White,Female,80 to 84,Hispanic,253480
2017,White,Female,85 years and over,Hispanic,253857
2017,White,Female,Under 5,Hispanic,1806564
2017,White,Female,10 to 14,NonHispanic,5224811
2017,White,Female,15 to 19,NonHispanic,5528111
2017,White,Female,20 to 24,NonHispanic,5795833
2017,White,Female,25 to 29,NonHispanic,6078564
2017,White,Female,30 to 34,NonHispanic,6030523
2017,White,Female,35 to 39,NonHispanic,5910107
2017,White,Female,40 to 44,NonHispanic,5511242
2017,White,Female,45 to 49,NonHispanic,6346242
2017,White,Female,5 to 9,NonHispanic,4839761
2017,White,Female,50 to 54,NonHispanic,6983601
2017,White,Female,55 to 59,NonHispanic,7761594
2017,White,Female,60 to 64,NonHispanic,7447718
2017,White,Female,65 to 69,NonHispanic,6600484
2017,White,Female,70 to 74,NonHispanic,5277434
2017,White,Female,75 to 79,NonHispanic,3686300
2017,White,Female,80 to 84,NonHispanic,2646345
2017,White,Female,85 years and over,NonHispanic,3245965
2017,White,Female,Under 5,NonHispanic,4589271
2017,White,Male,10 to 14,Hispanic,2203534
2017,White,Male,15 to 19,Hispanic,2158095
2017,White,Male,20 to 24,Hispanic,2111919
2017,White,Male,25 to 29,Hispanic,2015055
2017,White,Male,30 to 34,Hispanic,1903614
2017,White,Male,35 to 39,Hispanic,1820140
2017,White,Male,40 to 44,Hispanic,1656487
2017,White,Male,45 to 49,Hispanic,1524124
2017,White,Male,5 to 9,Hispanic,2083618
2017,White,Male,50 to 54,Hispanic,1344590
2017,White,Male,55 to 59,Hispanic,1111362
2017,White,Male,60 to 64,Hispanic,840547
2017,White,Male,65 to 69,Hispanic,611767
2017,White,Male,70 to 74,Hispanic,411215
2017,White,Male,75 to 79,Hispanic,266163
2017,White,Male,80 to 84,Hispanic,169614
2017,White,Male,85 years and over,Hispanic,142099
2017,White,Male,Under 5,Hispanic,1876376
2017,White,Male,10 to 14,NonHispanic,5524935
2017,White,Male,15 to 19,NonHispanic,5813035
2017,White,Male,20 to 24,NonHispanic,6071755
2017,White,Male,25 to 29,NonHispanic,6236415
2017,White,Male,30 to 34,NonHispanic,6157615
2017,White,Male,35 to 39,NonHispanic,6037949
2017,White,Male,40 to 44,NonHispanic,5585378
2017,White,Male,45 to 49,NonHispanic,6397430
2017,White,Male,5 to 9,NonHispanic,5089355
2017,White,Male,50 to 54,NonHispanic,6890509
2017,White,Male,55 to 59,NonHispanic,7531782
2017,White,Male,60 to 64,NonHispanic,7044101
2017,White,Male,65 to 69,NonHispanic,6120398
2017,White,Male,70 to 74,NonHispanic,4721926
2017,White,Male,75 to 79,NonHispanic,3082194
2017,White,Male,80 to 84,NonHispanic,1985095
2017,White,Male,85 years and over,NonHispanic,1793429
2017,White,Male,Under 5,NonHispanic,4832642
2018,Black,Female,10 to 14,Hispanic,166742
2018,Black,Female,15 to 19,Hispanic,156355
2018,Black,Female,20 to 24,Hispanic,148453
2018,Black,Female,25 to 29,Hispanic,153627
2018,Black,Female,30 to 34,Hispanic,138640
2018,Black,Female,35 to 39,Hispanic,129060
2018,Black,Female,40 to 44,Hispanic,107814
2018,Black,Female,45 to 49,Hispanic,92662
2018,Black,Female,5 to 9,Hispanic,169620
2018,Black,Female,50 to 54,Hispanic,80886
2018,Black,Female,55 to 59,Hispanic,66673
2018,Black,Female,60 to 64,Hispanic,51029
2018,Black,Female,65 to 69,Hispanic,37745
2018,Black,Female,70 to 74,Hispanic,25754
2018,Black,Female,75 to 79,Hispanic,17143
2018,Black,Female,80 to 84,Hispanic,11457
2018,Black,Female,85 years and over,Hispanic,11544
2018,Black,Female,Under 5,Hispanic,169724
2018,Black,Female,10 to 14,NonHispanic,1427776
2018,Black,Female,15 to 19,NonHispanic,1490353
2018,Black,Female,20 to 24,NonHispanic,1529135
2018,Black,Female,25 to 29,NonHispanic,1596134
2018,Black,Female,30 to 34,NonHispanic,1447031
2018,Black,Female,35 to 39,NonHispanic,1443882
2018,Black,Female,40 to 44,NonHispanic,1309637
2018,Black,Female,45 to 49,NonHispanic,1360018
2018,Black,Female,5 to 9,NonHispanic,1345111
2018,Black,Female,50 to 54,NonHispanic,1382446
2018,Black,Female,55 to 59,NonHispanic,1414483
2018,Black,Female,60 to 64,NonHispanic,1267421
2018,Black,Female,65 to 69,NonHispanic,1007532
2018,Black,Female,70 to 74,NonHispanic,695784
2018,Black,Female,75 to 79,NonHispanic,467749
2018,Black,Female,80 to 84,NonHispanic,312272
2018,Black,Female,85 years and over,NonHispanic,319977
2018,Black,Female,Under 5,NonHispanic,1270888
2018,Black,Male,10 to 14,Hispanic,173534
2018,Black,Male,15 to 19,Hispanic,163991
2018,Black,Male,20 to 24,Hispanic,156007
2018,Black,Male,25 to 29,Hispanic,152146
2018,Black,Male,30 to 34,Hispanic,131817
2018,Black,Male,35 to 39,Hispanic,120181
2018,Black,Male,40 to 44,Hispanic,97100
2018,Black,Male,45 to 49,Hispanic,84222
2018,Black,Male,5 to 9,Hispanic,175062
2018,Black,Male,50 to 54,Hispanic,73461
2018,Black,Male,55 to 59,Hispanic,59345
2018,Black,Male,60 to 64,Hispanic,45064
2018,Black,Male,65 to 69,Hispanic,31330
2018,Black,Male,70 to 74,Hispanic,19750
2018,Black,Male,75 to 79,Hispanic,12172
2018,Black,Male,80 to 84,Hispanic,7210
2018,Black,Male,85 years and over,Hispanic,5596
2018,Black,Male,Under 5,Hispanic,175961
2018,Black,Male,10 to 14,NonHispanic,1478051
2018,Black,Male,15 to 19,NonHispanic,1534016
2018,Black,Male,20 to 24,NonHispanic,1535608
2018,Black,Male,25 to 29,NonHispanic,1513870
2018,Black,Male,30 to 34,NonHispanic,1304512
2018,Black,Male,35 to 39,NonHispanic,1286721
2018,Black,Male,40 to 44,NonHispanic,1158195
2018,Black,Male,45 to 49,NonHispanic,1211908
2018,Black,Male,5 to 9,NonHispanic,1384995
2018,Black,Male,50 to 54,NonHispanic,1221002
2018,Black,Male,55 to 59,NonHispanic,1228032
2018,Black,Male,60 to 64,NonHispanic,1058237
2018,Black,Male,65 to 69,NonHispanic,795495
2018,Black,Male,70 to 74,NonHispanic,516767
2018,Black,Male,75 to 79,NonHispanic,314105
2018,Black,Male,80 to 84,NonHispanic,183499
2018,Black,Male,85 years and over,NonHispanic,138774
2018,Black,Male,Under 5,NonHispanic,1300102
2018,Other,Female,10 to 14,Hispanic,394116
2018,Other,Female,15 to 19,Hispanic,358598
2018,Other,Female,20 to 24,Hispanic,317693
2018,Other,Female,25 to 29,Hispanic,308848
2018,Other,Female,30 to 34,Hispanic,289037
2018,Other,Female,35 to 39,Hispanic,279885
2018,Other,Female,40 to 44,Hispanic,248740
2018,Other,Female,45 to 49,Hispanic,217478
2018,Other,Female,5 to 9,Hispanic,405317
2018,Other,Female,50 to 54,Hispanic,183020
2018,Other,Female,55 to 59,Hispanic,151148
2018,Other,Female,60 to 64,Hispanic,115207
2018,Other,Female,65 to 69,Hispanic,80682
2018,Other,Female,70 to 74,Hispanic,53881
2018,Other,Female,75 to 79,Hispanic,33611
2018,Other,Female,80 to 84,Hispanic,21184
2018,Other,Female,85 years and over,Hispanic,19518
2018,Other,Female,Under 5,Hispanic,399603
2018,Other,Female,10 to 14,NonHispanic,1217892
2018,Other,Female,15 to 19,NonHispanic,1189402
2018,Other,Female,20 to 24,NonHispanic,1225006
2018,Other,Female,25 to 29,NonHispanic,1296287
2018,Other,Female,30 to 34,NonHispanic,1281629
2018,Other,Female,35 to 39,NonHispanic,1236072
2018,Other,Female,40 to 44,NonHispanic,1121639
2018,Other,Female,45 to 49,NonHispanic,1101099
2018,Other,Female,5 to 9,NonHispanic,1187478
2018,Other,Female,50 to 54,NonHispanic,985040
2018,Other,Female,55 to 59,NonHispanic,936060
2018,Other,Female,60 to 64,NonHispanic,835878
2018,Other,Female,65 to 69,NonHispanic,674618
2018,Other,Female,70 to 74,NonHispanic,479626
2018,Other,Female,75 to 79,NonHispanic,308733
2018,Other,Female,80 to 84,NonHispanic,199940
2018,Other,Female,85 years and over,NonHispanic,198391
2018,Other,Female,Under 5,NonHispanic,1175586
2018,Other,Male,10 to 14,Hispanic,409234
2018,Other,Male,15 to 19,Hispanic,376538
2018,Other,Male,20 to 24,Hispanic,337838
2018,Other,Male,25 to 29,Hispanic,326849
2018,Other,Male,30 to 34,Hispanic,301477
2018,Other,Male,35 to 39,Hispanic,287190
2018,Other,Male,40 to 44,Hispanic,249593
2018,Other,Male,45 to 49,Hispanic,217485
2018,Other,Male,5 to 9,Hispanic,419689
2018,Other,Male,50 to 54,Hispanic,181875
2018,Other,Male,55 to 59,Hispanic,145883
2018,Other,Male,60 to 64,Hispanic,107055
2018,Other,Male,65 to 69,Hispanic,71374
2018,Other,Male,70 to 74,Hispanic,44107
2018,Other,Male,75 to 79,Hispanic,24934
2018,Other,Male,80 to 84,Hispanic,14140
2018,Other,Male,85 years and over,Hispanic,11447
2018,Other,Male,Under 5,Hispanic,413567
2018,Other,Male,10 to 14,NonHispanic,1251653
2018,Other,Male,15 to 19,NonHispanic,1209149
2018,Other,Male,20 to 24,NonHispanic,1242741
2018,Other,Male,25 to 29,NonHispanic,1250388
2018,Other,Male,30 to 34,NonHispanic,1165816
2018,Other,Male,35 to 39,NonHispanic,1093700
2018,Other,Male,40 to 44,NonHispanic,981401
2018,Other,Male,45 to 49,NonHispanic,964873
2018,Other,Male,5 to 9,NonHispanic,1235216
2018,Other,Male,50 to 54,NonHispanic,855841
2018,Other,Male,55 to 59,NonHispanic,802759
2018,Other,Male,60 to 64,NonHispanic,693344
2018,Other,Male,65 to 69,NonHispanic,544352
2018,Other,Male,70 to 74,NonHispanic,380600
2018,Other,Male,75 to 79,NonHispanic,242772
2018,Other,Male,80 to 84,NonHispanic,146623
2018,Other,Male,85 years and over,NonHispanic,112034
2018,Other,Male,Under 5,NonHispanic,1229391
2018,White,Female,10 to 14,Hispanic,2147063
2018,White,Female,15 to 19,Hispanic,2088556
2018,White,Female,20 to 24,Hispanic,1978202
2018,White,Female,25 to 29,Hispanic,1908347
2018,White,Female,30 to 34,Hispanic,1816916
2018,White,Female,35 to 39,Hispanic,1805103
2018,White,Female,40 to 44,Hispanic,1697482
2018,White,Female,45 to 49,Hispanic,1576998
2018,White,Female,5 to 9,Hispanic,1955600
2018,White,Female,50 to 54,Hispanic,1403198
2018,White,Female,55 to 59,Hispanic,1218089
2018,White,Female,60 to 64,Hispanic,984892
2018,White,Female,65 to 69,Hispanic,750369
2018,White,Female,70 to 74,Hispanic,553612
2018,White,Female,75 to 79,Hispanic,382503
2018,White,Female,80 to 84,Hispanic,264707
2018,White,Female,85 years and over,Hispanic,265930
2018,White,Female,Under 5,Hispanic,1765371
2018,White,Female,10 to 14,NonHispanic,5188176
2018,White,Female,15 to 19,NonHispanic,5483019
2018,White,Female,20 to 24,NonHispanic,5716259
2018,White,Female,25 to 29,NonHispanic,6015698
2018,White,Female,30 to 34,NonHispanic,6024003
2018,White,Female,35 to 39,NonHispanic,5985507
2018,White,Female,40 to 44,NonHispanic,5505390
2018,White,Female,45 to 49,NonHispanic,6188924
2018,White,Female,5 to 9,NonHispanic,4778390
2018,White,Female,50 to 54,NonHispanic,6710566
2018,White,Female,55 to 59,NonHispanic,7666636
2018,White,Female,60 to 64,NonHispanic,7533419
2018,White,Female,65 to 69,NonHispanic,6674713
2018,White,Female,70 to 74,NonHispanic,5471697
2018,White,Female,75 to 79,NonHispanic,3907480
2018,White,Female,80 to 84,NonHispanic,2693572
2018,White,Female,85 years and over,NonHispanic,3216456
2018,White,Female,Under 5,NonHispanic,4507587
2018,White,Male,10 to 14,Hispanic,2240887
2018,White,Male,15 to 19,Hispanic,2188460
2018,White,Male,20 to 24,Hispanic,2102991
2018,White,Male,25 to 29,Hispanic,2026302
2018,White,Male,30 to 34,Hispanic,1895959
2018,White,Male,35 to 39,Hispanic,1830927
2018,White,Male,40 to 44,Hispanic,1666725
2018,White,Male,45 to 49,Hispanic,1538394
2018,White,Male,5 to 9,Hispanic,2030470
2018,White,Male,50 to 54,Hispanic,1370113
2018,White,Male,55 to 59,Hispanic,1155774
2018,White,Male,60 to 64,Hispanic,881393
2018,White,Male,65 to 69,Hispanic,639794
2018,White,Male,70 to 74,Hispanic,441121
2018,White,Male,75 to 79,Hispanic,279983
2018,White,Male,80 to 84,Hispanic,178117
2018,White,Male,85 years and over,Hispanic,148557
2018,White,Male,Under 5,Hispanic,1831955
2018,White,Male,10 to 14,NonHispanic,5483806
2018,White,Male,15 to 19,NonHispanic,5761272
2018,White,Male,20 to 24,NonHispanic,5963361
2018,White,Male,25 to 29,NonHispanic,6192938
2018,White,Male,30 to 34,NonHispanic,6157084
2018,White,Male,35 to 39,NonHispanic,6114419
2018,White,Male,40 to 44,NonHispanic,5586829
2018,White,Male,45 to 49,NonHispanic,6238897
2018,White,Male,5 to 9,NonHispanic,5028468
2018,White,Male,50 to 54,NonHispanic,6641561
2018,White,Male,55 to 59,NonHispanic,7445070
2018,White,Male,60 to 64,NonHispanic,7136396
2018,White,Male,65 to 69,NonHispanic,6177531
2018,White,Male,70 to 74,NonHispanic,4907964
2018,White,Male,75 to 79,NonHispanic,3285285
2018,White,Male,80 to 84,NonHispanic,2038050
2018,White,Male,85 years and over,NonHispanic,1805475
2018,White,Male,Under 5,NonHispanic,4745554
2019,Black,Female,10 to 14,Hispanic,174161
2019,Black,Female,15 to 19,Hispanic,162694
2019,Black,Female,20 to 24,Hispanic,153466
2019,Black,Female,25 to 29,Hispanic,156936
2019,Black,Female,30 to 34,Hispanic,144382
2019,Black,Female,35 to 39,Hispanic,132137
2019,Black,Female,40 to 44,Hispanic,112880
2019,Black,Female,45 to 49,Hispanic,96258
2019,Black,Female,5 to 9,Hispanic,176497
2019,Black,Female,50 to 54,Hispanic,83088
2019,Black,Female,55 to 59,Hispanic,70260
2019,Black,Female,60 to 64,Hispanic,54054
2019,Black,Female,65 to 69,Hispanic,39969
2019,Black,Female,70 to 74,Hispanic,27810
2019,Black,Female,75 to 79,Hispanic,17982
2019,Black,Female,80 to 84,Hispanic,12091
2019,Black,Female,85 years and over,Hispanic,12257
2019,Black,Female,Under 5,Hispanic,172745
2019,Black,Female,10 to 14,NonHispanic,1435948
2019,Black,Female,15 to 19,NonHispanic,1483090
2019,Black,Female,20 to 24,NonHispanic,1496779
2019,Black,Female,25 to 29,NonHispanic,1583693
2019,Black,Female,30 to 34,NonHispanic,1492795
2019,Black,Female,35 to 39,NonHispanic,1450466
2019,Black,Female,40 to 44,NonHispanic,1331395
2019,Black,Female,45 to 49,NonHispanic,1347657
2019,Black,Female,5 to 9,NonHispanic,1341316
2019,Black,Female,50 to 54,NonHispanic,1354903
2019,Black,Female,55 to 59,NonHispanic,1418933
2019,Black,Female,60 to 64,NonHispanic,1298160
2019,Black,Female,65 to 69,NonHispanic,1044794
2019,Black,Female,70 to 74,NonHispanic,742640
2019,Black,Female,75 to 79,NonHispanic,486669
2019,Black,Female,80 to 84,NonHispanic,318930
2019,Black,Female,85 years and over,NonHispanic,326197
2019,Black,Female,Under 5,NonHispanic,1254161
2019,Black,Male,10 to 14,Hispanic,181182
2019,Black,Male,15 to 19,Hispanic,170722
2019,Black,Male,20 to 24,Hispanic,160865
2019,Black,Male,25 to 29,Hispanic,155555
2019,Black,Male,30 to 34,Hispanic,138019
2019,Black,Male,35 to 39,Hispanic,124137
2019,Black,Male,40 to 44,Hispanic,102438
2019,Black,Male,45 to 49,Hispanic,87384
2019,Black,Male,5 to 9,Hispanic,182545
2019,Black,Male,50 to 54,Hispanic,75441
2019,Black,Male,55 to 59,Hispanic,62625
2019,Black,Male,60 to 64,Hispanic,47426
2019,Black,Male,65 to 69,Hispanic,33638
2019,Black,Male,70 to 74,Hispanic,21328
2019,Black,Male,75 to 79,Hispanic,12901
2019,Black,Male,80 to 84,Hispanic,7776
2019,Black,Male,85 years and over,Hispanic,5987
2019,Black,Male,Under 5,Hispanic,178635
2019,Black,Male,10 to 14,NonHispanic,1487229
2019,Black,Male,15 to 19,NonHispanic,1524704
2019,Black,Male,20 to 24,NonHispanic,1495469
2019,Black,Male,25 to 29,NonHispanic,1503499
2019,Black,Male,30 to 34,NonHispanic,1353327
2019,Black,Male,35 to 39,NonHispanic,1295947
2019,Black,Male,40 to 44,NonHispanic,1179469
2019,Black,Male,45 to 49,NonHispanic,1198774
2019,Black,Male,5 to 9,NonHispanic,1381497
2019,Black,Male,50 to 54,NonHispanic,1196535
2019,Black,Male,55 to 59,NonHispanic,1232145
2019,Black,Male,60 to 64,NonHispanic,1090014
2019,Black,Male,65 to 69,NonHispanic,825613
2019,Black,Male,70 to 74,NonHispanic,551851
2019,Black,Male,75 to 79,NonHispanic,327683
2019,Black,Male,80 to 84,NonHispanic,189451
2019,Black,Male,85 years and over,NonHispanic,143327
2019,Black,Male,Under 5,NonHispanic,1281409
2019,Other,Female,10 to 14,Hispanic,420458
2019,Other,Female,15 to 19,Hispanic,383328
2019,Other,Female,20 to 24,Hispanic,336857
2019,Other,Female,25 to 29,Hispanic,329191
2019,Other,Female,30 to 34,Hispanic,307657
2019,Other,Female,35 to 39,Hispanic,297245
2019,Other,Female,40 to 44,Hispanic,267394
2019,Other,Female,45 to 49,Hispanic,232459
2019,Other,Female,5 to 9,Hispanic,430411
2019,Other,Female,50 to 54,Hispanic,195877
2019,Other,Female,55 to 59,Hispanic,162725
2019,Other,Female,60 to 64,Hispanic,125102
2019,Other,Female,65 to 69,Hispanic,88355
2019,Other,Female,70 to 74,Hispanic,59122
2019,Other,Female,75 to 79,Hispanic,36821
2019,Other,Female,80 to 84,Hispanic,22977
2019,Other,Female,85 years and over,Hispanic,21250
2019,Other,Female,Under 5,Hispanic,420189
2019,Other,Female,10 to 14,NonHispanic,1247125
2019,Other,Female,15 to 19,NonHispanic,1232508
2019,Other,Female,20 to 24,NonHispanic,1248649
2019,Other,Female,25 to 29,NonHispanic,1308882
2019,Other,Female,30 to 34,NonHispanic,1322941
2019,Other,Female,35 to 39,NonHispanic,1277451
2019,Other,Female,40 to 44,NonHispanic,1150984
2019,Other,Female,45 to 49,NonHispanic,1132370
2019,Other,Female,5 to 9,NonHispanic,1218330
2019,Other,Female,50 to 54,NonHispanic,1012303
2019,Other,Female,55 to 59,NonHispanic,969266
2019,Other,Female,60 to 64,NonHispanic,864824
2019,Other,Female,65 to 69,NonHispanic,704648
2019,Other,Female,70 to 74,NonHispanic,519028
2019,Other,Female,75 to 79,NonHispanic,328723
2019,Other,Female,80 to 84,NonHispanic,211004
2019,Other,Female,85 years and over,NonHispanic,209173
2019,Other,Female,Under 5,NonHispanic,1176478
2019,Other,Male,10 to 14,Hispanic,437208
2019,Other,Male,15 to 19,Hispanic,402910
2019,Other,Male,20 to 24,Hispanic,358542
2019,Other,Male,25 to 29,Hispanic,345115
2019,Other,Male,30 to 34,Hispanic,319642
2019,Other,Male,35 to 39,Hispanic,304882
2019,Other,Male,40 to 44,Hispanic,267428
2019,Other,Male,45 to 49,Hispanic,232204
2019,Other,Male,5 to 9,Hispanic,445510
2019,Other,Male,50 to 54,Hispanic,194536
2019,Other,Male,55 to 59,Hispanic,157353
2019,Other,Male,60 to 64,Hispanic,116703
2019,Other,Male,65 to 69,Hispanic,77936
2019,Other,Male,70 to 74,Hispanic,48767
2019,Other,Male,75 to 79,Hispanic,27304
2019,Other,Male,80 to 84,Hispanic,15480
2019,Other,Male,85 years and over,Hispanic,12498
2019,Other,Male,Under 5,Hispanic,435367
2019,Other,Male,10 to 14,NonHispanic,1286265
2019,Other,Male,15 to 19,NonHispanic,1250351
2019,Other,Male,20 to 24,NonHispanic,1262102
2019,Other,Male,25 to 29,NonHispanic,1270335
2019,Other,Male,30 to 34,NonHispanic,1209358
2019,Other,Male,35 to 39,NonHispanic,1135046
2019,Other,Male,40 to 44,NonHispanic,1005396
2019,Other,Male,45 to 49,NonHispanic,990688
2019,Other,Male,5 to 9,NonHispanic,1270809
2019,Other,Male,50 to 54,NonHispanic,879819
2019,Other,Male,55 to 59,NonHispanic,831373
2019,Other,Male,60 to 64,NonHispanic,718694
2019,Other,Male,65 to 69,NonHispanic,568102
2019,Other,Male,70 to 74,NonHispanic,409342
2019,Other,Male,75 to 79,NonHispanic,256964
2019,Other,Male,80 to 84,NonHispanic,156498
2019,Other,Male,85 years and over,NonHispanic,119827
2019,Other,Male,Under 5,NonHispanic,1229403
2019,White,Female,10 to 14,Hispanic,2152151
2019,White,Female,15 to 19,Hispanic,2116076
2019,White,Female,20 to 24,Hispanic,1984470
2019,White,Female,25 to 29,Hispanic,1936637
2019,White,Female,30 to 34,Hispanic,1827374
2019,White,Female,35 to 39,Hispanic,1811411
2019,White,Female,40 to 44,Hispanic,1701923
2019,White,Female,45 to 49,Hispanic,1601514
2019,White,Female,5 to 9,Hispanic,1916216
2019,White,Female,50 to 54,Hispanic,1423233
2019,White,Female,55 to 59,Hispanic,1262424
2019,White,Female,60 to 64,Hispanic,1023407
2019,White,Female,65 to 69,Hispanic,787933
2019,White,Female,70 to 74,Hispanic,585161
2019,White,Female,75 to 79,Hispanic,400897
2019,White,Female,80 to 84,Hispanic,276022
2019,White,Female,85 years and over,Hispanic,277835
2019,White,Female,Under 5,Hispanic,1718539
2019,White,Female,10 to 14,NonHispanic,5117428
2019,White,Female,15 to 19,NonHispanic,5442856
2019,White,Female,20 to 24,NonHispanic,5650485
2019,White,Female,25 to 29,NonHispanic,5915365
2019,White,Female,30 to 34,NonHispanic,6056522
2019,White,Female,35 to 39,NonHispanic,6018519
2019,White,Female,40 to 44,NonHispanic,5549897
2019,White,Female,45 to 49,NonHispanic,5977222
2019,White,Female,5 to 9,NonHispanic,4751317
2019,White,Female,50 to 54,NonHispanic,6488383
2019,White,Female,55 to 59,NonHispanic,7567368
2019,White,Female,60 to 64,NonHispanic,7570101
2019,White,Female,65 to 69,NonHispanic,6793470
2019,White,Female,70 to 74,NonHispanic,5705796
2019,White,Female,75 to 79,NonHispanic,4064076
2019,White,Female,80 to 84,NonHispanic,2757498
2019,White,Female,85 years and over,NonHispanic,3183818
2019,White,Female,Under 5,NonHispanic,4405094
2019,White,Male,10 to 14,Hispanic,2247574
2019,White,Male,15 to 19,Hispanic,2217578
2019,White,Male,20 to 24,Hispanic,2099230
2019,White,Male,25 to 29,Hispanic,2028208
2019,White,Male,30 to 34,Hispanic,1890270
2019,White,Male,35 to 39,Hispanic,1829272
2019,White,Male,40 to 44,Hispanic,1669064
2019,White,Male,45 to 49,Hispanic,1549142
2019,White,Male,5 to 9,Hispanic,1991328
2019,White,Male,50 to 54,Hispanic,1388244
2019,White,Male,55 to 59,Hispanic,1198728
2019,White,Male,60 to 64,Hispanic,923270
2019,White,Male,65 to 69,Hispanic,672564
2019,White,Male,70 to 74,Hispanic,470365
2019,White,Male,75 to 79,Hispanic,294154
2019,White,Male,80 to 84,Hispanic,186417
2019,White,Male,85 years and over,Hispanic,155696
2019,White,Male,Under 5,Hispanic,1778168
2019,White,Male,10 to 14,NonHispanic,5408153
2019,White,Male,15 to 19,NonHispanic,5714002
2019,White,Male,20 to 24,NonHispanic,5877110
2019,White,Male,25 to 29,NonHispanic,6102642
2019,White,Male,30 to 34,NonHispanic,6202457
2019,White,Male,35 to 39,NonHispanic,6148767
2019,White,Male,40 to 44,NonHispanic,5635445
2019,White,Male,45 to 49,NonHispanic,6031682
2019,White,Male,5 to 9,NonHispanic,5006615
2019,White,Male,50 to 54,NonHispanic,6438512
2019,White,Male,55 to 59,NonHispanic,7357067
2019,White,Male,60 to 64,NonHispanic,7183729
2019,White,Male,65 to 69,NonHispanic,6279612
2019,White,Male,70 to 74,NonHispanic,5121151
2019,White,Male,75 to 79,NonHispanic,3426109
2019,White,Male,80 to 84,NonHispanic,2104209
2019,White,Male,85 years and over,NonHispanic,1812829
2019,White,Male,Under 5,NonHispanic,4631824
2020,Black,Female,10 to 14,Hispanic,151405
2020,Black,Female,15 to 19,Hispanic,131258
2020,Black,Female,20 to 24,Hispanic,118813
2020,Black,Female,25 to 29,Hispanic,122123
2020,Black,Female,30 to 34,Hispanic,123626
2020,Black,Female,35 to 39,Hispanic,117844
2020,Black,Female,40 to 44,Hispanic,108906
2020,Black,Female,45 to 49,Hispanic,91543
2020,Black,Female,5 to 9,Hispanic,162697
2020,Black,Female,50 to 54,Hispanic,78957
2020,Black,Female,55 to 59,Hispanic,69032
2020,Black,Female,60 to 64,Hispanic,55448
2020,Black,Female,65 to 69,Hispanic,40290
2020,Black,Female,70 to 74,Hispanic,29176
2020,Black,Female,75 to 79,Hispanic,18247
2020,Black,Female,80 to 84,Hispanic,12364
2020,Black,Female,85 years and over,Hispanic,11382
2020,Black,Female,Under 5,Hispanic,169467
2020,Black,Female,10 to 14,NonHispanic,1472221
2020,Black,Female,15 to 19,NonHispanic,1441124
2020,Black,Female,20 to 24,NonHispanic,1483711
2020,Black,Female,25 to 29,NonHispanic,1669626
2020,Black,Female,30 to 34,NonHispanic,1603008
2020,Black,Female,35 to 39,NonHispanic,1463882
2020,Black,Female,40 to 44,NonHispanic,1385301
2020,Black,Female,45 to 49,NonHispanic,1351750
2020,Black,Female,5 to 9,NonHispanic,1377286
2020,Black,Female,50 to 54,NonHispanic,1353647
2020,Black,Female,55 to 59,NonHispanic,1409774
2020,Black,Female,60 to 64,NonHispanic,1307475
2020,Black,Female,65 to 69,NonHispanic,1057806
2020,Black,Female,70 to 74,NonHispanic,784056
2020,Black,Female,75 to 79,NonHispanic,499710
2020,Black,Female,80 to 84,NonHispanic,329047
2020,Black,Female,85 years and over,NonHispanic,328400
2020,Black,Female,Under 5,NonHispanic,1326260
2020,Black,Male,10 to 14,Hispanic,157001
2020,Black,Male,15 to 19,Hispanic,137477
2020,Black,Male,20 to 24,Hispanic,122643
2020,Black,Male,25 to 29,Hispanic,125312
2020,Black,Male,30 to 34,Hispanic,122049
2020,Black,Male,35 to 39,Hispanic,110986
2020,Black,Male,40 to 44,Hispanic,99016
2020,Black,Male,45 to 49,Hispanic,80460
2020,Black,Male,5 to 9,Hispanic,168343
2020,Black,Male,50 to 54,Hispanic,71436
2020,Black,Male,55 to 59,Hispanic,61753
2020,Black,Male,60 to 64,Hispanic,48352
2020,Black,Male,65 to 69,Hispanic,34260
2020,Black,Male,70 to 74,Hispanic,22749
2020,Black,Male,75 to 79,Hispanic,13332
2020,Black,Male,80 to 84,Hispanic,8261
2020,Black,Male,85 years and over,Hispanic,5892
2020,Black,Male,Under 5,Hispanic,174991
2020,Black,Male,10 to 14,NonHispanic,1519380
2020,Black,Male,15 to 19,NonHispanic,1467343
2020,Black,Male,20 to 24,NonHispanic,1475003
2020,Black,Male,25 to 29,NonHispanic,1658001
2020,Black,Male,30 to 34,NonHispanic,1532950
2020,Black,Male,35 to 39,NonHispanic,1355903
2020,Black,Male,40 to 44,NonHispanic,1250407
2020,Black,Male,45 to 49,NonHispanic,1209149
2020,Black,Male,5 to 9,NonHispanic,1417439
2020,Black,Male,50 to 54,NonHispanic,1215284
2020,Black,Male,55 to 59,NonHispanic,1241983
2020,Black,Male,60 to 64,NonHispanic,1114021
2020,Black,Male,65 to 69,NonHispanic,831542
2020,Black,Male,70 to 74,NonHispanic,578040
2020,Black,Male,75 to 79,NonHispanic,335126
2020,Black,Male,80 to 84,NonHispanic,195293
2020,Black,Male,85 years and over,NonHispanic,143830
2020,Black,Male,Under 5,NonHispanic,1359857
2020,Other,Female,10 to 14,Hispanic,240922
2020,Other,Female,15 to 19,Hispanic,207335
2020,Other,Female,20 to 24,Hispanic,184654
2020,Other,Female,25 to 29,Hispanic,177660
2020,Other,Female,30 to 34,Hispanic,162857
2020,Other,Female,35 to 39,Hispanic,155822
2020,Other,Female,40 to 44,Hispanic,143560
2020,Other,Female,45 to 49,Hispanic,122170
2020,Other,Female,5 to 9,Hispanic,256564
2020,Other,Female,50 to 54,Hispanic,103805
2020,Other,Female,55 to 59,Hispanic,90557
2020,Other,Female,60 to 64,Hispanic,71457
2020,Other,Female,65 to 69,Hispanic,50280
2020,Other,Female,70 to 74,Hispanic,34057
2020,Other,Female,75 to 79,Hispanic,20965
2020,Other,Female,80 to 84,Hispanic,13321
2020,Other,Female,85 years and over,Hispanic,11999
2020,Other,Female,Under 5,Hispanic,271723
2020,Other,Female,10 to 14,NonHispanic,1113466
2020,Other,Female,15 to 19,NonHispanic,1067605
2020,Other,Female,20 to 24,NonHispanic,1057648
2020,Other,Female,25 to 29,NonHispanic,1175425
2020,Other,Female,30 to 34,NonHispanic,1225005
2020,Other,Female,35 to 39,NonHispanic,1175465
2020,Other,Female,40 to 44,NonHispanic,1059780
2020,Other,Female,45 to 49,NonHispanic,1002211
2020,Other,Female,5 to 9,NonHispanic,1138755
2020,Other,Female,50 to 54,NonHispanic,891184
2020,Other,Female,55 to 59,NonHispanic,838286
2020,Other,Female,60 to 64,NonHispanic,765726
2020,Other,Female,65 to 69,NonHispanic,648117
2020,Other,Female,70 to 74,NonHispanic,505238
2020,Other,Female,75 to 79,NonHispanic,319412
2020,Other,Female,80 to 84,NonHispanic,210167
2020,Other,Female,85 years and over,NonHispanic,220856
2020,Other,Female,Under 5,NonHispanic,1105373
2020,Other,Male,10 to 14,Hispanic,252415
2020,Other,Male,15 to 19,Hispanic,215877
2020,Other,Male,20 to 24,Hispanic,191166
2020,Other,Male,25 to 29,Hispanic,183461
2020,Other,Male,30 to 34,Hispanic,178470
2020,Other,Male,35 to 39,Hispanic,171996
2020,Other,Male,40 to 44,Hispanic,154959
2020,Other,Male,45 to 49,Hispanic,128430
2020,Other,Male,5 to 9,Hispanic,265833
2020,Other,Male,50 to 54,Hispanic,110033
2020,Other,Male,55 to 59,Hispanic,91355
2020,Other,Male,60 to 64,Hispanic,70187
2020,Other,Male,65 to 69,Hispanic,45858
2020,Other,Male,70 to 74,Hispanic,29570
2020,Other,Male,75 to 79,Hispanic,16310
2020,Other,Male,80 to 84,Hispanic,9472
2020,Other,Male,85 years and over,Hispanic,6846
2020,Other,Male,Under 5,Hispanic,284158
2020,Other,Male,10 to 14,NonHispanic,1159708
2020,Other,Male,15 to 19,NonHispanic,1085173
2020,Other,Male,20 to 24,NonHispanic,1062842
2020,Other,Male,25 to 29,NonHispanic,1150709
2020,Other,Male,30 to 34,NonHispanic,1152751
2020,Other,Male,35 to 39,NonHispanic,1079665
2020,Other,Male,40 to 44,NonHispanic,947052
2020,Other,Male,45 to 49,NonHispanic,905648
2020,Other,Male,5 to 9,NonHispanic,1200599
2020,Other,Male,50 to 54,NonHispanic,801456
2020,Other,Male,55 to 59,NonHispanic,742741
2020,Other,Male,60 to 64,NonHispanic,658289
2020,Other,Male,65 to 69,NonHispanic,532314
2020,Other,Male,70 to 74,NonHispanic,409653
2020,Other,Male,75 to 79,NonHispanic,256393
2020,Other,Male,80 to 84,NonHispanic,162275
2020,Other,Male,85 years and over,NonHispanic,133606
2020,Other,Male,Under 5,NonHispanic,1166403
2020,White,Female,10 to 14,Hispanic,2365885
2020,White,Female,15 to 19,Hispanic,2235860
2020,White,Female,20 to 24,Hispanic,2079967
2020,White,Female,25 to 29,Hispanic,2074645
2020,White,Female,30 to 34,Hispanic,1945247
2020,White,Female,35 to 39,Hispanic,1927093
2020,White,Female,40 to 44,Hispanic,1840399
2020,White,Female,45 to 49,Hispanic,1726409
2020,White,Female,5 to 9,Hispanic,2144204
2020,White,Female,50 to 54,Hispanic,1517774
2020,White,Female,55 to 59,Hispanic,1338678
2020,White,Female,60 to 64,Hispanic,1083646
2020,White,Female,65 to 69,Hispanic,834331
2020,White,Female,70 to 74,Hispanic,620085
2020,White,Female,75 to 79,Hispanic,416045
2020,White,Female,80 to 84,Hispanic,284283
2020,White,Female,85 years and over,Hispanic,285043
2020,White,Female,Under 5,Hispanic,2024316
2020,White,Female,10 to 14,NonHispanic,5242647
2020,White,Female,15 to 19,NonHispanic,5437496
2020,White,Female,20 to 24,NonHispanic,5542437
2020,White,Female,25 to 29,NonHispanic,5958601
2020,White,Female,30 to 34,NonHispanic,6215025
2020,White,Female,35 to 39,NonHispanic,6146267
2020,White,Female,40 to 44,NonHispanic,5755181
2020,White,Female,45 to 49,NonHispanic,5862998
2020,White,Female,5 to 9,NonHispanic,4855401
2020,White,Female,50 to 54,NonHispanic,6463650
2020,White,Female,55 to 59,NonHispanic,7427521
2020,White,Female,60 to 64,NonHispanic,7518148
2020,White,Female,65 to 69,NonHispanic,6811801
2020,White,Female,70 to 74,NonHispanic,5794050
2020,White,Female,75 to 79,NonHispanic,4027816
2020,White,Female,80 to 84,NonHispanic,2681242
2020,White,Female,85 years and over,NonHispanic,3029715
2020,White,Female,Under 5,NonHispanic,4533779
2020,White,Male,10 to 14,Hispanic,2476715
2020,White,Male,15 to 19,Hispanic,2325152
2020,White,Male,20 to 24,Hispanic,2138955
2020,White,Male,25 to 29,Hispanic,2172086
2020,White,Male,30 to 34,Hispanic,2142352
2020,White,Male,35 to 39,Hispanic,2124096
2020,White,Male,40 to 44,Hispanic,1976726
2020,White,Male,45 to 49,Hispanic,1799481
2020,White,Male,5 to 9,Hispanic,2231018
2020,White,Male,50 to 54,Hispanic,1589541
2020,White,Male,55 to 59,Hispanic,1351188
2020,White,Male,60 to 64,Hispanic,1040830
2020,White,Male,65 to 69,Hispanic,743403
2020,White,Male,70 to 74,Hispanic,517416
2020,White,Male,75 to 79,Hispanic,313880
2020,White,Male,80 to 84,Hispanic,197197
2020,White,Male,85 years and over,Hispanic,162509
2020,White,Male,Under 5,Hispanic,2101902
2020,White,Male,10 to 14,NonHispanic,5545360
2020,White,Male,15 to 19,NonHispanic,5714762
2020,White,Male,20 to 24,NonHispanic,5672672
2020,White,Male,25 to 29,NonHispanic,6080362
2020,White,Male,30 to 34,NonHispanic,6297003
2020,White,Male,35 to 39,NonHispanic,6270114
2020,White,Male,40 to 44,NonHispanic,5882671
2020,White,Male,45 to 49,NonHispanic,6010831
2020,White,Male,5 to 9,NonHispanic,5129642
2020,White,Male,50 to 54,NonHispanic,6574116
2020,White,Male,55 to 59,NonHispanic,7364297
2020,White,Male,60 to 64,NonHispanic,7293154
2020,White,Male,65 to 69,NonHispanic,6366514
2020,White,Male,70 to 74,NonHispanic,5249922
2020,White,Male,75 to 79,NonHispanic,3423610
2020,White,Male,80 to 84,NonHispanic,2057410
2020,White,Male,85 years and over,NonHispanic,1727787
2020,White,Male,Under 5,NonHispanic,4776060
2021,Black,Female,10 to 14,Hispanic,153903
2021,Black,Female,15 to 19,Hispanic,135615
2021,Black,Female,20 to 24,Hispanic,121477
2021,Black,Female,25 to 29,Hispanic,119446
2021,Black,Female,30 to 34,Hispanic,126144
2021,Black,Female,35 to 39,Hispanic,118601
2021,Black,Female,40 to 44,Hispanic,112075
2021,Black,Female,45 to 49,Hispanic,94262
2021,Black,Female,5 to 9,Hispanic,164836
2021,Black,Female,50 to 54,Hispanic,81648
2021,Black,Female,55 to 59,Hispanic,71246
2021,Black,Female,60 to 64,Hispanic,57536
2021,Black,Female,65 to 69,Hispanic,42798
2021,Black,Female,70 to 74,Hispanic,30851
2021,Black,Female,75 to 79,Hispanic,19646
2021,Black,Female,80 to 84,Hispanic,12782
2021,Black,Female,85 years and over,Hispanic,11706
2021,Black,Female,Under 5,Hispanic,173048
2021,Black,Female,10 to 14,NonHispanic,1457544
2021,Black,Female,15 to 19,NonHispanic,1438664
2021,Black,Female,20 to 24,NonHispanic,1482775
2021,Black,Female,25 to 29,NonHispanic,1617971
2021,Black,Female,30 to 34,NonHispanic,1653734
2021,Black,Female,35 to 39,NonHispanic,1472399
2021,Black,Female,40 to 44,NonHispanic,1414155
2021,Black,Female,45 to 49,NonHispanic,1316881
2021,Black,Female,5 to 9,NonHispanic,1374247
2021,Black,Female,50 to 54,NonHispanic,1358438
2021,Black,Female,55 to 59,NonHispanic,1394644
2021,Black,Female,60 to 64,NonHispanic,1322336
2021,Black,Female,65 to 69,NonHispanic,1087201
2021,Black,Female,70 to 74,NonHispanic,835693
2021,Black,Female,75 to 79,NonHispanic,512175
2021,Black,Female,80 to 84,NonHispanic,335725
2021,Black,Female,85 years and over,NonHispanic,330359
2021,Black,Female,Under 5,NonHispanic,1310779
2021,Black,Male,10 to 14,Hispanic,159391
2021,Black,Male,15 to 19,Hispanic,141170
2021,Black,Male,20 to 24,Hispanic,125490
2021,Black,Male,25 to 29,Hispanic,122958
2021,Black,Male,30 to 34,Hispanic,125251
2021,Black,Male,35 to 39,Hispanic,113051
2021,Black,Male,40 to 44,Hispanic,102360
2021,Black,Male,45 to 49,Hispanic,82822
2021,Black,Male,5 to 9,Hispanic,170837
2021,Black,Male,50 to 54,Hispanic,72909
2021,Black,Male,55 to 59,Hispanic,63885
2021,Black,Male,60 to 64,Hispanic,50183
2021,Black,Male,65 to 69,Hispanic,36229
2021,Black,Male,70 to 74,Hispanic,24264
2021,Black,Male,75 to 79,Hispanic,14156
2021,Black,Male,80 to 84,Hispanic,8469
2021,Black,Male,85 years and over,Hispanic,6175
2021,Black,Male,Under 5,Hispanic,178561
2021,Black,Male,10 to 14,NonHispanic,1507664
2021,Black,Male,15 to 19,NonHispanic,1465437
2021,Black,Male,20 to 24,NonHispanic,1474103
2021,Black,Male,25 to 29,NonHispanic,1606680
2021,Black,Male,30 to 34,NonHispanic,1590674
2021,Black,Male,35 to 39,NonHispanic,1368507
2021,Black,Male,40 to 44,NonHispanic,1279854
2021,Black,Male,45 to 49,NonHispanic,1174704
2021,Black,Male,5 to 9,NonHispanic,1409299
2021,Black,Male,50 to 54,NonHispanic,1216091
2021,Black,Male,55 to 59,NonHispanic,1225497
2021,Black,Male,60 to 64,NonHispanic,1126590
2021,Black,Male,65 to 69,NonHispanic,858035
2021,Black,Male,70 to 74,NonHispanic,611454
2021,Black,Male,75 to 79,NonHispanic,342811
2021,Black,Male,80 to 84,NonHispanic,198322
2021,Black,Male,85 years and over,NonHispanic,147453
2021,Black,Male,Under 5,NonHispanic,1346993
2021,Other,Female,10 to 14,Hispanic,245539
2021,Other,Female,15 to 19,Hispanic,214568
2021,Other,Female,20 to 24,Hispanic,188838
2021,Other,Female,25 to 29,Hispanic,178680
2021,Other,Female,30 to 34,Hispanic,167623
2021,Other,Female,35 to 39,Hispanic,156656
2021,Other,Female,40 to 44,Hispanic,147578
2021,Other,Female,45 to 49,Hispanic,124911
2021,Other,Female,5 to 9,Hispanic,260415
2021,Other,Female,50 to 54,Hispanic,107892
2021,Other,Female,55 to 59,Hispanic,93077
2021,Other,Female,60 to 64,Hispanic,74618
2021,Other,Female,65 to 69,Hispanic,53747
2021,Other,Female,70 to 74,Hispanic,36741
2021,Other,Female,75 to 79,Hispanic,22494
2021,Other,Female,80 to 84,Hispanic,13849
2021,Other,Female,85 years and over,Hispanic,12458
2021,Other,Female,Under 5,Hispanic,273717
2021,Other,Female,10 to 14,NonHispanic,1120285
2021,Other,Female,15 to 19,NonHispanic,1077269
2021,Other,Female,20 to 24,NonHispanic,1063511
2021,Other,Female,25 to 29,NonHispanic,1157877
2021,Other,Female,30 to 34,NonHispanic,1245221
2021,Other,Female,35 to 39,NonHispanic,1192076
2021,Other,Female,40 to 44,NonHispanic,1086264
2021,Other,Female,45 to 49,NonHispanic,1007359
2021,Other,Female,5 to 9,NonHispanic,1151479
2021,Other,Female,50 to 54,NonHispanic,921222
2021,Other,Female,55 to 59,NonHispanic,845320
2021,Other,Female,60 to 64,NonHispanic,776780
2021,Other,Female,65 to 69,NonHispanic,673118
2021,Other,Female,70 to 74,NonHispanic,537789
2021,Other,Female,75 to 79,NonHispanic,337705
2021,Other,Female,80 to 84,NonHispanic,221491
2021,Other,Female,85 years and over,NonHispanic,233018
2021,Other,Female,Under 5,NonHispanic,1082017
2021,Other,Male,10 to 14,Hispanic,256769
2021,Other,Male,15 to 19,Hispanic,223550
2021,Other,Male,20 to 24,Hispanic,195399
2021,Other,Male,25 to 29,Hispanic,183710
2021,Other,Male,30 to 34,Hispanic,181151
2021,Other,Male,35 to 39,Hispanic,173400
2021,Other,Male,40 to 44,Hispanic,159601
2021,Other,Male,45 to 49,Hispanic,131859
2021,Other,Male,5 to 9,Hispanic,270293
2021,Other,Male,50 to 54,Hispanic,113845
2021,Other,Male,55 to 59,Hispanic,94083
2021,Other,Male,60 to 64,Hispanic,73249
2021,Other,Male,65 to 69,Hispanic,49667
2021,Other,Male,70 to 74,Hispanic,31688
2021,Other,Male,75 to 79,Hispanic,17474
2021,Other,Male,80 to 84,Hispanic,9906
2021,Other,Male,85 years and over,Hispanic,7078
2021,Other,Male,Under 5,Hispanic,286068
2021,Other,Male,10 to 14,NonHispanic,1171805
2021,Other,Male,15 to 19,NonHispanic,1097522
2021,Other,Male,20 to 24,NonHispanic,1068495
2021,Other,Male,25 to 29,NonHispanic,1141343
2021,Other,Male,30 to 34,NonHispanic,1175727
2021,Other,Male,35 to 39,NonHispanic,1101970
2021,Other,Male,40 to 44,NonHispanic,971730
2021,Other,Male,45 to 49,NonHispanic,907321
2021,Other,Male,5 to 9,NonHispanic,1212147
2021,Other,Male,50 to 54,NonHispanic,828421
2021,Other,Male,55 to 59,NonHispanic,750646
2021,Other,Male,60 to 64,NonHispanic,669288
2021,Other,Male,65 to 69,NonHispanic,554861
2021,Other,Male,70 to 74,NonHispanic,431544
2021,Other,Male,75 to 79,NonHispanic,269780
2021,Other,Male,80 to 84,NonHispanic,170790
2021,Other,Male,85 years and over,NonHispanic,143580
2021,Other,Male,Under 5,NonHispanic,1141248
2021,White,Female,10 to 14,Hispanic,2340492
2021,White,Female,15 to 19,Hispanic,2275643
2021,White,Female,20 to 24,Hispanic,2113532
2021,White,Female,25 to 29,Hispanic,2080321
2021,White,Female,30 to 34,Hispanic,1977319
2021,White,Female,35 to 39,Hispanic,1929256
2021,White,Female,40 to 44,Hispanic,1867189
2021,White,Female,45 to 49,Hispanic,1743442
2021,White,Female,5 to 9,Hispanic,2134413
2021,White,Female,50 to 54,Hispanic,1564531
2021,White,Female,55 to 59,Hispanic,1373835
2021,White,Female,60 to 64,Hispanic,1124291
2021,White,Female,65 to 69,Hispanic,873937
2021,White,Female,70 to 74,Hispanic,653482
2021,White,Female,75 to 79,Hispanic,436977
2021,White,Female,80 to 84,Hispanic,293360
2021,White,Female,85 years and over,Hispanic,290548
2021,White,Female,Under 5,Hispanic,1985893
2021,White,Female,10 to 14,NonHispanic,5151203
2021,White,Female,15 to 19,NonHispanic,5395450
2021,White,Female,20 to 24,NonHispanic,5531435
2021,White,Female,25 to 29,NonHispanic,5820379
2021,White,Female,30 to 34,NonHispanic,6235094
2021,White,Female,35 to 39,NonHispanic,6151689
2021,White,Female,40 to 44,NonHispanic,5878199
2021,White,Female,45 to 49,NonHispanic,5619667
2021,White,Female,5 to 9,NonHispanic,4839125
2021,White,Female,50 to 54,NonHispanic,6436408
2021,White,Female,55 to 59,NonHispanic,7160233
2021,White,Female,60 to 64,NonHispanic,7541666
2021,White,Female,65 to 69,NonHispanic,6906871
2021,White,Female,70 to 74,NonHispanic,6052563
2021,White,Female,75 to 79,NonHispanic,4105015
2021,White,Female,80 to 84,NonHispanic,2736517
2021,White,Female,85 years and over,NonHispanic,2987362
2021,White,Female,Under 5,NonHispanic,4387828
2021,White,Male,10 to 14,Hispanic,2450171
2021,White,Male,15 to 19,Hispanic,2366752
2021,White,Male,20 to 24,Hispanic,2170046
2021,White,Male,25 to 29,Hispanic,2160924
2021,White,Male,30 to 34,Hispanic,2152707
2021,White,Male,35 to 39,Hispanic,2133569
2021,White,Male,40 to 44,Hispanic,2015763
2021,White,Male,45 to 49,Hispanic,1816496
2021,White,Male,5 to 9,Hispanic,2218481
2021,White,Male,50 to 54,Hispanic,1632709
2021,White,Male,55 to 59,Hispanic,1392053
2021,White,Male,60 to 64,Hispanic,1085590
2021,White,Male,65 to 69,Hispanic,780448
2021,White,Male,70 to 74,Hispanic,547243
2021,White,Male,75 to 79,Hispanic,329966
2021,White,Male,80 to 84,Hispanic,201762
2021,White,Male,85 years and over,Hispanic,165394
2021,White,Male,Under 5,Hispanic,2060340
2021,White,Male,10 to 14,NonHispanic,5452543
2021,White,Male,15 to 19,NonHispanic,5673637
2021,White,Male,20 to 24,NonHispanic,5661839
2021,White,Male,25 to 29,NonHispanic,5956953
2021,White,Male,30 to 34,NonHispanic,6305338
2021,White,Male,35 to 39,NonHispanic,6263030
2021,White,Male,40 to 44,NonHispanic,6006431
2021,White,Male,45 to 49,NonHispanic,5742088
2021,White,Male,5 to 9,NonHispanic,5104726
2021,White,Male,50 to 54,NonHispanic,6563250
2021,White,Male,55 to 59,NonHispanic,7102246
2021,White,Male,60 to 64,NonHispanic,7318784
2021,White,Male,65 to 69,NonHispanic,6456907
2021,White,Male,70 to 74,NonHispanic,5457688
2021,White,Male,75 to 79,NonHispanic,3487602
2021,White,Male,80 to 84,NonHispanic,2099621
2021,White,Male,85 years and over,NonHispanic,1733919
2021,White,Male,Under 5,NonHispanic,4625714
2022,Black,Female,10 to 14,Hispanic,157191
2022,Black,Female,15 to 19,Hispanic,142574
2022,Black,Female,20 to 24,Hispanic,126380
2022,Black,Female,25 to 29,Hispanic,119822
2022,Black,Female,30 to 34,Hispanic,129671
2022,Black,Female,35 to 39,Hispanic,120348
2022,Black,Female,40 to 44,Hispanic,115562
2022,Black,Female,45 to 49,Hispanic,98503
2022,Black,Female,5 to 9,Hispanic,168357
2022,Black,Female,50 to 54,Hispanic,84627
2022,Black,Female,55 to 59,Hispanic,73734
2022,Black,Female,60 to 64,Hispanic,59737
2022,Black,Female,65 to 69,Hispanic,45632
2022,Black,Female,70 to 74,Hispanic,32620
2022,Black,Female,75 to 79,Hispanic,21476
2022,Black,Female,80 to 84,Hispanic,13248
2022,Black,Female,85 years and over,Hispanic,12284
2022,Black,Female,Under 5,Hispanic,180277
2022,Black,Female,10 to 14,NonHispanic,1438610
2022,Black,Female,15 to 19,NonHispanic,1459637
2022,Black,Female,20 to 24,NonHispanic,1484106
2022,Black,Female,25 to 29,NonHispanic,1582268
2022,Black,Female,30 to 34,NonHispanic,1705376
2022,Black,Female,35 to 39,NonHispanic,1490659
2022,Black,Female,40 to 44,NonHispanic,1438021
2022,Black,Female,45 to 49,NonHispanic,1310285
2022,Black,Female,5 to 9,NonHispanic,1375760
2022,Black,Female,50 to 54,NonHispanic,1361819
2022,Black,Female,55 to 59,NonHispanic,1371079
2022,Black,Female,60 to 64,NonHispanic,1330176
2022,Black,Female,65 to 69,NonHispanic,1124974
2022,Black,Female,70 to 74,NonHispanic,860497
2022,Black,Female,75 to 79,NonHispanic,551916
2022,Black,Female,80 to 84,NonHispanic,346892
2022,Black,Female,85 years and over,NonHispanic,335044
2022,Black,Female,Under 5,NonHispanic,1306428
2022,Black,Male,10 to 14,Hispanic,162613
2022,Black,Male,15 to 19,Hispanic,148247
2022,Black,Male,20 to 24,Hispanic,130941
2022,Black,Male,25 to 29,Hispanic,124080
2022,Black,Male,30 to 34,Hispanic,129679
2022,Black,Male,35 to 39,Hispanic,115722
2022,Black,Male,40 to 44,Hispanic,106909
2022,Black,Male,45 to 49,Hispanic,86667
2022,Black,Male,5 to 9,Hispanic,173757
2022,Black,Male,50 to 54,Hispanic,75076
2022,Black,Male,55 to 59,Hispanic,65422
2022,Black,Male,60 to 64,Hispanic,52474
2022,Black,Male,65 to 69,Hispanic,38680
2022,Black,Male,70 to 74,Hispanic,25683
2022,Black,Male,75 to 79,Hispanic,15441
2022,Black,Male,80 to 84,Hispanic,8853
2022,Black,Male,85 years and over,Hispanic,6639
2022,Black,Male,Under 5,Hispanic,186236
2022,Black,Male,10 to 14,NonHispanic,1487073
2022,Black,Male,15 to 19,NonHispanic,1492138
2022,Black,Male,20 to 24,NonHispanic,1476785
2022,Black,Male,25 to 29,NonHispanic,1568416
2022,Black,Male,30 to 34,NonHispanic,1652003
2022,Black,Male,35 to 39,NonHispanic,1394073
2022,Black,Male,40 to 44,NonHispanic,1307090
2022,Black,Male,45 to 49,NonHispanic,1165881
2022,Black,Male,5 to 9,NonHispanic,1409889
2022,Black,Male,50 to 54,NonHispanic,1216097
2022,Black,Male,55 to 59,NonHispanic,1200723
2022,Black,Male,60 to 64,NonHispanic,1132652
2022,Black,Male,65 to 69,NonHispanic,891883
2022,Black,Male,70 to 74,NonHispanic,624680
2022,Black,Male,75 to 79,NonHispanic,372078
2022,Black,Male,80 to 84,NonHispanic,205213
2022,Black,Male,85 years and over,NonHispanic,152165
2022,Black,Male,Under 5,NonHispanic,1340807
2022,Other,Female,10 to 14,Hispanic,251669
2022,Other,Female,15 to 19,Hispanic,227570
2022,Other,Female,20 to 24,Hispanic,197362
2022,Other,Female,25 to 29,Hispanic,184657
2022,Other,Female,30 to 34,Hispanic,175596
2022,Other,Female,35 to 39,Hispanic,160185
2022,Other,Female,40 to 44,Hispanic,152435
2022,Other,Female,45 to 49,Hispanic,129655
2022,Other,Female,5 to 9,Hispanic,267633
2022,Other,Female,50 to 54,Hispanic,112251
2022,Other,Female,55 to 59,Hispanic,94944
2022,Other,Female,60 to 64,Hispanic,78546
2022,Other,Female,65 to 69,Hispanic,57688
2022,Other,Female,70 to 74,Hispanic,38918
2022,Other,Female,75 to 79,Hispanic,24687
2022,Other,Female,80 to 84,Hispanic,14668
2022,Other,Female,85 years and over,Hispanic,13154
2022,Other,Female,Under 5,Hispanic,282018
2022,Other,Female,10 to 14,NonHispanic,1133678
2022,Other,Female,15 to 19,NonHispanic,1112247
2022,Other,Female,20 to 24,NonHispanic,1099754
2022,Other,Female,25 to 29,NonHispanic,1184195
2022,Other,Female,30 to 34,NonHispanic,1289009
2022,Other,Female,35 to 39,NonHispanic,1223418
2022,Other,Female,40 to 44,NonHispanic,1128522
2022,Other,Female,45 to 49,NonHispanic,1024796
2022,Other,Female,5 to 9,NonHispanic,1170676
2022,Other,Female,50 to 54,NonHispanic,961035
2022,Other,Female,55 to 59,NonHispanic,854646
2022,Other,Female,60 to 64,NonHispanic,793481
2022,Other,Female,65 to 69,NonHispanic,699580
2022,Other,Female,70 to 74,NonHispanic,561210
2022,Other,Female,75 to 79,NonHispanic,371136
2022,Other,Female,80 to 84,NonHispanic,236319
2022,Other,Female,85 years and over,NonHispanic,247728
2022,Other,Female,Under 5,NonHispanic,1079819
2022,Other,Male,10 to 14,Hispanic,262918
2022,Other,Male,15 to 19,Hispanic,238550
2022,Other,Male,20 to 24,Hispanic,205206
2022,Other,Male,25 to 29,Hispanic,190389
2022,Other,Male,30 to 34,Hispanic,188348
2022,Other,Male,35 to 39,Hispanic,176442
2022,Other,Male,40 to 44,Hispanic,165440
2022,Other,Male,45 to 49,Hispanic,137059
2022,Other,Male,5 to 9,Hispanic,277495
2022,Other,Male,50 to 54,Hispanic,117689
2022,Other,Male,55 to 59,Hispanic,96534
2022,Other,Male,60 to 64,Hispanic,76447
2022,Other,Male,65 to 69,Hispanic,53717
2022,Other,Male,70 to 74,Hispanic,33336
2022,Other,Male,75 to 79,Hispanic,19603
2022,Other,Male,80 to 84,Hispanic,10405
2022,Other,Male,85 years and over,Hispanic,7559
2022,Other,Male,Under 5,Hispanic,295129
2022,Other,Male,10 to 14,NonHispanic,1188106
2022,Other,Male,15 to 19,NonHispanic,1139569
2022,Other,Male,20 to 24,NonHispanic,1105629
2022,Other,Male,25 to 29,NonHispanic,1161343
2022,Other,Male,30 to 34,NonHispanic,1221868
2022,Other,Male,35 to 39,NonHispanic,1135686
2022,Other,Male,40 to 44,NonHispanic,1017377
2022,Other,Male,45 to 49,NonHispanic,918020
2022,Other,Male,5 to 9,NonHispanic,1233823
2022,Other,Male,50 to 54,NonHispanic,862888
2022,Other,Male,55 to 59,NonHispanic,756752
2022,Other,Male,60 to 64,NonHispanic,685918
2022,Other,Male,65 to 69,NonHispanic,579371
2022,Other,Male,70 to 74,NonHispanic,446822
2022,Other,Male,75 to 79,NonHispanic,296336
2022,Other,Male,80 to 84,NonHispanic,181798
2022,Other,Male,85 years and over,NonHispanic,155871
2022,Other,Male,Under 5,NonHispanic,1136054
2022,White,Female,10 to 14,Hispanic,2304207
2022,White,Female,15 to 19,Hispanic,2346526
2022,White,Female,20 to 24,Hispanic,2171923
2022,White,Female,25 to 29,Hispanic,2106268
2022,White,Female,30 to 34,Hispanic,2043459
2022,White,Female,35 to 39,Hispanic,1941903
2022,White,Female,40 to 44,Hispanic,1906172
2022,White,Female,45 to 49,Hispanic,1774057
2022,White,Female,5 to 9,Hispanic,2143103
2022,White,Female,50 to 54,Hispanic,1615301
2022,White,Female,55 to 59,Hispanic,1405769
2022,White,Female,60 to 64,Hispanic,1171746
2022,White,Female,65 to 69,Hispanic,919163
2022,White,Female,70 to 74,Hispanic,679269
2022,White,Female,75 to 79,Hispanic,472252
2022,White,Female,80 to 84,Hispanic,306076
2022,White,Female,85 years and over,Hispanic,301261
2022,White,Female,Under 5,Hispanic,2002832
2022,White,Female,10 to 14,NonHispanic,5052785
2022,White,Female,15 to 19,NonHispanic,5395427
2022,White,Female,20 to 24,NonHispanic,5517287
2022,White,Female,25 to 29,NonHispanic,5728810
2022,White,Female,30 to 34,NonHispanic,6243758
2022,White,Female,35 to 39,NonHispanic,6145741
2022,White,Female,40 to 44,NonHispanic,5975333
2022,White,Female,45 to 49,NonHispanic,5533809
2022,White,Female,5 to 9,NonHispanic,4798850
2022,White,Female,50 to 54,NonHispanic,6331044
2022,White,Female,55 to 59,NonHispanic,6889913
2022,White,Female,60 to 64,NonHispanic,7487847
2022,White,Female,65 to 69,NonHispanic,6998083
2022,White,Female,70 to 74,NonHispanic,5986733
2022,White,Female,75 to 79,NonHispanic,4493119
2022,White,Female,80 to 84,NonHispanic,2835820
2022,White,Female,85 years and over,NonHispanic,2957496
2022,White,Female,Under 5,NonHispanic,4298096
2022,White,Male,10 to 14,Hispanic,2410215
2022,White,Male,15 to 19,Hispanic,2447366
2022,White,Male,20 to 24,Hispanic,2232758
2022,White,Male,25 to 29,Hispanic,2177013
2022,White,Male,30 to 34,Hispanic,2199188
2022,White,Male,35 to 39,Hispanic,2150422
2022,White,Male,40 to 44,Hispanic,2066763
2022,White,Male,45 to 49,Hispanic,1850987
2022,White,Male,5 to 9,Hispanic,2227160
2022,White,Male,50 to 54,Hispanic,1677655
2022,White,Male,55 to 59,Hispanic,1427031
2022,White,Male,60 to 64,Hispanic,1137336
2022,White,Male,65 to 69,Hispanic,826007
2022,White,Male,70 to 74,Hispanic,569087
2022,White,Male,75 to 79,Hispanic,361467
2022,White,Male,80 to 84,Hispanic,210760
2022,White,Male,85 years and over,Hispanic,173205
2022,White,Male,Under 5,Hispanic,2076404
2022,White,Male,10 to 14,NonHispanic,5347190
2022,White,Male,15 to 19,NonHispanic,5678902
2022,White,Male,20 to 24,NonHispanic,5665956
2022,White,Male,25 to 29,NonHispanic,5870639
2022,White,Male,30 to 34,NonHispanic,6314130
2022,White,Male,35 to 39,NonHispanic,6248560
2022,White,Male,40 to 44,NonHispanic,6102566
2022,White,Male,45 to 49,NonHispanic,5644034
2022,White,Male,5 to 9,NonHispanic,5062314
2022,White,Male,50 to 54,NonHispanic,6459806
2022,White,Male,55 to 59,NonHispanic,6839201
2022,White,Male,60 to 64,NonHispanic,7259443
2022,White,Male,65 to 69,NonHispanic,6544672
2022,White,Male,70 to 74,NonHispanic,5366405
2022,White,Male,75 to 79,NonHispanic,3846181
2022,White,Male,80 to 84,NonHispanic,2180336
2022,White,Male,85 years and over,NonHispanic,1741841
2022,White,Male,Under 5,NonHispanic,4526854
2023,Black,Female,10 to 14,Hispanic,161031
2023,Black,Female,15 to 19,Hispanic,151097
2023,Black,Female,20 to 24,Hispanic,132648
2023,Black,Female,25 to 29,Hispanic,123799
2023,Black,Female,30 to 34,Hispanic,132875
2023,Black,Female,35 to 39,Hispanic,123607
2023,Black,Female,40 to 44,Hispanic,119777
2023,Black,Female,45 to 49,Hispanic,103519
2023,Black,Female,5 to 9,Hispanic,172722
2023,Black,Female,50 to 54,Hispanic,87980
2023,Black,Female,55 to 59,Hispanic,76243
2023,Black,Female,60 to 64,Hispanic,62681
2023,Black,Female,65 to 69,Hispanic,48534
2023,Black,Female,70 to 74,Hispanic,34635
2023,Black,Female,75 to 79,Hispanic,22951
2023,Black,Female,80 to 84,Hispanic,14216
2023,Black,Female,85 years and over,Hispanic,13152
2023,Black,Female,Under 5,Hispanic,187807
2023,Black,Female,10 to 14,NonHispanic,1418219
2023,Black,Female,15 to 19,NonHispanic,1487850
2023,Black,Female,20 to 24,NonHispanic,1483995
2023,Black,Female,25 to 29,NonHispanic,1557953
2023,Black,Female,30 to 34,NonHispanic,1744314
2023,Black,Female,35 to 39,NonHispanic,1523802
2023,Black,Female,40 to 44,NonHispanic,1462633
2023,Black,Female,45 to 49,NonHispanic,1319815
2023,Black,Female,5 to 9,NonHispanic,1379954
2023,Black,Female,50 to 54,NonHispanic,1359150
2023,Black,Female,55 to 59,NonHispanic,1350544
2023,Black,Female,60 to 64,NonHispanic,1340128
2023,Black,Female,65 to 69,NonHispanic,1159620
2023,Black,Female,70 to 74,NonHispanic,889340
2023,Black,Female,75 to 79,NonHispanic,588266
2023,Black,Female,80 to 84,NonHispanic,364887
2023,Black,Female,85 years and over,NonHispanic,345966
2023,Black,Female,Under 5,NonHispanic,1297457
2023,Black,Male,10 to 14,Hispanic,166426
2023,Black,Male,15 to 19,Hispanic,157196
2023,Black,Male,20 to 24,Hispanic,138418
2023,Black,Male,25 to 29,Hispanic,127756
2023,Black,Male,30 to 34,Hispanic,134810
2023,Black,Male,35 to 39,Hispanic,120621
2023,Black,Male,40 to 44,Hispanic,111604
2023,Black,Male,45 to 49,Hispanic,91966
2023,Black,Male,5 to 9,Hispanic,177781
2023,Black,Male,50 to 54,Hispanic,77306
2023,Black,Male,55 to 59,Hispanic,67789
2023,Black,Male,60 to 64,Hispanic,55092
2023,Black,Male,65 to 69,Hispanic,41343
2023,Black,Male,70 to 74,Hispanic,27401
2023,Black,Male,75 to 79,Hispanic,16842
2023,Black,Male,80 to 84,Hispanic,9496
2023,Black,Male,85 years and over,Hispanic,7160
2023,Black,Male,Under 5,Hispanic,194584
2023,Black,Male,10 to 14,NonHispanic,1465579
2023,Black,Male,15 to 19,NonHispanic,1524335
2023,Black,Male,20 to 24,NonHispanic,1475455
2023,Black,Male,25 to 29,NonHispanic,1538490
2023,Black,Male,30 to 34,NonHispanic,1702701
2023,Black,Male,35 to 39,NonHispanic,1433788
2023,Black,Male,40 to 44,NonHispanic,1335114
2023,Black,Male,45 to 49,NonHispanic,1175482
2023,Black,Male,5 to 9,NonHispanic,1412722
2023,Black,Male,50 to 54,NonHispanic,1208919
2023,Black,Male,55 to 59,NonHispanic,1180266
2023,Black,Male,60 to 64,NonHispanic,1138757
2023,Black,Male,65 to 69,NonHispanic,925613
2023,Black,Male,70 to 74,NonHispanic,645352
2023,Black,Male,75 to 79,NonHispanic,397829
2023,Black,Male,80 to 84,NonHispanic,216821
2023,Black,Male,85 years and over,NonHispanic,159553
2023,Black,Male,Under 5,NonHispanic,1333121
2023,Other,Female,10 to 14,Hispanic,259450
2023,Other,Female,15 to 19,Hispanic,243060
2023,Other,Female,20 to 24,Hispanic,211354
2023,Other,Female,25 to 29,Hispanic,195731
2023,Other,Female,30 to 34,Hispanic,187147
2023,Other,Female,35 to 39,Hispanic,166964
2023,Other,Female,40 to 44,Hispanic,158645
2023,Other,Female,45 to 49,Hispanic,136027
2023,Other,Female,5 to 9,Hispanic,279653
2023,Other,Female,50 to 54,Hispanic,117068
2023,Other,Female,55 to 59,Hispanic,97397
2023,Other,Female,60 to 64,Hispanic,83024
2023,Other,Female,65 to 69,Hispanic,61680
2023,Other,Female,70 to 74,Hispanic,41493
2023,Other,Female,75 to 79,Hispanic,26894
2023,Other,Female,80 to 84,Hispanic,15878
2023,Other,Female,85 years and over,Hispanic,14224
2023,Other,Female,Under 5,Hispanic,293692
2023,Other,Female,10 to 14,NonHispanic,1150492
2023,Other,Female,15 to 19,NonHispanic,1147902
2023,Other,Female,20 to 24,NonHispanic,1147156
2023,Other,Female,25 to 29,NonHispanic,1224806
2023,Other,Female,30 to 34,NonHispanic,1334347
2023,Other,Female,35 to 39,NonHispanic,1267075
2023,Other,Female,40 to 44,NonHispanic,1178624
2023,Other,Female,45 to 49,NonHispanic,1047586
2023,Other,Female,5 to 9,NonHispanic,1182473
2023,Other,Female,50 to 54,NonHispanic,992718
2023,Other,Female,55 to 59,NonHispanic,867917
2023,Other,Female,60 to 64,NonHispanic,817546
2023,Other,Female,65 to 69,NonHispanic,727359
2023,Other,Female,70 to 74,NonHispanic,588224
2023,Other,Female,75 to 79,NonHispanic,406300
2023,Other,Female,80 to 84,NonHispanic,252039
2023,Other,Female,85 years and over,NonHispanic,265390
2023,Other,Female,Under 5,NonHispanic,1084314
2023,Other,Male,10 to 14,Hispanic,270739
2023,Other,Male,15 to 19,Hispanic,257824
2023,Other,Male,20 to 24,Hispanic,222217
2023,Other,Male,25 to 29,Hispanic,203191
2023,Other,Male,30 to 34,Hispanic,198586
2023,Other,Male,35 to 39,Hispanic,184248
2023,Other,Male,40 to 44,Hispanic,173615
2023,Other,Male,45 to 49,Hispanic,144049
2023,Other,Male,5 to 9,Hispanic,290519
2023,Other,Male,50 to 54,Hispanic,121473
2023,Other,Male,55 to 59,Hispanic,100049
2023,Other,Male,60 to 64,Hispanic,80359
2023,Other,Male,65 to 69,Hispanic,57430
2023,Other,Male,70 to 74,Hispanic,35814
2023,Other,Male,75 to 79,Hispanic,21687
2023,Other,Male,80 to 84,Hispanic,11166
2023,Other,Male,85 years and over,Hispanic,8200
2023,Other,Male,Under 5,Hispanic,305736
2023,Other,Male,10 to 14,NonHispanic,1207646
2023,Other,Male,15 to 19,NonHispanic,1182577
2023,Other,Male,20 to 24,NonHispanic,1157972
2023,Other,Male,25 to 29,NonHispanic,1193789
2023,Other,Male,30 to 34,NonHispanic,1268443
2023,Other,Male,35 to 39,NonHispanic,1183294
2023,Other,Male,40 to 44,NonHispanic,1071713
2023,Other,Male,45 to 49,NonHispanic,936106
2023,Other,Male,5 to 9,NonHispanic,1245586
2023,Other,Male,50 to 54,NonHispanic,891890
2023,Other,Male,55 to 59,NonHispanic,765382
2023,Other,Male,60 to 64,NonHispanic,708770
2023,Other,Male,65 to 69,NonHispanic,604924
2023,Other,Male,70 to 74,NonHispanic,467504
2023,Other,Male,75 to 79,NonHispanic,322283
2023,Other,Male,80 to 84,NonHispanic,194246
2023,Other,Male,85 years and over,NonHispanic,170634
2023,Other,Male,Under 5,NonHispanic,1138692
2023,White,Female,10 to 14,Hispanic,2270928
2023,White,Female,15 to 19,Hispanic,2414334
2023,White,Female,20 to 24,Hispanic,2245801
2023,White,Female,25 to 29,Hispanic,2151398
2023,White,Female,30 to 34,Hispanic,2115951
2023,White,Female,35 to 39,Hispanic,1971825
2023,White,Female,40 to 44,Hispanic,1952237
2023,White,Female,45 to 49,Hispanic,1810222
2023,White,Female,5 to 9,Hispanic,2153096
2023,White,Female,50 to 54,Hispanic,1664032
2023,White,Female,55 to 59,Hispanic,1443407
2023,White,Female,60 to 64,Hispanic,1224589
2023,White,Female,65 to 69,Hispanic,964212
2023,White,Female,70 to 74,Hispanic,713962
2023,White,Female,75 to 79,Hispanic,504128
2023,White,Female,80 to 84,Hispanic,323979
2023,White,Female,85 years and over,Hispanic,317252
2023,White,Female,Under 5,Hispanic,2036180
2023,White,Female,10 to 14,NonHispanic,4960262
2023,White,Female,15 to 19,NonHispanic,5391958
2023,White,Female,20 to 24,NonHispanic,5515503
2023,White,Female,25 to 29,NonHispanic,5673721
2023,White,Female,30 to 34,NonHispanic,6214430
2023,White,Female,35 to 39,NonHispanic,6156875
2023,White,Female,40 to 44,NonHispanic,6065475
2023,White,Female,45 to 49,NonHispanic,5553639
2023,White,Female,5 to 9,NonHispanic,4745015
2023,White,Female,50 to 54,NonHispanic,6184962
2023,White,Female,55 to 59,NonHispanic,6630899
2023,White,Female,60 to 64,NonHispanic,7404173
2023,White,Female,65 to 69,NonHispanic,7081380
2023,White,Female,70 to 74,NonHispanic,6063494
2023,White,Female,75 to 79,NonHispanic,4672643
2023,White,Female,80 to 84,NonHispanic,3012829
2023,White,Female,85 years and over,NonHispanic,2978309
2023,White,Female,Under 5,NonHispanic,4214259
2023,White,Male,10 to 14,Hispanic,2368065
2023,White,Male,15 to 19,Hispanic,2529006
2023,White,Male,20 to 24,Hispanic,2313622
2023,White,Male,25 to 29,Hispanic,2219248
2023,White,Male,30 to 34,Hispanic,2255919
2023,White,Male,35 to 39,Hispanic,2184008
2023,White,Male,40 to 44,Hispanic,2122726
2023,White,Male,45 to 49,Hispanic,1900356
2023,White,Male,5 to 9,Hispanic,2237974
2023,White,Male,50 to 54,Hispanic,1719002
2023,White,Male,55 to 59,Hispanic,1471478
2023,White,Male,60 to 64,Hispanic,1193256
2023,White,Male,65 to 69,Hispanic,873757
2023,White,Male,70 to 74,Hispanic,599458
2023,White,Male,75 to 79,Hispanic,391057
2023,White,Male,80 to 84,Hispanic,223863
2023,White,Male,85 years and over,Hispanic,184762
2023,White,Male,Under 5,Hispanic,2111088
2023,White,Male,10 to 14,NonHispanic,5244824
2023,White,Male,15 to 19,NonHispanic,5670986
2023,White,Male,20 to 24,NonHispanic,5679162
2023,White,Male,25 to 29,NonHispanic,5817556
2023,White,Male,30 to 34,NonHispanic,6303806
2023,White,Male,35 to 39,NonHispanic,6243709
2023,White,Male,40 to 44,NonHispanic,6191018
2023,White,Male,45 to 49,NonHispanic,5661225
2023,White,Male,5 to 9,NonHispanic,5006558
2023,White,Male,50 to 54,NonHispanic,6304090
2023,White,Male,55 to 59,NonHispanic,6601067
2023,White,Male,60 to 64,NonHispanic,7177060
2023,White,Male,65 to 69,NonHispanic,6635274
2023,White,Male,70 to 74,NonHispanic,5428953
2023,White,Male,75 to 79,NonHispanic,4009224
2023,White,Male,80 to 84,NonHispanic,2335874
2023,White,Male,85 years and over,NonHispanic,1789951
2023,White,Male,Under 5,NonHispanic,4435467
2024,Black,Female,10 to 14,Hispanic,166968
2024,Black,Female,15 to 19,Hispanic,158296
2024,Black,Female,20 to 24,Hispanic,139947
2024,Black,Female,25 to 29,Hispanic,129334
2024,Black,Female,30 to 34,Hispanic,136407
2024,Black,Female,35 to 39,Hispanic,129204
2024,Black,Female,40 to 44,Hispanic,122481
2024,Black,Female,45 to 49,Hispanic,109551
2024,Black,Female,5 to 9,Hispanic,177352
2024,Black,Female,50 to 54,Hispanic,91708
2024,Black,Female,55 to 59,Hispanic,78401
2024,Black,Female,60 to 64,Hispanic,66203
2024,Black,Female,65 to 69,Hispanic,51574
2024,Black,Female,70 to 74,Hispanic,36807
2024,Black,Female,75 to 79,Hispanic,24947
2024,Black,Female,80 to 84,Hispanic,14992
2024,Black,Female,85 years and over,Hispanic,14075
2024,Black,Female,Under 5,Hispanic,194208
2024,Black,Female,10 to 14,NonHispanic,1412252
2024,Black,Female,15 to 19,NonHispanic,1505019
2024,Black,Female,20 to 24,NonHispanic,1489699
2024,Black,Female,25 to 29,NonHispanic,1544109
2024,Black,Female,30 to 34,NonHispanic,1759596
2024,Black,Female,35 to 39,NonHispanic,1582826
2024,Black,Female,40 to 44,NonHispanic,1476208
2024,Black,Female,45 to 49,NonHispanic,1349304
2024,Black,Female,5 to 9,NonHispanic,1378951
2024,Black,Female,50 to 54,NonHispanic,1352530
2024,Black,Female,55 to 59,NonHispanic,1327777
2024,Black,Female,60 to 64,NonHispanic,1346229
2024,Black,Female,65 to 69,NonHispanic,1190245
2024,Black,Female,70 to 74,NonHispanic,923532
2024,Black,Female,75 to 79,NonHispanic,631481
2024,Black,Female,80 to 84,NonHispanic,382013
2024,Black,Female,85 years and over,NonHispanic,358104
2024,Black,Female,Under 5,NonHispanic,1291851
2024,Black,Male,10 to 14,Hispanic,172712
2024,Black,Male,15 to 19,Hispanic,165155
2024,Black,Male,20 to 24,Hispanic,146597
2024,Black,Male,25 to 29,Hispanic,133604
2024,Black,Male,30 to 34,Hispanic,139403
2024,Black,Male,35 to 39,Hispanic,127196
2024,Black,Male,40 to 44,Hispanic,116164
2024,Black,Male,45 to 49,Hispanic,97969
2024,Black,Male,5 to 9,Hispanic,182132
2024,Black,Male,50 to 54,Hispanic,80228
2024,Black,Male,55 to 59,Hispanic,69559
2024,Black,Male,60 to 64,Hispanic,58281
2024,Black,Male,65 to 69,Hispanic,43862
2024,Black,Male,70 to 74,Hispanic,29649
2024,Black,Male,75 to 79,Hispanic,18270
2024,Black,Male,80 to 84,Hispanic,10140
2024,Black,Male,85 years and over,Hispanic,7839
2024,Black,Male,Under 5,Hispanic,201703
2024,Black,Male,10 to 14,NonHispanic,1459267
2024,Black,Male,15 to 19,NonHispanic,1544450
2024,Black,Male,20 to 24,NonHispanic,1481781
2024,Black,Male,25 to 29,NonHispanic,1521124
2024,Black,Male,30 to 34,NonHispanic,1727128
2024,Black,Male,35 to 39,NonHispanic,1500069
2024,Black,Male,40 to 44,NonHispanic,1353524
2024,Black,Male,45 to 49,NonHispanic,1204554
2024,Black,Male,5 to 9,NonHispanic,1408942
2024,Black,Male,50 to 54,NonHispanic,1197596
2024,Black,Male,55 to 59,NonHispanic,1159111
2024,Black,Male,60 to 64,NonHispanic,1142475
2024,Black,Male,65 to 69,NonHispanic,955474
2024,Black,Male,70 to 74,NonHispanic,671493
2024,Black,Male,75 to 79,NonHispanic,426817
2024,Black,Male,80 to 84,NonHispanic,228100
2024,Black,Male,85 years and over,NonHispanic,167755
2024,Black,Male,Under 5,NonHispanic,1329615
2024,Other,Female,10 to 14,Hispanic,270244
2024,Other,Female,15 to 19,Hispanic,257349
2024,Other,Female,20 to 24,Hispanic,227272
2024,Other,Female,25 to 29,Hispanic,209539
2024,Other,Female,30 to 34,Hispanic,200716
2024,Other,Female,35 to 39,Hispanic,176412
2024,Other,Female,40 to 44,Hispanic,165007
2024,Other,Female,45 to 49,Hispanic,143421
2024,Other,Female,5 to 9,Hispanic,292594
2024,Other,Female,50 to 54,Hispanic,121541
2024,Other,Female,55 to 59,Hispanic,101000
2024,Other,Female,60 to 64,Hispanic,87234
2024,Other,Female,65 to 69,Hispanic,65703
2024,Other,Female,70 to 74,Hispanic,44897
2024,Other,Female,75 to 79,Hispanic,29240
2024,Other,Female,80 to 84,Hispanic,17278
2024,Other,Female,85 years and over,Hispanic,15342
2024,Other,Female,Under 5,Hispanic,304471
2024,Other,Female,10 to 14,NonHispanic,1176749
2024,Other,Female,15 to 19,NonHispanic,1175207
2024,Other,Female,20 to 24,NonHispanic,1208154
2024,Other,Female,25 to 29,NonHispanic,1278842
2024,Other,Female,30 to 34,NonHispanic,1382246
2024,Other,Female,35 to 39,NonHispanic,1329853
2024,Other,Female,40 to 44,NonHispanic,1228488
2024,Other,Female,45 to 49,NonHispanic,1081598
2024,Other,Female,5 to 9,NonHispanic,1193535
2024,Other,Female,50 to 54,NonHispanic,1020291
2024,Other,Female,55 to 59,NonHispanic,890289
2024,Other,Female,60 to 64,NonHispanic,844228
2024,Other,Female,65 to 69,NonHispanic,752301
2024,Other,Female,70 to 74,NonHispanic,616402
2024,Other,Female,75 to 79,NonHispanic,444121
2024,Other,Female,80 to 84,NonHispanic,271155
2024,Other,Female,85 years and over,NonHispanic,285242
2024,Other,Female,Under 5,NonHispanic,1093331
2024,Other,Male,10 to 14,Hispanic,281482
2024,Other,Male,15 to 19,Hispanic,275678
2024,Other,Male,20 to 24,Hispanic,242818
2024,Other,Male,25 to 29,Hispanic,219324
2024,Other,Male,30 to 34,Hispanic,211267
2024,Other,Male,35 to 39,Hispanic,194631
2024,Other,Male,40 to 44,Hispanic,182201
2024,Other,Male,45 to 49,Hispanic,152314
2024,Other,Male,5 to 9,Hispanic,304067
2024,Other,Male,50 to 54,Hispanic,125653
2024,Other,Male,55 to 59,Hispanic,103598
2024,Other,Male,60 to 64,Hispanic,84543
2024,Other,Male,65 to 69,Hispanic,61586
2024,Other,Male,70 to 74,Hispanic,38426
2024,Other,Male,75 to 79,Hispanic,23974
2024,Other,Male,80 to 84,Hispanic,12034
2024,Other,Male,85 years and over,Hispanic,8972
2024,Other,Male,Under 5,Hispanic,315559
2024,Other,Male,10 to 14,NonHispanic,1237146
2024,Other,Male,15 to 19,NonHispanic,1216245
2024,Other,Male,20 to 24,NonHispanic,1221775
2024,Other,Male,25 to 29,NonHispanic,1240262
2024,Other,Male,30 to 34,NonHispanic,1316031
2024,Other,Male,35 to 39,NonHispanic,1247423
2024,Other,Male,40 to 44,NonHispanic,1126803
2024,Other,Male,45 to 49,NonHispanic,966056
2024,Other,Male,5 to 9,NonHispanic,1255317
2024,Other,Male,50 to 54,NonHispanic,915986
2024,Other,Male,55 to 59,NonHispanic,785474
2024,Other,Male,60 to 64,NonHispanic,732492
2024,Other,Male,65 to 69,NonHispanic,627299
2024,Other,Male,70 to 74,NonHispanic,490824
2024,Other,Male,75 to 79,NonHispanic,349841
2024,Other,Male,80 to 84,NonHispanic,208304
2024,Other,Male,85 years and over,NonHispanic,186781
2024,Other,Male,Under 5,NonHispanic,1147628
2024,White,Female,10 to 14,Hispanic,2260277
2024,White,Female,15 to 19,Hispanic,2461727
2024,White,Female,20 to 24,Hispanic,2327485
2024,White,Female,25 to 29,Hispanic,2213571
2024,White,Female,30 to 34,Hispanic,2195179
2024,White,Female,35 to 39,Hispanic,2020065
2024,White,Female,40 to 44,Hispanic,1996932
2024,White,Female,45 to 49,Hispanic,1849324
2024,White,Female,5 to 9,Hispanic,2164575
2024,White,Female,50 to 54,Hispanic,1713861
2024,White,Female,55 to 59,Hispanic,1480175
2024,White,Female,60 to 64,Hispanic,1280244
2024,White,Female,65 to 69,Hispanic,1010657
2024,White,Female,70 to 74,Hispanic,755127
2024,White,Female,75 to 79,Hispanic,538377
2024,White,Female,80 to 84,Hispanic,343040
2024,White,Female,85 years and over,Hispanic,335907
2024,White,Female,Under 5,Hispanic,2070837
2024,White,Female,10 to 14,NonHispanic,4913516
2024,White,Female,15 to 19,NonHispanic,5343719
2024,White,Female,20 to 24,NonHispanic,5522553
2024,White,Female,25 to 29,NonHispanic,5647567
2024,White,Female,30 to 34,NonHispanic,6159843
2024,White,Female,35 to 39,NonHispanic,6207006
2024,White,Female,40 to 44,NonHispanic,6114976
2024,White,Female,45 to 49,NonHispanic,5627193
2024,White,Female,5 to 9,NonHispanic,4671023
2024,White,Female,50 to 54,NonHispanic,5992285
2024,White,Female,55 to 59,NonHispanic,6429854
2024,White,Female,60 to 64,NonHispanic,7314551
2024,White,Female,65 to 69,NonHispanic,7121406
2024,White,Female,70 to 74,NonHispanic,6176642
2024,White,Female,75 to 79,NonHispanic,4889292
2024,White,Female,80 to 84,NonHispanic,3136946
2024,White,Female,85 years and over,NonHispanic,3012460
2024,White,Female,Under 5,NonHispanic,4143573
2024,White,Male,10 to 14,Hispanic,2355716
2024,White,Male,15 to 19,Hispanic,2585920
2024,White,Male,20 to 24,Hispanic,2407145
2024,White,Male,25 to 29,Hispanic,2281696
2024,White,Male,30 to 34,Hispanic,2324577
2024,White,Male,35 to 39,Hispanic,2232640
2024,White,Male,40 to 44,Hispanic,2177654
2024,White,Male,45 to 49,Hispanic,1952280
2024,White,Male,5 to 9,Hispanic,2246223
2024,White,Male,50 to 54,Hispanic,1762611
2024,White,Male,55 to 59,Hispanic,1514284
2024,White,Male,60 to 64,Hispanic,1250650
2024,White,Male,65 to 69,Hispanic,924788
2024,White,Male,70 to 74,Hispanic,636980
2024,White,Male,75 to 79,Hispanic,421657
2024,White,Male,80 to 84,Hispanic,238428
2024,White,Male,85 years and over,Hispanic,197936
2024,White,Male,Under 5,Hispanic,2147863
2024,White,Male,10 to 14,NonHispanic,5194825
2024,White,Male,15 to 19,NonHispanic,5618646
2024,White,Male,20 to 24,NonHispanic,5695991
2024,White,Male,25 to 29,NonHispanic,5792276
2024,White,Male,30 to 34,NonHispanic,6265501
2024,White,Male,35 to 39,NonHispanic,6285698
2024,White,Male,40 to 44,NonHispanic,6236582
2024,White,Male,45 to 49,NonHispanic,5733608
2024,White,Male,5 to 9,NonHispanic,4922961
2024,White,Male,50 to 54,NonHispanic,6102249
2024,White,Male,55 to 59,NonHispanic,6417895
2024,White,Male,60 to 64,NonHispanic,7094241
2024,White,Male,65 to 69,NonHispanic,6684576
2024,White,Male,70 to 74,NonHispanic,5534712
2024,White,Male,75 to 79,NonHispanic,4195309
2024,White,Male,80 to 84,NonHispanic,2444057
2024,White,Male,85 years and over,NonHispanic,1844730
2024,White,Male,Under 5,NonHispanic,4358675
